"../../../Engine/Content/EditorResources/S_TriggerSphere.uasset" 0
"../../../Engine/Content/EditorResources/S_TriggerSphere.uexp" 1
"../../../Engine/Plugins/2D/Paper2D/Content/PlaceholderTextures/DummySpriteTexture.ubulk" 2
"../../../Engine/Plugins/2D/Paper2D/Content/PlaceholderTextures/DummySpriteTexture.uasset" 3
"../../../Engine/Plugins/2D/Paper2D/Content/PlaceholderTextures/DummySpriteTexture.uexp" 4
"../../../Engine/Plugins/2D/Paper2D/Content/DummySprite.uasset" 5
"../../../Engine/Plugins/2D/Paper2D/Content/DummySprite.uexp" 6
"../../../Engine/Plugins/2D/Paper2D/Content/DefaultPaperTerrainMaterial.uasset" 7
"../../../Engine/Plugins/2D/Paper2D/Content/DefaultPaperTerrainMaterial.uexp" 8
"../../../Engine/Plugins/Animation/ACLPlugin/Content/ACLAnimBoneCompressionSettings.uasset" 9
"../../../Engine/Plugins/Animation/ACLPlugin/Content/ACLAnimBoneCompressionSettings.uexp" 10
"../../../Engine/Plugins/Animation/ACLPlugin/Content/ACLAnimCurveCompressionSettings.uasset" 11
"../../../Engine/Plugins/Animation/ACLPlugin/Content/ACLAnimCurveCompressionSettings.uexp" 12
"../../../Engine/Content/Animation/DefaultRecorderBoneCompression.uasset" 13
"../../../Engine/Content/Animation/DefaultRecorderBoneCompression.uexp" 14
"../../../Engine/Content/Animation/DefaultVariableFrameStrippingSettings.uasset" 15
"../../../Engine/Content/Animation/DefaultVariableFrameStrippingSettings.uexp" 16
"../../../Engine/Content/EngineFonts/Faces/DroidSansFallback.uexp" 17
"../../../Engine/Content/EngineFonts/Faces/DroidSansFallback.uasset" 18
"../../../Engine/Content/EngineFonts/Faces/DroidSansFallback.ufont" 19
"../../../Engine/Content/EngineFonts/Faces/RobotoBold.uexp" 20
"../../../Engine/Content/EngineFonts/Faces/RobotoBold.uasset" 21
"../../../Engine/Content/EngineFonts/Faces/RobotoBold.ufont" 22
"../../../Engine/Content/EngineFonts/Faces/RobotoBoldItalic.uexp" 23
"../../../Engine/Content/EngineFonts/Faces/RobotoBoldItalic.uasset" 24
"../../../Engine/Content/EngineFonts/Faces/RobotoBoldItalic.ufont" 25
"../../../Engine/Content/EngineFonts/Faces/RobotoItalic.uexp" 26
"../../../Engine/Content/EngineFonts/Faces/RobotoItalic.uasset" 27
"../../../Engine/Content/EngineFonts/Faces/RobotoItalic.ufont" 28
"../../../Engine/Content/EngineFonts/Faces/RobotoLight.uexp" 29
"../../../Engine/Content/EngineFonts/Faces/RobotoLight.uasset" 30
"../../../Engine/Content/EngineFonts/Faces/RobotoLight.ufont" 31
"../../../Engine/Content/EngineFonts/Faces/RobotoRegular.uexp" 32
"../../../Engine/Content/EngineFonts/Faces/RobotoRegular.uasset" 33
"../../../Engine/Content/EngineFonts/Faces/RobotoRegular.ufont" 34
"../../../Engine/Content/EngineFonts/Roboto.uasset" 35
"../../../Engine/Content/EngineFonts/Roboto.uexp" 36
"../../../Engine/Plugins/Animation/DeformerGraph/Content/DeformerFunctions/DG_Function_LinearBlendSkin_Morph_Cloth.uasset" 37
"../../../Engine/Plugins/Animation/DeformerGraph/Content/DeformerFunctions/DG_Function_LinearBlendSkin_Morph_Cloth.uexp" 38
"../../../Engine/Plugins/Animation/DeformerGraph/Content/Deformers/DG_LinearBlendSkin_Morph_Cloth.uasset" 39
"../../../Engine/Plugins/Animation/DeformerGraph/Content/Deformers/DG_LinearBlendSkin_Morph_Cloth.uexp" 40
"../../../Engine/Content/EngineMaterials/DefaultDestructiblePhysicalMaterial.uasset" 41
"../../../Engine/Content/EngineMaterials/DefaultDestructiblePhysicalMaterial.uexp" 42
"../../../Engine/Content/EngineMaterials/T_Default_Material_Grid_M.ubulk" 43
"../../../Engine/Content/EngineMaterials/T_Default_Material_Grid_M.uasset" 44
"../../../Engine/Content/EngineMaterials/T_Default_Material_Grid_M.uexp" 45
"../../../Engine/Content/EngineMaterials/T_Default_Material_Grid_N.ubulk" 46
"../../../Engine/Content/EngineMaterials/T_Default_Material_Grid_N.uasset" 47
"../../../Engine/Content/EngineMaterials/T_Default_Material_Grid_N.uexp" 48
"../../../Engine/Content/Functions/Engine_MaterialFunctions01/Opacity/CameraDepthFade.uasset" 49
"../../../Engine/Content/Functions/Engine_MaterialFunctions01/Opacity/CameraDepthFade.uexp" 50
"../../../Engine/Content/EngineMaterials/WorldGridMaterial.uasset" 51
"../../../Engine/Content/EngineMaterials/WorldGridMaterial.uexp" 52
"../../../Engine/Plugins/Animation/ControlRig/Content/Controls/ControlRig_HalfCircle_solid.ubulk" 53
"../../../Engine/Plugins/Animation/ControlRig/Content/Controls/ControlRig_HalfCircle_solid.uasset" 54
"../../../Engine/Plugins/Animation/ControlRig/Content/Controls/ControlRig_HalfCircle_solid.uexp" 55
"../../../Engine/Content/EngineMaterials/DefaultPhysicalMaterial.uasset" 56
"../../../Engine/Content/EngineMaterials/DefaultPhysicalMaterial.uexp" 57
"../../../Engine/Plugins/Animation/DeformerGraph/Content/DeformerFunctions/DG_Function_ComputeNormalsTangents.uasset" 58
"../../../Engine/Plugins/Animation/DeformerGraph/Content/DeformerFunctions/DG_Function_ComputeNormalsTangents.uexp" 59
"../../../Engine/Plugins/Animation/DeformerGraph/Content/DeformerFunctions/DG_Function_LinearBlendSkin_Morph_Cloth_PositionOnly.uasset" 60
"../../../Engine/Plugins/Animation/DeformerGraph/Content/DeformerFunctions/DG_Function_LinearBlendSkin_Morph_Cloth_PositionOnly.uexp" 61
"../../../Engine/Plugins/Animation/DeformerGraph/Content/Deformers/DG_LinearBlendSkin_Morph_Cloth_RecomputeNormals.uasset" 62
"../../../Engine/Plugins/Animation/DeformerGraph/Content/Deformers/DG_LinearBlendSkin_Morph_Cloth_RecomputeNormals.uexp" 63
"../../../Engine/Content/MobileResources/HUD/VirtualJoystick_Background.uasset" 64
"../../../Engine/Content/MobileResources/HUD/VirtualJoystick_Background.uexp" 65
"../../../Engine/Content/MobileResources/HUD/VirtualJoystick_Thumb.uasset" 66
"../../../Engine/Content/MobileResources/HUD/VirtualJoystick_Thumb.uexp" 67
"../../../Engine/Content/MobileResources/HUD/DefaultVirtualJoysticks.uasset" 68
"../../../Engine/Content/MobileResources/HUD/DefaultVirtualJoysticks.uexp" 69
"../../../Engine/Plugins/Animation/ControlRig/Content/Controls/DefaultGizmoLibraryNormalized.uasset" 70
"../../../Engine/Plugins/Animation/ControlRig/Content/Controls/DefaultGizmoLibraryNormalized.uexp" 71
"../../../Engine/Content/EngineMaterials/MiniFont.uasset" 72
"../../../Engine/Content/EngineMaterials/MiniFont.uexp" 73
"../../../Engine/Content/EditorLandscapeResources/SplineEditorMeshMat.uasset" 74
"../../../Engine/Content/EditorLandscapeResources/SplineEditorMeshMat.uexp" 75
"../../../Engine/Content/EditorLandscapeResources/SplineEditorMesh.ubulk" 76
"../../../Engine/Content/EditorLandscapeResources/SplineEditorMesh.uasset" 77
"../../../Engine/Content/EditorLandscapeResources/SplineEditorMesh.uexp" 78
"../../../Engine/Plugins/Animation/ControlRig/Content/Controls/ControlRig_Hexagon_1mm.ubulk" 79
"../../../Engine/Plugins/Animation/ControlRig/Content/Controls/ControlRig_Hexagon_1mm.uasset" 80
"../../../Engine/Plugins/Animation/ControlRig/Content/Controls/ControlRig_Hexagon_1mm.uexp" 81
"../../../Engine/Content/EngineResources/DefaultTexture.ubulk" 82
"../../../Engine/Content/EngineResources/DefaultTexture.uasset" 83
"../../../Engine/Content/EngineResources/DefaultTexture.uexp" 84
"../../../Engine/Content/EngineMaterials/InvalidLightmapSettings.ubulk" 85
"../../../Engine/Content/EngineMaterials/InvalidLightmapSettings.uasset" 86
"../../../Engine/Content/EngineMaterials/InvalidLightmapSettings.uexp" 87
"../../../Engine/Content/EngineMaterials/M_InvalidLightmapSettings.uasset" 88
"../../../Engine/Content/EngineMaterials/M_InvalidLightmapSettings.uexp" 89
"../../../Engine/Plugins/Animation/ControlRig/Content/Controls/ControlRig_Hexagon_3mm.ubulk" 90
"../../../Engine/Plugins/Animation/ControlRig/Content/Controls/ControlRig_Hexagon_3mm.uasset" 91
"../../../Engine/Plugins/Animation/ControlRig/Content/Controls/ControlRig_Hexagon_3mm.uexp" 92
"../../../Engine/Content/EngineMaterials/NaniteHiddenSectionMaterial.uasset" 93
"../../../Engine/Content/EngineMaterials/NaniteHiddenSectionMaterial.uexp" 94
"../../../Engine/Content/EngineResources/DefaultTextureCube.uasset" 95
"../../../Engine/Content/EngineResources/DefaultTextureCube.uexp" 96
"../../../Engine/Plugins/Animation/ControlRig/Content/Controls/ControlRig_Hexagon_solid.ubulk" 97
"../../../Engine/Plugins/Animation/ControlRig/Content/Controls/ControlRig_Hexagon_solid.uasset" 98
"../../../Engine/Plugins/Animation/ControlRig/Content/Controls/ControlRig_Hexagon_solid.uexp" 99
"../../../Engine/Plugins/Animation/ControlRig/Content/Controls/ControlRig_Octagon_1mm.ubulk" 100
"../../../Engine/Plugins/Animation/ControlRig/Content/Controls/ControlRig_Octagon_1mm.uasset" 101
"../../../Engine/Plugins/Animation/ControlRig/Content/Controls/ControlRig_Octagon_1mm.uexp" 102
"../../../Engine/Plugins/Animation/ControlRig/Content/Controls/ControlRig_Octagon_3mm.ubulk" 103
"../../../Engine/Plugins/Animation/ControlRig/Content/Controls/ControlRig_Octagon_3mm.uasset" 104
"../../../Engine/Plugins/Animation/ControlRig/Content/Controls/ControlRig_Octagon_3mm.uexp" 105
"../../../Engine/Content/EngineResources/DefaultVolumeTexture2D.uasset" 106
"../../../Engine/Content/EngineResources/DefaultVolumeTexture2D.uexp" 107
"../../../Engine/Content/EngineResources/DefaultVolumeTexture.uasset" 108
"../../../Engine/Content/EngineResources/DefaultVolumeTexture.uexp" 109
"../../../Engine/Plugins/Animation/ControlRig/Content/Controls/ControlRig_Octagon_solid.ubulk" 110
"../../../Engine/Plugins/Animation/ControlRig/Content/Controls/ControlRig_Octagon_solid.uasset" 111
"../../../Engine/Plugins/Animation/ControlRig/Content/Controls/ControlRig_Octagon_solid.uexp" 112
"../../../Engine/Content/Functions/Engine_MaterialFunctions02/WorldPositionOffset/CameraOffset.uasset" 113
"../../../Engine/Content/Functions/Engine_MaterialFunctions02/WorldPositionOffset/CameraOffset.uexp" 114
"../../../Engine/Content/EngineMaterials/PhAT_JointLimitMaterial.uasset" 115
"../../../Engine/Content/EngineMaterials/PhAT_JointLimitMaterial.uexp" 116
"../../../Engine/Plugins/Animation/ControlRig/Content/Controls/ControlRig_Pyramid_1mm.ubulk" 117
"../../../Engine/Plugins/Animation/ControlRig/Content/Controls/ControlRig_Pyramid_1mm.uasset" 118
"../../../Engine/Plugins/Animation/ControlRig/Content/Controls/ControlRig_Pyramid_1mm.uexp" 119
"../../../Engine/Content/EngineDamageTypes/DmgTypeBP_Environmental.uasset" 120
"../../../Engine/Content/EngineDamageTypes/DmgTypeBP_Environmental.uexp" 121
"../../../Engine/Content/EngineMaterials/DefaultCalibrationColor.uasset" 122
"../../../Engine/Content/EngineMaterials/DefaultCalibrationColor.uexp" 123
"../../../Engine/Content/EngineMaterials/PPM_DefaultCalibrationColor.uasset" 124
"../../../Engine/Content/EngineMaterials/PPM_DefaultCalibrationColor.uexp" 125
"../../../Engine/Plugins/Animation/ControlRig/Content/Controls/ControlRig_Pyramid_3mm.ubulk" 126
"../../../Engine/Plugins/Animation/ControlRig/Content/Controls/ControlRig_Pyramid_3mm.uasset" 127
"../../../Engine/Plugins/Animation/ControlRig/Content/Controls/ControlRig_Pyramid_3mm.uexp" 128
"../../../Engine/Content/EngineMaterials/DefaultCalibrationGrayscale.uasset" 129
"../../../Engine/Content/EngineMaterials/DefaultCalibrationGrayscale.uexp" 130
"../../../Engine/Content/EngineMaterials/PPM_DefaultCalibrationGrayscale.uasset" 131
"../../../Engine/Content/EngineMaterials/PPM_DefaultCalibrationGrayscale.uexp" 132
"../../../Engine/Plugins/Animation/ControlRig/Content/Controls/ControlRig_Pyramid_solid.ubulk" 133
"../../../Engine/Plugins/Animation/ControlRig/Content/Controls/ControlRig_Pyramid_solid.uasset" 134
"../../../Engine/Plugins/Animation/ControlRig/Content/Controls/ControlRig_Pyramid_solid.uexp" 135
"../../../Engine/Content/EngineResources/GradientTexture0.uasset" 136
"../../../Engine/Content/EngineResources/GradientTexture0.uexp" 137
"../../../Engine/Plugins/Animation/ControlRig/Content/Controls/ControlRig_QuarterCircle_1mm.ubulk" 138
"../../../Engine/Plugins/Animation/ControlRig/Content/Controls/ControlRig_QuarterCircle_1mm.uasset" 139
"../../../Engine/Plugins/Animation/ControlRig/Content/Controls/ControlRig_QuarterCircle_1mm.uexp" 140
"../../../Engine/Content/EngineMaterials/PreintegratedSkinBRDF.uasset" 141
"../../../Engine/Content/EngineMaterials/PreintegratedSkinBRDF.uexp" 142
"../../../Engine/Plugins/Animation/ControlRig/Content/Controls/ControlRig_QuarterCircle_3mm.ubulk" 143
"../../../Engine/Plugins/Animation/ControlRig/Content/Controls/ControlRig_QuarterCircle_3mm.uasset" 144
"../../../Engine/Plugins/Animation/ControlRig/Content/Controls/ControlRig_QuarterCircle_3mm.uexp" 145
"../../../Engine/Content/Functions/Engine_MaterialFunctions02/Utility/VectorLength.uasset" 146
"../../../Engine/Content/Functions/Engine_MaterialFunctions02/Utility/VectorLength.uexp" 147
"../../../Engine/Content/Functions/Engine_MaterialFunctions02/WorldPositionOffset/ObjectScale.uasset" 148
"../../../Engine/Content/Functions/Engine_MaterialFunctions02/WorldPositionOffset/ObjectScale.uexp" 149
"../../../Engine/Content/Functions/Engine_MaterialFunctions02/Utility/BreakOutFloat3Components.uasset" 150
"../../../Engine/Content/Functions/Engine_MaterialFunctions02/Utility/BreakOutFloat3Components.uexp" 151
"../../../Engine/Plugins/Editor/SpeedTreeImporter/Content/SpeedTree9/Empty.uasset" 152
"../../../Engine/Plugins/Editor/SpeedTreeImporter/Content/SpeedTree9/Empty.uexp" 153
"../../../Engine/Plugins/Editor/SpeedTreeImporter/Content/SpeedTree9/EmptyNormal.uasset" 154
"../../../Engine/Plugins/Editor/SpeedTreeImporter/Content/SpeedTree9/EmptyNormal.uexp" 155
"../../../Engine/Plugins/Editor/SpeedTreeImporter/Content/SpeedTree9/game_wind_noise.ubulk" 156
"../../../Engine/Plugins/Editor/SpeedTreeImporter/Content/SpeedTree9/game_wind_noise.uasset" 157
"../../../Engine/Plugins/Editor/SpeedTreeImporter/Content/SpeedTree9/game_wind_noise.uexp" 158
"../../../Engine/Plugins/Editor/SpeedTreeImporter/Content/SpeedTree9/SpeedTreeBillboard.uasset" 159
"../../../Engine/Plugins/Editor/SpeedTreeImporter/Content/SpeedTree9/SpeedTreeBillboard.uexp" 160
"../../../Engine/Content/Functions/Engine_MaterialFunctions02/SafeNormalize.uasset" 161
"../../../Engine/Content/Functions/Engine_MaterialFunctions02/SafeNormalize.uexp" 162
"../../../Engine/Plugins/Editor/SpeedTreeImporter/Content/SpeedTree9/SpeedTreeWindMotion.uasset" 163
"../../../Engine/Plugins/Editor/SpeedTreeImporter/Content/SpeedTree9/SpeedTreeWindMotion.uexp" 164
"../../../Engine/Plugins/Editor/SpeedTreeImporter/Content/SpeedTree9/UnpackDirection.uasset" 165
"../../../Engine/Plugins/Editor/SpeedTreeImporter/Content/SpeedTree9/UnpackDirection.uexp" 166
"../../../Engine/Plugins/Editor/SpeedTreeImporter/Content/SpeedTree9/UnpackInteger3.uasset" 167
"../../../Engine/Plugins/Editor/SpeedTreeImporter/Content/SpeedTree9/UnpackInteger3.uexp" 168
"../../../Engine/Plugins/Editor/SpeedTreeImporter/Content/SpeedTree9/SpeedTreeBranchMotion.uasset" 169
"../../../Engine/Plugins/Editor/SpeedTreeImporter/Content/SpeedTree9/SpeedTreeBranchMotion.uexp" 170
"../../../Engine/Content/Functions/Engine_MaterialFunctions02/ObjectLocalBounds.uasset" 171
"../../../Engine/Content/Functions/Engine_MaterialFunctions02/ObjectLocalBounds.uexp" 172
"../../../Engine/Content/Functions/Engine_MaterialFunctions02/UVs/BoundingBoxBased_0-1_UVW.uasset" 173
"../../../Engine/Content/Functions/Engine_MaterialFunctions02/UVs/BoundingBoxBased_0-1_UVW.uexp" 174
"../../../Engine/Plugins/Editor/SpeedTreeImporter/Content/SpeedTree9/SpeedTreeWind.uasset" 175
"../../../Engine/Plugins/Editor/SpeedTreeImporter/Content/SpeedTree9/SpeedTreeWind.uexp" 176
"../../../Engine/Plugins/Editor/SpeedTreeImporter/Content/SpeedTree9/SpeedTreeBillboardMaster.uasset" 177
"../../../Engine/Plugins/Editor/SpeedTreeImporter/Content/SpeedTree9/SpeedTreeBillboardMaster.uexp" 178
"../../../Engine/Plugins/Animation/ControlRig/Content/Controls/ControlRig_QuarterCircle_solid.ubulk" 179
"../../../Engine/Plugins/Animation/ControlRig/Content/Controls/ControlRig_QuarterCircle_solid.uasset" 180
"../../../Engine/Plugins/Animation/ControlRig/Content/Controls/ControlRig_QuarterCircle_solid.uexp" 181
"../../../Engine/Plugins/Editor/SpeedTreeImporter/Content/SpeedTree9/SpeedTreeCameraFacing.uasset" 182
"../../../Engine/Plugins/Editor/SpeedTreeImporter/Content/SpeedTree9/SpeedTreeCameraFacing.uexp" 183
"../../../Engine/Plugins/Editor/SpeedTreeImporter/Content/SpeedTree9/SpeedTreeMaster.uasset" 184
"../../../Engine/Plugins/Editor/SpeedTreeImporter/Content/SpeedTree9/SpeedTreeMaster.uexp" 185
"../../../Engine/Content/EngineResources/LandscapeVisibilityLayerInfo.uasset" 186
"../../../Engine/Content/EngineResources/LandscapeVisibilityLayerInfo.uexp" 187
"../../../Engine/Plugins/Animation/ControlRig/Content/Controls/ControlRig_RoundedSquare_1mm.ubulk" 188
"../../../Engine/Plugins/Animation/ControlRig/Content/Controls/ControlRig_RoundedSquare_1mm.uasset" 189
"../../../Engine/Plugins/Animation/ControlRig/Content/Controls/ControlRig_RoundedSquare_1mm.uexp" 190
"../../../Engine/Plugins/Media/MediaPlate/Content/SM_MediaPlateScreen.ubulk" 191
"../../../Engine/Plugins/Media/MediaPlate/Content/SM_MediaPlateScreen.uasset" 192
"../../../Engine/Plugins/Media/MediaPlate/Content/SM_MediaPlateScreen.uexp" 193
"../../../Engine/Plugins/Animation/ControlRig/Content/Controls/ControlRig_RoundedSquare_3mm.ubulk" 194
"../../../Engine/Plugins/Animation/ControlRig/Content/Controls/ControlRig_RoundedSquare_3mm.uasset" 195
"../../../Engine/Plugins/Animation/ControlRig/Content/Controls/ControlRig_RoundedSquare_3mm.uexp" 196
"../../../Engine/Content/EngineDebugMaterials/DebugEditorMaterial.uasset" 197
"../../../Engine/Content/EngineDebugMaterials/DebugEditorMaterial.uexp" 198
"../../../Engine/Content/EngineMaterials/RemoveSurfaceMaterial.uasset" 199
"../../../Engine/Content/EngineMaterials/RemoveSurfaceMaterial.uexp" 200
"../../../Engine/Content/EngineDebugMaterials/DebugMeshMaterial.uasset" 201
"../../../Engine/Content/EngineDebugMaterials/DebugMeshMaterial.uexp" 202
"../../../Engine/Plugins/NNE/NNEDenoiser/Content/NNEDIM_ColorAlbedoNormal_Alpha.uasset" 203
"../../../Engine/Plugins/NNE/NNEDenoiser/Content/NNEDIM_ColorAlbedoNormal_Alpha.uexp" 204
"../../../Engine/Plugins/Interchange/Assets/Content/Functions/MX_AbsorptionVDF.uasset" 205
"../../../Engine/Plugins/Interchange/Assets/Content/Functions/MX_AbsorptionVDF.uexp" 206
"../../../Engine/Plugins/NNE/NNEDenoiser/Content/NNEDIM_ColorAlbedoNormal_Default.uasset" 207
"../../../Engine/Plugins/NNE/NNEDenoiser/Content/NNEDIM_ColorAlbedoNormal_Default.uexp" 208
"../../../Engine/Plugins/Animation/ControlRig/Content/Controls/ControlRig_RoundedSquare_solid.ubulk" 209
"../../../Engine/Plugins/Animation/ControlRig/Content/Controls/ControlRig_RoundedSquare_solid.uasset" 210
"../../../Engine/Plugins/Animation/ControlRig/Content/Controls/ControlRig_RoundedSquare_solid.uexp" 211
"../../../Engine/Plugins/Animation/ControlRig/Content/Controls/ControlRig_RoundedTriangle_1mm.ubulk" 212
"../../../Engine/Plugins/Animation/ControlRig/Content/Controls/ControlRig_RoundedTriangle_1mm.uasset" 213
"../../../Engine/Plugins/Animation/ControlRig/Content/Controls/ControlRig_RoundedTriangle_1mm.uexp" 214
"../../../Engine/Plugins/NNE/NNEDenoiser/Content/NNEDIM_HighQuality_Alpha.uasset" 215
"../../../Engine/Plugins/NNE/NNEDenoiser/Content/NNEDIM_HighQuality_Alpha.uexp" 216
"../../../Engine/Plugins/NNE/NNEDenoiser/Content/NNEDIM_HighQuality_Default.uasset" 217
"../../../Engine/Plugins/NNE/NNEDenoiser/Content/NNEDIM_HighQuality_Default.uexp" 218
"../../../Engine/Plugins/NNE/NNEDenoiser/Content/NNEDOM_Output_Alpha.uasset" 219
"../../../Engine/Plugins/NNE/NNEDenoiser/Content/NNEDOM_Output_Alpha.uexp" 220
"../../../Engine/Plugins/NNE/NNEDenoiser/Content/NNEDOM_Output_Default.uasset" 221
"../../../Engine/Plugins/NNE/NNEDenoiser/Content/NNEDOM_Output_Default.uexp" 222
"../../../Engine/Plugins/NNE/NNEDenoiser/Content/NNEDTIM_ColorAlbedoNormal_Alpha.uasset" 223
"../../../Engine/Plugins/NNE/NNEDenoiser/Content/NNEDTIM_ColorAlbedoNormal_Alpha.uexp" 224
"../../../Engine/Plugins/NNE/NNEDenoiser/Content/NNEDTIM_ColorAlbedoNormal_Default.uasset" 225
"../../../Engine/Plugins/NNE/NNEDenoiser/Content/NNEDTIM_ColorAlbedoNormal_Default.uexp" 226
"../../../Engine/Content/EngineMaterials/SMAAAreaTex.uasset" 227
"../../../Engine/Content/EngineMaterials/SMAAAreaTex.uexp" 228
"../../../Engine/Plugins/NNE/NNEDenoiser/Content/NNEDTOM_Output_Alpha.uasset" 229
"../../../Engine/Plugins/NNE/NNEDenoiser/Content/NNEDTOM_Output_Alpha.uexp" 230
"../../../Engine/Plugins/Interchange/Assets/Content/Functions/MX_AnisotropicVDF.uasset" 231
"../../../Engine/Plugins/Interchange/Assets/Content/Functions/MX_AnisotropicVDF.uexp" 232
"../../../Engine/Plugins/NNE/NNEDenoiser/Content/NNEDTOM_Output_Default.uasset" 233
"../../../Engine/Plugins/NNE/NNEDenoiser/Content/NNEDTOM_Output_Default.uexp" 234
"../../../Engine/Plugins/Animation/ControlRig/Content/Controls/ControlRig_RoundedTriangle_3mm.ubulk" 235
"../../../Engine/Plugins/Animation/ControlRig/Content/Controls/ControlRig_RoundedTriangle_3mm.uasset" 236
"../../../Engine/Plugins/Animation/ControlRig/Content/Controls/ControlRig_RoundedTriangle_3mm.uexp" 237
"../../../Engine/Plugins/NNE/NNEDenoiser/Content/NNEDT_Oidn2-3_Balanced.uasset" 238
"../../../Engine/Plugins/NNE/NNEDenoiser/Content/NNEDT_Oidn2-3_Balanced.uexp" 239
"../../../Engine/Plugins/NNE/NNEDenoiser/Content/NNEDT_Oidn2-3_Balanced_Alpha.uasset" 240
"../../../Engine/Plugins/NNE/NNEDenoiser/Content/NNEDT_Oidn2-3_Balanced_Alpha.uexp" 241
"../../../Engine/Plugins/NNE/NNEDenoiser/Content/NNED_Oidn2-3_Balanced.uasset" 242
"../../../Engine/Plugins/NNE/NNEDenoiser/Content/NNED_Oidn2-3_Balanced.uexp" 243
"../../../Engine/Plugins/NNE/NNEDenoiser/Content/NNED_Oidn2-3_Balanced_Alpha.uasset" 244
"../../../Engine/Plugins/NNE/NNEDenoiser/Content/NNED_Oidn2-3_Balanced_Alpha.uexp" 245
"../../../Engine/Plugins/NNE/NNEDenoiser/Content/NNED_Oidn2-3_Fast.uasset" 246
"../../../Engine/Plugins/NNE/NNEDenoiser/Content/NNED_Oidn2-3_Fast.uexp" 247
"../../../Engine/Plugins/NNE/NNEDenoiser/Content/NNED_Oidn2-3_Fast_Alpha.uasset" 248
"../../../Engine/Plugins/NNE/NNEDenoiser/Content/NNED_Oidn2-3_Fast_Alpha.uexp" 249
"../../../Engine/Plugins/NNE/NNEDenoiser/Content/NNED_Oidn2-3_HighQuality.uasset" 250
"../../../Engine/Plugins/NNE/NNEDenoiser/Content/NNED_Oidn2-3_HighQuality.uexp" 251
"../../../Engine/Plugins/Interchange/Assets/Content/Functions/MX_BurleyDiffuseBSDF.uasset" 252
"../../../Engine/Plugins/Interchange/Assets/Content/Functions/MX_BurleyDiffuseBSDF.uexp" 253
"../../../Engine/Plugins/NNE/NNEDenoiser/Content/NNED_Oidn2-3_HighQuality_Alpha.uasset" 254
"../../../Engine/Plugins/NNE/NNEDenoiser/Content/NNED_Oidn2-3_HighQuality_Alpha.uexp" 255
"../../../Engine/Plugins/NNE/NNEDenoiser/Content/NNE_oidn2-3-0_rt_hdr_alb_nrm_small__dyn__fp16_opset11_DenoiseAlpha.uasset" 256
"../../../Engine/Plugins/NNE/NNEDenoiser/Content/NNE_oidn2-3-0_rt_hdr_alb_nrm_small__dyn__fp16_opset11_DenoiseAlpha.uexp" 257
"../../../Engine/Content/EngineMaterials/SMAASearchTex.uasset" 258
"../../../Engine/Content/EngineMaterials/SMAASearchTex.uexp" 259
"../../../Engine/Plugins/Animation/ControlRig/Content/Controls/ControlRig_RoundedTriangle_solid.ubulk" 260
"../../../Engine/Plugins/Animation/ControlRig/Content/Controls/ControlRig_RoundedTriangle_solid.uasset" 261
"../../../Engine/Plugins/Animation/ControlRig/Content/Controls/ControlRig_RoundedTriangle_solid.uexp" 262
"../../../Engine/Plugins/NNE/NNEDenoiser/Content/NNE_oidn2-3-0_rt_hdr_alb_nrm_small__dyn__fp16_opset11_ForwardAlpha.uasset" 263
"../../../Engine/Plugins/NNE/NNEDenoiser/Content/NNE_oidn2-3-0_rt_hdr_alb_nrm_small__dyn__fp16_opset11_ForwardAlpha.uexp" 264
"../../../Engine/Plugins/NNE/NNEDenoiser/Content/NNE_oidn2-3-0_rt_hdr_alb_nrm__dyn__fp16_opset11_DenoiseAlpha.uasset" 265
"../../../Engine/Plugins/NNE/NNEDenoiser/Content/NNE_oidn2-3-0_rt_hdr_alb_nrm__dyn__fp16_opset11_DenoiseAlpha.uexp" 266
"../../../Engine/Plugins/NNE/NNEDenoiser/Content/NNE_oidn2-3-0_rt_hdr_alb_nrm__dyn__fp16_opset11_ForwardAlpha.uasset" 267
"../../../Engine/Plugins/NNE/NNEDenoiser/Content/NNE_oidn2-3-0_rt_hdr_alb_nrm__dyn__fp16_opset11_ForwardAlpha.uexp" 268
"../../../Engine/Plugins/NNE/NNEDenoiser/Content/NNE_oidn2-3-0_rt_hdr_calb_cnrm_large__dyn__fp16_opset11_DenoiseAlpha.uasset" 269
"../../../Engine/Plugins/NNE/NNEDenoiser/Content/NNE_oidn2-3-0_rt_hdr_calb_cnrm_large__dyn__fp16_opset11_DenoiseAlpha.uexp" 270
"../../../Engine/Plugins/NNE/NNEDenoiser/Content/NNE_oidn2-3-0_rt_hdr_calb_cnrm_large__dyn__fp16_opset11_ForwardAlpha.uasset" 271
"../../../Engine/Plugins/NNE/NNEDenoiser/Content/NNE_oidn2-3-0_rt_hdr_calb_cnrm_large__dyn__fp16_opset11_ForwardAlpha.uexp" 272
"../../../Engine/Plugins/Animation/ControlRig/Content/Controls/ControlRig_Sphere_1mm.ubulk" 273
"../../../Engine/Plugins/Animation/ControlRig/Content/Controls/ControlRig_Sphere_1mm.uasset" 274
"../../../Engine/Plugins/Animation/ControlRig/Content/Controls/ControlRig_Sphere_1mm.uexp" 275
"../../../Engine/Plugins/Interchange/Assets/Content/Functions/MX_ChiangHairBSDF.uasset" 276
"../../../Engine/Plugins/Interchange/Assets/Content/Functions/MX_ChiangHairBSDF.uexp" 277
"../../../Engine/Plugins/Animation/ControlRig/Content/Controls/ControlRig_Sphere_3mm.ubulk" 278
"../../../Engine/Plugins/Animation/ControlRig/Content/Controls/ControlRig_Sphere_3mm.uasset" 279
"../../../Engine/Plugins/Animation/ControlRig/Content/Controls/ControlRig_Sphere_3mm.uexp" 280
"../../../Engine/Plugins/Animation/ControlRig/Content/Controls/ControlRig_Sphere_solid.ubulk" 281
"../../../Engine/Plugins/Animation/ControlRig/Content/Controls/ControlRig_Sphere_solid.uasset" 282
"../../../Engine/Plugins/Animation/ControlRig/Content/Controls/ControlRig_Sphere_solid.uexp" 283
"../../../Engine/Plugins/Animation/ControlRig/Content/Controls/ControlRig_Square_1mm.ubulk" 284
"../../../Engine/Plugins/Animation/ControlRig/Content/Controls/ControlRig_Square_1mm.uasset" 285
"../../../Engine/Plugins/Animation/ControlRig/Content/Controls/ControlRig_Square_1mm.uexp" 286
"../../../Engine/Plugins/Interchange/Assets/Content/Functions/MX_ConductorBSDF.uasset" 287
"../../../Engine/Plugins/Interchange/Assets/Content/Functions/MX_ConductorBSDF.uexp" 288
"../../../Engine/Content/EngineMaterials/DefaultBloomKernel.uasset" 289
"../../../Engine/Content/EngineMaterials/DefaultBloomKernel.uexp" 290
"../../../Engine/Content/Functions/Engine_MaterialFunctions02/Utility/MakeFloat3.uasset" 291
"../../../Engine/Content/Functions/Engine_MaterialFunctions02/Utility/MakeFloat3.uexp" 292
"../../../Engine/Content/Functions/Engine_MaterialFunctions02/SplitComponents.uasset" 293
"../../../Engine/Content/Functions/Engine_MaterialFunctions02/SplitComponents.uexp" 294
"../../../Engine/Content/Functions/Engine_MaterialFunctions02/Math/Transform3x3Matrix.uasset" 295
"../../../Engine/Content/Functions/Engine_MaterialFunctions02/Math/Transform3x3Matrix.uexp" 296
"../../../Engine/Content/VREditor/SnapGrid/SnapGridMaterial.uasset" 297
"../../../Engine/Content/VREditor/SnapGrid/SnapGridMaterial.uexp" 298
"../../../Engine/Content/VREditor/SnapGrid/SnapGridPlaneMesh.ubulk" 299
"../../../Engine/Content/VREditor/SnapGrid/SnapGridPlaneMesh.uasset" 300
"../../../Engine/Content/VREditor/SnapGrid/SnapGridPlaneMesh.uexp" 301
"../../../Engine/Content/VREditor/LaserPointer/VR_LaserPower_01.ubulk" 302
"../../../Engine/Content/VREditor/LaserPointer/VR_LaserPower_01.uasset" 303
"../../../Engine/Content/VREditor/LaserPointer/VR_LaserPower_01.uexp" 304
"../../../Engine/Content/VREditor/TransformGizmo/TransformGizmoMaterial.uasset" 305
"../../../Engine/Content/VREditor/TransformGizmo/TransformGizmoMaterial.uexp" 306
"../../../Engine/Content/VREditor/TransformGizmo/TranslucentTransformGizmoMaterial.uasset" 307
"../../../Engine/Content/VREditor/TransformGizmo/TranslucentTransformGizmoMaterial.uexp" 308
"../../../Engine/Content/VREditor/TransformGizmo/PlaneTranslationHandle.ubulk" 309
"../../../Engine/Content/VREditor/TransformGizmo/PlaneTranslationHandle.uasset" 310
"../../../Engine/Content/VREditor/TransformGizmo/PlaneTranslationHandle.uexp" 311
"../../../Engine/Content/VREditor/TransformGizmo/RotationHandleFull.ubulk" 312
"../../../Engine/Content/VREditor/TransformGizmo/RotationHandleFull.uasset" 313
"../../../Engine/Content/VREditor/TransformGizmo/RotationHandleFull.uexp" 314
"../../../Engine/Content/VREditor/TransformGizmo/RotationHandleIndicator.ubulk" 315
"../../../Engine/Content/VREditor/TransformGizmo/RotationHandleIndicator.uasset" 316
"../../../Engine/Content/VREditor/TransformGizmo/RotationHandleIndicator.uexp" 317
"../../../Engine/Content/VREditor/TransformGizmo/RotationHandleQuarter.ubulk" 318
"../../../Engine/Content/VREditor/TransformGizmo/RotationHandleQuarter.uasset" 319
"../../../Engine/Content/VREditor/TransformGizmo/RotationHandleQuarter.uexp" 320
"../../../Engine/Content/VREditor/TransformGizmo/StartRotationHandleIndicator.ubulk" 321
"../../../Engine/Content/VREditor/TransformGizmo/StartRotationHandleIndicator.uasset" 322
"../../../Engine/Content/VREditor/TransformGizmo/StartRotationHandleIndicator.uexp" 323
"../../../Engine/Content/VREditor/TransformGizmo/TranslucentTransformGizmoMaterial_Inst.uasset" 324
"../../../Engine/Content/VREditor/TransformGizmo/TranslucentTransformGizmoMaterial_Inst.uexp" 325
"../../../Engine/Content/VREditor/TransformGizmo/TransformGizmoFreeRotation.ubulk" 326
"../../../Engine/Content/VREditor/TransformGizmo/TransformGizmoFreeRotation.uasset" 327
"../../../Engine/Content/VREditor/TransformGizmo/TransformGizmoFreeRotation.uexp" 328
"../../../Engine/Content/VREditor/TransformGizmo/TransformGizmoMaterial_Inst.uasset" 329
"../../../Engine/Content/VREditor/TransformGizmo/TransformGizmoMaterial_Inst.uexp" 330
"../../../Engine/Content/VREditor/TransformGizmo/TranslateArrowHandle.ubulk" 331
"../../../Engine/Content/VREditor/TransformGizmo/TranslateArrowHandle.uasset" 332
"../../../Engine/Content/VREditor/TransformGizmo/TranslateArrowHandle.uexp" 333
"../../../Engine/Content/VREditor/TransformGizmo/UniformScaleHandle.ubulk" 334
"../../../Engine/Content/VREditor/TransformGizmo/UniformScaleHandle.uasset" 335
"../../../Engine/Content/VREditor/TransformGizmo/UniformScaleHandle.uexp" 336
"../../../Engine/Content/VREditor/Sounds/UI/Drop_Item_From_ContentBrowser.ubulk" 337
"../../../Engine/Content/VREditor/Sounds/UI/Drop_Item_From_ContentBrowser.uasset" 338
"../../../Engine/Content/VREditor/Sounds/UI/Drop_Item_From_ContentBrowser.uexp" 339
"../../../Engine/Content/VREditor/Sounds/UI/Gizmo_Handle_Clicked.ubulk" 340
"../../../Engine/Content/VREditor/Sounds/UI/Gizmo_Handle_Clicked.uasset" 341
"../../../Engine/Content/VREditor/Sounds/UI/Gizmo_Handle_Clicked.uexp" 342
"../../../Engine/Content/VREditor/Sounds/UI/Object_PickUp.ubulk" 343
"../../../Engine/Content/VREditor/Sounds/UI/Object_PickUp.uasset" 344
"../../../Engine/Content/VREditor/Sounds/UI/Object_PickUp.uexp" 345
"../../../Engine/Content/VREditor/Sounds/UI/Object_Snaps_To_Another_Actor.ubulk" 346
"../../../Engine/Content/VREditor/Sounds/UI/Object_Snaps_To_Another_Actor.uasset" 347
"../../../Engine/Content/VREditor/Sounds/UI/Object_Snaps_To_Another_Actor.uexp" 348
"../../../Engine/Content/VREditor/Sounds/UI/Object_Snaps_To_Grid.ubulk" 349
"../../../Engine/Content/VREditor/Sounds/UI/Object_Snaps_To_Grid.uasset" 350
"../../../Engine/Content/VREditor/Sounds/UI/Object_Snaps_To_Grid.uexp" 351
"../../../Engine/Content/VREditor/Sounds/UI/Scaling_Down.ubulk" 352
"../../../Engine/Content/VREditor/Sounds/UI/Scaling_Down.uasset" 353
"../../../Engine/Content/VREditor/Sounds/UI/Scaling_Down.uexp" 354
"../../../Engine/Content/VREditor/Sounds/UI/Scaling_Up.ubulk" 355
"../../../Engine/Content/VREditor/Sounds/UI/Scaling_Up.uasset" 356
"../../../Engine/Content/VREditor/Sounds/UI/Scaling_Up.uexp" 357
"../../../Engine/Content/VREditor/Sounds/UI/Selection_Changes.ubulk" 358
"../../../Engine/Content/VREditor/Sounds/UI/Selection_Changes.uasset" 359
"../../../Engine/Content/VREditor/Sounds/UI/Selection_Changes.uexp" 360
"../../../Engine/Plugins/Interchange/Assets/Content/Functions/MX_ConicalEDF.uasset" 361
"../../../Engine/Plugins/Interchange/Assets/Content/Functions/MX_ConicalEDF.uexp" 362
"../../../Engine/Content/EngineMaterials/DefaultBokeh.uasset" 363
"../../../Engine/Content/EngineMaterials/DefaultBokeh.uexp" 364
"../../../Engine/Plugins/Animation/ControlRig/Content/Controls/ControlRig_Square_3mm.ubulk" 365
"../../../Engine/Plugins/Animation/ControlRig/Content/Controls/ControlRig_Square_3mm.uasset" 366
"../../../Engine/Plugins/Animation/ControlRig/Content/Controls/ControlRig_Square_3mm.uexp" 367
"../../../Engine/Content/EditorResources/BSPVertex.uasset" 368
"../../../Engine/Content/EditorResources/BSPVertex.uexp" 369
"../../../Engine/Plugins/Interchange/Assets/Content/Functions/MX_DielectricBSDF.uasset" 370
"../../../Engine/Plugins/Interchange/Assets/Content/Functions/MX_DielectricBSDF.uexp" 371
"../../../Engine/Content/EngineDebugMaterials/M_SimpleUnlitTranslucent.uasset" 372
"../../../Engine/Content/EngineDebugMaterials/M_SimpleUnlitTranslucent.uexp" 373
"../../../Engine/Content/EditorLandscapeResources/DefaultAlphaTexture.uasset" 374
"../../../Engine/Content/EditorLandscapeResources/DefaultAlphaTexture.uexp" 375
"../../../Engine/Content/EditorLandscapeResources/ColorMaskBrushMaterial.uasset" 376
"../../../Engine/Content/EditorLandscapeResources/ColorMaskBrushMaterial.uexp" 377
"../../../Engine/Content/EditorLandscapeResources/ColorMaskBrushMaterial_MaskedRegion.uasset" 378
"../../../Engine/Content/EditorLandscapeResources/ColorMaskBrushMaterial_MaskedRegion.uexp" 379
"../../../Engine/Plugins/Interchange/Assets/Content/Functions/MX_Displacement.uasset" 380
"../../../Engine/Plugins/Interchange/Assets/Content/Functions/MX_Displacement.uexp" 381
"../../../Engine/Content/Functions/Engine_MaterialFunctions02/Utility/CameraDirectionVector.uasset" 382
"../../../Engine/Content/Functions/Engine_MaterialFunctions02/Utility/CameraDirectionVector.uexp" 383
"../../../Engine/Content/EngineDebugMaterials/VolumeToRender.uasset" 384
"../../../Engine/Content/EngineDebugMaterials/VolumeToRender.uexp" 385
"../../../Engine/Content/EngineDebugMaterials/M_VolumeRenderSphereTracePP.uasset" 386
"../../../Engine/Content/EngineDebugMaterials/M_VolumeRenderSphereTracePP.uexp" 387
"../../../Engine/Content/EngineMaterials/DefaultMaterial.uasset" 388
"../../../Engine/Content/EngineMaterials/DefaultMaterial.uexp" 389
"../../../Engine/Content/BasicShapes/Cone.ubulk" 390
"../../../Engine/Content/BasicShapes/Cone.uasset" 391
"../../../Engine/Content/BasicShapes/Cone.uexp" 392
"../../../Engine/Plugins/Animation/ControlRig/Content/Controls/ControlRigGizmoMaterial.uasset" 393
"../../../Engine/Plugins/Animation/ControlRig/Content/Controls/ControlRigGizmoMaterial.uexp" 394
"../../../Engine/Plugins/Interchange/Assets/Content/Functions/MX_GeneralizedSchlickBSDF.uasset" 395
"../../../Engine/Plugins/Interchange/Assets/Content/Functions/MX_GeneralizedSchlickBSDF.uexp" 396
"../../../Engine/Plugins/Animation/ControlRig/Content/Controls/ControlRigXRayMaterial.uasset" 397
"../../../Engine/Plugins/Animation/ControlRig/Content/Controls/ControlRigXRayMaterial.uexp" 398
"../../../Engine/Plugins/Animation/ControlRig/Content/Controls/ControlRig_Square_solid.ubulk" 399
"../../../Engine/Plugins/Animation/ControlRig/Content/Controls/ControlRig_Square_solid.uasset" 400
"../../../Engine/Plugins/Animation/ControlRig/Content/Controls/ControlRig_Square_solid.uexp" 401
"../../../Engine/Plugins/Animation/ControlRig/Content/Controls/ControlRig_Arrow2_1mm.ubulk" 402
"../../../Engine/Plugins/Animation/ControlRig/Content/Controls/ControlRig_Arrow2_1mm.uasset" 403
"../../../Engine/Plugins/Animation/ControlRig/Content/Controls/ControlRig_Arrow2_1mm.uexp" 404
"../../../Engine/Plugins/Animation/ControlRig/Content/Controls/ControlRig_Star4_1mm.ubulk" 405
"../../../Engine/Plugins/Animation/ControlRig/Content/Controls/ControlRig_Star4_1mm.uasset" 406
"../../../Engine/Plugins/Animation/ControlRig/Content/Controls/ControlRig_Star4_1mm.uexp" 407
"../../../Engine/Content/EditorMaterials/PhAT_NoCollisionMaterial.uasset" 408
"../../../Engine/Content/EditorMaterials/PhAT_NoCollisionMaterial.uexp" 409
"../../../Engine/Plugins/Animation/ControlRig/Content/Controls/ControlRig_Arrow2_3mm.ubulk" 410
"../../../Engine/Plugins/Animation/ControlRig/Content/Controls/ControlRig_Arrow2_3mm.uasset" 411
"../../../Engine/Plugins/Animation/ControlRig/Content/Controls/ControlRig_Arrow2_3mm.uexp" 412
"../../../Engine/Content/EditorMaterials/PhAT_UnselectedMaterial.uasset" 413
"../../../Engine/Content/EditorMaterials/PhAT_UnselectedMaterial.uexp" 414
"../../../Engine/Plugins/Interchange/Assets/Content/Functions/MX_MeasuredEDF.uasset" 415
"../../../Engine/Plugins/Interchange/Assets/Content/Functions/MX_MeasuredEDF.uexp" 416
"../../../Engine/Content/BasicShapes/Cylinder.ubulk" 417
"../../../Engine/Content/BasicShapes/Cylinder.uasset" 418
"../../../Engine/Content/BasicShapes/Cylinder.uexp" 419
"../../../Engine/Plugins/Animation/ControlRig/Content/Controls/ControlRig_Star4_3mm.ubulk" 420
"../../../Engine/Plugins/Animation/ControlRig/Content/Controls/ControlRig_Star4_3mm.uasset" 421
"../../../Engine/Plugins/Animation/ControlRig/Content/Controls/ControlRig_Star4_3mm.uexp" 422
"../../../Engine/Content/EditorMaterials/PreviewShadowIndicator.ubulk" 423
"../../../Engine/Content/EditorMaterials/PreviewShadowIndicator.uasset" 424
"../../../Engine/Content/EditorMaterials/PreviewShadowIndicator.uexp" 425
"../../../Engine/Content/EditorMaterials/PreviewShadowIndicatorMaterial.uasset" 426
"../../../Engine/Content/EditorMaterials/PreviewShadowIndicatorMaterial.uexp" 427
"../../../Engine/Content/EngineMaterials/DefaultDiffuse.ubulk" 428
"../../../Engine/Content/EngineMaterials/DefaultDiffuse.uasset" 429
"../../../Engine/Content/EngineMaterials/DefaultDiffuse.uexp" 430
"../../../Engine/Content/EngineMaterials/DefaultDeferredDecalMaterial.uasset" 431
"../../../Engine/Content/EngineMaterials/DefaultDeferredDecalMaterial.uexp" 432
"../../../Engine/Content/EditorLandscapeResources/LandscapeDirtyMaterial.uasset" 433
"../../../Engine/Content/EditorLandscapeResources/LandscapeDirtyMaterial.uexp" 434
"../../../Engine/Plugins/Animation/ControlRig/Content/Controls/ControlRig_Arrow2_solid.ubulk" 435
"../../../Engine/Plugins/Animation/ControlRig/Content/Controls/ControlRig_Arrow2_solid.uasset" 436
"../../../Engine/Plugins/Animation/ControlRig/Content/Controls/ControlRig_Arrow2_solid.uexp" 437
"../../../Engine/Plugins/Interchange/Assets/Content/Functions/MF_IridescenceNoLUT.uasset" 438
"../../../Engine/Plugins/Interchange/Assets/Content/Functions/MF_IridescenceNoLUT.uexp" 439
"../../../Engine/Plugins/Interchange/Assets/Content/Functions/MX_StandardSurface.uasset" 440
"../../../Engine/Plugins/Interchange/Assets/Content/Functions/MX_StandardSurface.uexp" 441
"../../../Engine/Plugins/Interchange/Assets/Content/Functions/MX_OpenPBR_Opaque.uasset" 442
"../../../Engine/Plugins/Interchange/Assets/Content/Functions/MX_OpenPBR_Opaque.uexp" 443
"../../../Engine/Plugins/Animation/ControlRig/Content/Controls/ControlRig_Star4_solid.ubulk" 444
"../../../Engine/Plugins/Animation/ControlRig/Content/Controls/ControlRig_Star4_solid.uasset" 445
"../../../Engine/Plugins/Animation/ControlRig/Content/Controls/ControlRig_Star4_solid.uexp" 446
"../../../Engine/Plugins/Interchange/Assets/Content/Functions/MX_TransmissionSurface.uasset" 447
"../../../Engine/Plugins/Interchange/Assets/Content/Functions/MX_TransmissionSurface.uexp" 448
"../../../Engine/Plugins/Interchange/Assets/Content/Functions/MX_OpenPBR_Translucent.uasset" 449
"../../../Engine/Plugins/Interchange/Assets/Content/Functions/MX_OpenPBR_Translucent.uexp" 450
"../../../Engine/Plugins/Animation/ControlRig/Content/Controls/ControlRig_Arrow4_1mm.ubulk" 451
"../../../Engine/Plugins/Animation/ControlRig/Content/Controls/ControlRig_Arrow4_1mm.uasset" 452
"../../../Engine/Plugins/Animation/ControlRig/Content/Controls/ControlRig_Arrow4_1mm.uexp" 453
"../../../Engine/Content/BasicShapes/Plane.ubulk" 454
"../../../Engine/Content/BasicShapes/Plane.uasset" 455
"../../../Engine/Content/BasicShapes/Plane.uexp" 456
"../../../Engine/Plugins/Animation/ControlRig/Content/Controls/ControlRig_Triangle_1mm.ubulk" 457
"../../../Engine/Plugins/Animation/ControlRig/Content/Controls/ControlRig_Triangle_1mm.uasset" 458
"../../../Engine/Plugins/Animation/ControlRig/Content/Controls/ControlRig_Triangle_1mm.uexp" 459
"../../../Engine/Plugins/Interchange/Assets/Content/Functions/MX_OrenNayarBSDF.uasset" 460
"../../../Engine/Plugins/Interchange/Assets/Content/Functions/MX_OrenNayarBSDF.uexp" 461
"../../../Engine/Plugins/Animation/ControlRig/Content/Controls/ControlRig_Arrow4_3mm.ubulk" 462
"../../../Engine/Plugins/Animation/ControlRig/Content/Controls/ControlRig_Arrow4_3mm.uasset" 463
"../../../Engine/Plugins/Animation/ControlRig/Content/Controls/ControlRig_Arrow4_3mm.uexp" 464
"../../../Engine/Content/BasicShapes/Sphere.ubulk" 465
"../../../Engine/Content/BasicShapes/Sphere.uasset" 466
"../../../Engine/Content/BasicShapes/Sphere.uexp" 467
"../../../Engine/Content/EngineMaterials/WeightMapPlaceholderTexture.uasset" 468
"../../../Engine/Content/EngineMaterials/WeightMapPlaceholderTexture.uexp" 469
"../../../Engine/Content/EngineMaterials/WeightMapArrayPlaceholderTexture.uasset" 470
"../../../Engine/Content/EngineMaterials/WeightMapArrayPlaceholderTexture.uexp" 471
"../../../Engine/Content/EditorResources/S_Actor.ubulk" 472
"../../../Engine/Content/EditorResources/S_Actor.uasset" 473
"../../../Engine/Content/EditorResources/S_Actor.uexp" 474
"../../../Engine/Plugins/Animation/ControlRig/Content/Controls/ControlRig_Triangle_3mm.ubulk" 475
"../../../Engine/Plugins/Animation/ControlRig/Content/Controls/ControlRig_Triangle_3mm.uasset" 476
"../../../Engine/Plugins/Animation/ControlRig/Content/Controls/ControlRig_Triangle_3mm.uexp" 477
"../../../Engine/Plugins/Animation/ControlRig/Content/Controls/ControlRig_Arrow4_solid.ubulk" 478
"../../../Engine/Plugins/Animation/ControlRig/Content/Controls/ControlRig_Arrow4_solid.uasset" 479
"../../../Engine/Plugins/Animation/ControlRig/Content/Controls/ControlRig_Arrow4_solid.uexp" 480
"../../../Engine/Plugins/Interchange/Runtime/Content/Pipelines/DefaultAssetsPipeline.uasset" 481
"../../../Engine/Plugins/Interchange/Runtime/Content/Pipelines/DefaultAssetsPipeline.uexp" 482
"../../../Engine/Plugins/Interchange/Runtime/Content/Pipelines/DefaultAudioPipeline.uasset" 483
"../../../Engine/Plugins/Interchange/Runtime/Content/Pipelines/DefaultAudioPipeline.uexp" 484
"../../../Engine/Plugins/Interchange/Runtime/Content/Pipelines/DefaultGLTFAssetsPipeline.uasset" 485
"../../../Engine/Plugins/Interchange/Runtime/Content/Pipelines/DefaultGLTFAssetsPipeline.uexp" 486
"../../../Engine/Plugins/Interchange/Runtime/Content/Pipelines/DefaultGLTFPipeline.uasset" 487
"../../../Engine/Plugins/Interchange/Runtime/Content/Pipelines/DefaultGLTFPipeline.uexp" 488
"../../../Engine/Content/EngineMaterials/DefaultLightFunctionMaterial.uasset" 489
"../../../Engine/Content/EngineMaterials/DefaultLightFunctionMaterial.uexp" 490
"../../../Engine/Plugins/Interchange/Runtime/Content/Pipelines/DefaultGLTFSceneAssetsPipeline.uasset" 491
"../../../Engine/Plugins/Interchange/Runtime/Content/Pipelines/DefaultGLTFSceneAssetsPipeline.uexp" 492
"../../../Engine/Content/Functions/Engine_MaterialFunctions01/Texturing/TextureCropping.uasset" 493
"../../../Engine/Content/Functions/Engine_MaterialFunctions01/Texturing/TextureCropping.uexp" 494
"../../../Engine/Content/Functions/Engine_MaterialFunctions02/ExampleContent/DebugNumberStrip.uasset" 495
"../../../Engine/Content/Functions/Engine_MaterialFunctions02/ExampleContent/DebugNumberStrip.uexp" 496
"../../../Engine/Content/Functions/Engine_MaterialFunctions01/Debug/DebugIntValues.uasset" 497
"../../../Engine/Content/Functions/Engine_MaterialFunctions01/Debug/DebugIntValues.uexp" 498
"../../../Engine/Content/Functions/Engine_MaterialFunctions02/Utility/BreakOutFloat2Components.uasset" 499
"../../../Engine/Content/Functions/Engine_MaterialFunctions02/Utility/BreakOutFloat2Components.uexp" 500
"../../../Engine/Content/Functions/Engine_MaterialFunctions01/Texturing/ScaleUVsByCenter.uasset" 501
"../../../Engine/Content/Functions/Engine_MaterialFunctions01/Texturing/ScaleUVsByCenter.uexp" 502
"../../../Engine/Content/Functions/Engine_MaterialFunctions02/WorldPositionOffset/LocalPosition.uasset" 503
"../../../Engine/Content/Functions/Engine_MaterialFunctions02/WorldPositionOffset/LocalPosition.uexp" 504
"../../../Engine/Content/EditorLandscapeResources/LandscapeLayerUsageMaterial.uasset" 505
"../../../Engine/Content/EditorLandscapeResources/LandscapeLayerUsageMaterial.uexp" 506
"../../../Engine/Plugins/Interchange/Runtime/Content/Pipelines/DefaultMaterialPipeline.uasset" 507
"../../../Engine/Plugins/Interchange/Runtime/Content/Pipelines/DefaultMaterialPipeline.uexp" 508
"../../../Engine/Plugins/Interchange/Runtime/Content/Pipelines/DefaultMaterialXPipeline.uasset" 509
"../../../Engine/Plugins/Interchange/Runtime/Content/Pipelines/DefaultMaterialXPipeline.uexp" 510
"../../../Engine/Plugins/Interchange/Runtime/Content/Pipelines/DefaultSceneAssetsPipeline.uasset" 511
"../../../Engine/Plugins/Interchange/Runtime/Content/Pipelines/DefaultSceneAssetsPipeline.uexp" 512
"../../../Engine/Plugins/Interchange/Runtime/Content/Pipelines/DefaultSceneLevelPipeline.uasset" 513
"../../../Engine/Plugins/Interchange/Runtime/Content/Pipelines/DefaultSceneLevelPipeline.uexp" 514
"../../../Engine/Plugins/Animation/ControlRig/Content/Controls/ControlRig_Arrow_1mm.ubulk" 515
"../../../Engine/Plugins/Animation/ControlRig/Content/Controls/ControlRig_Arrow_1mm.uasset" 516
"../../../Engine/Plugins/Animation/ControlRig/Content/Controls/ControlRig_Arrow_1mm.uexp" 517
"../../../Engine/Plugins/Animation/ControlRig/Content/Controls/ControlRig_Triangle_solid.ubulk" 518
"../../../Engine/Plugins/Animation/ControlRig/Content/Controls/ControlRig_Triangle_solid.uasset" 519
"../../../Engine/Plugins/Animation/ControlRig/Content/Controls/ControlRig_Triangle_solid.uexp" 520
"../../../Engine/Plugins/Interchange/Runtime/Content/Pipelines/DefaultTexturePipeline.uasset" 521
"../../../Engine/Plugins/Interchange/Runtime/Content/Pipelines/DefaultTexturePipeline.uexp" 522
"../../../Engine/Content/EditorResources/S_BoxReflectionCapture.uasset" 523
"../../../Engine/Content/EditorResources/S_BoxReflectionCapture.uexp" 524
"../../../Engine/Plugins/Animation/ControlRig/Content/Controls/ControlRig_Wedge_1mm.ubulk" 525
"../../../Engine/Plugins/Animation/ControlRig/Content/Controls/ControlRig_Wedge_1mm.uasset" 526
"../../../Engine/Plugins/Animation/ControlRig/Content/Controls/ControlRig_Wedge_1mm.uexp" 527
"../../../Engine/Content/EngineResources/WhiteSquareTexture.uasset" 528
"../../../Engine/Content/EngineResources/WhiteSquareTexture.uexp" 529
"../../../Engine/Content/EngineMaterials/Widget3DPassThrough.uasset" 530
"../../../Engine/Content/EngineMaterials/Widget3DPassThrough.uexp" 531
"../../../Engine/Content/EngineMaterials/Widget3DPassThrough_Masked.uasset" 532
"../../../Engine/Content/EngineMaterials/Widget3DPassThrough_Masked.uexp" 533
"../../../Engine/Plugins/Animation/ControlRig/Content/Controls/ControlRig_Arrow_3mm.ubulk" 534
"../../../Engine/Plugins/Animation/ControlRig/Content/Controls/ControlRig_Arrow_3mm.uasset" 535
"../../../Engine/Plugins/Animation/ControlRig/Content/Controls/ControlRig_Arrow_3mm.uexp" 536
"../../../Engine/Content/EngineMaterials/Widget3DPassThrough_Opaque.uasset" 537
"../../../Engine/Content/EngineMaterials/Widget3DPassThrough_Opaque.uexp" 538
"../../../Engine/Content/EngineMaterials/Widget3DPassThrough_Masked_OneSided.uasset" 539
"../../../Engine/Content/EngineMaterials/Widget3DPassThrough_Masked_OneSided.uexp" 540
"../../../Engine/Content/EngineMaterials/Widget3DPassThrough_Opaque_OneSided.uasset" 541
"../../../Engine/Content/EngineMaterials/Widget3DPassThrough_Opaque_OneSided.uexp" 542
"../../../Engine/Plugins/Animation/ControlRig/Content/Controls/ControlRig_Wedge_3mm.ubulk" 543
"../../../Engine/Plugins/Animation/ControlRig/Content/Controls/ControlRig_Wedge_3mm.uasset" 544
"../../../Engine/Plugins/Animation/ControlRig/Content/Controls/ControlRig_Wedge_3mm.uexp" 545
"../../../Engine/Plugins/Interchange/Assets/Content/Functions/MX_SheenBSDF.uasset" 546
"../../../Engine/Plugins/Interchange/Assets/Content/Functions/MX_SheenBSDF.uexp" 547
"../../../Engine/Plugins/Animation/ControlRig/Content/Controls/ControlRig_Arrow_solid.ubulk" 548
"../../../Engine/Plugins/Animation/ControlRig/Content/Controls/ControlRig_Arrow_solid.uasset" 549
"../../../Engine/Plugins/Animation/ControlRig/Content/Controls/ControlRig_Arrow_solid.uexp" 550
"../../../Engine/Content/EngineMaterials/Widget3DPassThrough_Translucent.uasset" 551
"../../../Engine/Content/EngineMaterials/Widget3DPassThrough_Translucent.uexp" 552
"../../../Engine/Content/EngineMaterials/Widget3DPassThrough_Translucent_OneSided.uasset" 553
"../../../Engine/Content/EngineMaterials/Widget3DPassThrough_Translucent_OneSided.uexp" 554
"../../../Engine/Plugins/Animation/ControlRig/Content/Controls/ControlRig_Wedge_solid.ubulk" 555
"../../../Engine/Plugins/Animation/ControlRig/Content/Controls/ControlRig_Wedge_solid.uasset" 556
"../../../Engine/Plugins/Animation/ControlRig/Content/Controls/ControlRig_Wedge_solid.uexp" 557
"../../../Engine/Content/EditorLandscapeResources/WhiteSquareTexture.uasset" 558
"../../../Engine/Content/EditorLandscapeResources/WhiteSquareTexture.uexp" 559
"../../../Engine/Content/EditorLandscapeResources/LayerVisMaterial.uasset" 560
"../../../Engine/Content/EditorLandscapeResources/LayerVisMaterial.uexp" 561
"../../../Engine/Plugins/Animation/ControlRig/Content/Controls/ControlRig_Box_1mm.ubulk" 562
"../../../Engine/Plugins/Animation/ControlRig/Content/Controls/ControlRig_Box_1mm.uasset" 563
"../../../Engine/Plugins/Animation/ControlRig/Content/Controls/ControlRig_Box_1mm.uexp" 564
"../../../Engine/Content/EngineMaterials/DefaultPostProcessMaterial.uasset" 565
"../../../Engine/Content/EngineMaterials/DefaultPostProcessMaterial.uexp" 566
"../../../Engine/Plugins/Animation/ControlRig/Content/Controls/ControlRig_Box_3mm.ubulk" 567
"../../../Engine/Plugins/Animation/ControlRig/Content/Controls/ControlRig_Box_3mm.uasset" 568
"../../../Engine/Plugins/Animation/ControlRig/Content/Controls/ControlRig_Box_3mm.uexp" 569
"../../../Engine/Content/Functions/Engine_MaterialFunctions03/Math/WithinRangeFloat2.uasset" 570
"../../../Engine/Content/Functions/Engine_MaterialFunctions03/Math/WithinRangeFloat2.uexp" 571
"../../../Engine/Content/EditorLandscapeResources/MaskBrushMaterial.uasset" 572
"../../../Engine/Content/EditorLandscapeResources/MaskBrushMaterial.uexp" 573
"../../../Engine/Content/EditorLandscapeResources/MaskBrushMaterial_MaskedRegion.uasset" 574
"../../../Engine/Content/EditorLandscapeResources/MaskBrushMaterial_MaskedRegion.uexp" 575
"../../../Engine/Content/EngineFonts/RobotoDistanceField.uasset" 576
"../../../Engine/Content/EngineFonts/RobotoDistanceField.uexp" 577
"../../../Engine/Content/EngineMaterials/DefaultTextMaterialOpaque.uasset" 578
"../../../Engine/Content/EngineMaterials/DefaultTextMaterialOpaque.uexp" 579
"../../../Engine/Plugins/Animation/ControlRig/Content/Controls/ControlRig_Box_solid.ubulk" 580
"../../../Engine/Plugins/Animation/ControlRig/Content/Controls/ControlRig_Box_solid.uasset" 581
"../../../Engine/Plugins/Animation/ControlRig/Content/Controls/ControlRig_Box_solid.uexp" 582
"../../../Engine/Plugins/Animation/ControlRig/Content/Controls/ControlRig_Circle_1mm.ubulk" 583
"../../../Engine/Plugins/Animation/ControlRig/Content/Controls/ControlRig_Circle_1mm.uasset" 584
"../../../Engine/Plugins/Animation/ControlRig/Content/Controls/ControlRig_Circle_1mm.uexp" 585
"../../../Engine/Plugins/Interchange/Assets/Content/Functions/MX_SubsurfaceBSDF.uasset" 586
"../../../Engine/Plugins/Interchange/Assets/Content/Functions/MX_SubsurfaceBSDF.uexp" 587
"../../../Engine/Plugins/Interchange/Assets/Content/Functions/MX_Surface.uasset" 588
"../../../Engine/Plugins/Interchange/Assets/Content/Functions/MX_Surface.uexp" 589
"../../../Engine/Content/EditorLandscapeResources/SelectBrushMaterial.uasset" 590
"../../../Engine/Content/EditorLandscapeResources/SelectBrushMaterial.uexp" 591
"../../../Engine/Content/EditorLandscapeResources/SelectBrushMaterial_Selected.uasset" 592
"../../../Engine/Content/EditorLandscapeResources/SelectBrushMaterial_Selected.uexp" 593
"../../../Engine/Plugins/Interchange/Assets/Content/Functions/MX_SurfaceUnlit.uasset" 594
"../../../Engine/Plugins/Interchange/Assets/Content/Functions/MX_SurfaceUnlit.uexp" 595
"../../../Engine/Plugins/Animation/ControlRig/Content/Controls/ControlRig_Circle_3mm.ubulk" 596
"../../../Engine/Plugins/Animation/ControlRig/Content/Controls/ControlRig_Circle_3mm.uasset" 597
"../../../Engine/Plugins/Animation/ControlRig/Content/Controls/ControlRig_Circle_3mm.uexp" 598
"../../../Engine/Content/EditorLandscapeResources/SelectBrushMaterial_SelectedRegion.uasset" 599
"../../../Engine/Content/EditorLandscapeResources/SelectBrushMaterial_SelectedRegion.uexp" 600
"../../../Engine/Content/EngineMaterials/DefaultWhiteGrid.ubulk" 601
"../../../Engine/Content/EngineMaterials/DefaultWhiteGrid.uasset" 602
"../../../Engine/Content/EngineMaterials/DefaultWhiteGrid.uexp" 603
"../../../Engine/Plugins/Animation/ControlRig/Content/Controls/ControlRig_Circle_solid.ubulk" 604
"../../../Engine/Plugins/Animation/ControlRig/Content/Controls/ControlRig_Circle_solid.uasset" 605
"../../../Engine/Plugins/Animation/ControlRig/Content/Controls/ControlRig_Circle_solid.uexp" 606
"../../../Engine/Plugins/Animation/ControlRig/Content/Controls/ControlRig_Diamond_1mm.ubulk" 607
"../../../Engine/Plugins/Animation/ControlRig/Content/Controls/ControlRig_Diamond_1mm.uasset" 608
"../../../Engine/Plugins/Animation/ControlRig/Content/Controls/ControlRig_Diamond_1mm.uexp" 609
"../../../Engine/Plugins/Interchange/Assets/Content/Functions/MX_TranslucentBSDF.uasset" 610
"../../../Engine/Plugins/Interchange/Assets/Content/Functions/MX_TranslucentBSDF.uexp" 611
"../../../Engine/Plugins/Animation/ControlRig/Content/Controls/ControlRig_Diamond_3mm.ubulk" 612
"../../../Engine/Plugins/Animation/ControlRig/Content/Controls/ControlRig_Diamond_3mm.uasset" 613
"../../../Engine/Plugins/Animation/ControlRig/Content/Controls/ControlRig_Diamond_3mm.uexp" 614
"../../../Engine/Plugins/Experimental/MeshModelingToolsetExp/Content/Materials/GetDisplacementVectorForDepthBias.uasset" 615
"../../../Engine/Plugins/Experimental/MeshModelingToolsetExp/Content/Materials/GetDisplacementVectorForDepthBias.uexp" 616
"../../../Engine/Content/Functions/Engine_MaterialFunctions03/Viewport/MF_OrthoWidth.uasset" 617
"../../../Engine/Content/Functions/Engine_MaterialFunctions03/Viewport/MF_OrthoWidth.uexp" 618
"../../../Engine/Content/Functions/Engine_MaterialFunctions02/Utility/FOV.uasset" 619
"../../../Engine/Content/Functions/Engine_MaterialFunctions02/Utility/FOV.uexp" 620
"../../../Engine/Content/Functions/Engine_MaterialFunctions02/WorldPositionOffset/V2/ObjectScale.uasset" 621
"../../../Engine/Content/Functions/Engine_MaterialFunctions02/WorldPositionOffset/V2/ObjectScale.uexp" 622
"../../../Engine/Plugins/Experimental/MeshModelingToolsetExp/Content/Materials/PointSetOverlaidComponentMaterial.uasset" 623
"../../../Engine/Plugins/Experimental/MeshModelingToolsetExp/Content/Materials/PointSetOverlaidComponentMaterial.uexp" 624
"../../../Engine/Content/EngineMaterials/DefaultWhiteGrid_Low.uasset" 625
"../../../Engine/Content/EngineMaterials/DefaultWhiteGrid_Low.uexp" 626
"../../../Engine/Content/EngineMaterials/EmissiveMeshMaterial.uasset" 627
"../../../Engine/Content/EngineMaterials/EmissiveMeshMaterial.uexp" 628
"../../../Engine/Plugins/Animation/ControlRig/Content/Controls/ControlRig_Diamond_solid.ubulk" 629
"../../../Engine/Plugins/Animation/ControlRig/Content/Controls/ControlRig_Diamond_solid.uasset" 630
"../../../Engine/Plugins/Animation/ControlRig/Content/Controls/ControlRig_Diamond_solid.uexp" 631
"../../../Engine/Plugins/Animation/ControlRig/Content/Controls/ControlRig_HalfCircle_1mm.ubulk" 632
"../../../Engine/Plugins/Animation/ControlRig/Content/Controls/ControlRig_HalfCircle_1mm.uasset" 633
"../../../Engine/Plugins/Animation/ControlRig/Content/Controls/ControlRig_HalfCircle_1mm.uexp" 634
"../../../Engine/Content/EditorMaterials/Camera/CineMat.uasset" 635
"../../../Engine/Content/EditorMaterials/Camera/CineMat.uexp" 636
"../../../Engine/Content/EditorMaterials/Camera/MI_CineMat_Rig.uasset" 637
"../../../Engine/Content/EditorMaterials/Camera/MI_CineMat_Rig.uexp" 638
"../../../Engine/Content/EditorMeshes/Camera/SM_CraneRig_Arm.ubulk" 639
"../../../Engine/Content/EditorMeshes/Camera/SM_CraneRig_Arm.uasset" 640
"../../../Engine/Content/EditorMeshes/Camera/SM_CraneRig_Arm.uexp" 641
"../../../Engine/Content/EngineMaterials/FastBlueNoise_scalar_128x128x64.uasset" 642
"../../../Engine/Content/EngineMaterials/FastBlueNoise_scalar_128x128x64.uexp" 643
"../../../Engine/Plugins/Animation/ControlRig/Content/Controls/ControlRig_HalfCircle_3mm.ubulk" 644
"../../../Engine/Plugins/Animation/ControlRig/Content/Controls/ControlRig_HalfCircle_3mm.uasset" 645
"../../../Engine/Plugins/Animation/ControlRig/Content/Controls/ControlRig_HalfCircle_3mm.uexp" 646
"../../../Engine/Plugins/Interchange/Assets/Content/Functions/MX_UniformEDF.uasset" 647
"../../../Engine/Plugins/Interchange/Assets/Content/Functions/MX_UniformEDF.uexp" 648
"../../../Engine/Plugins/Interchange/Assets/Content/Functions/MX_UsdPreviewSurface.uasset" 649
"../../../Engine/Plugins/Interchange/Assets/Content/Functions/MX_UsdPreviewSurface.uexp" 650
"../../../Engine/Content/EditorMeshes/Camera/SM_CraneRig_Base.ubulk" 651
"../../../Engine/Content/EditorMeshes/Camera/SM_CraneRig_Base.uasset" 652
"../../../Engine/Content/EditorMeshes/Camera/SM_CraneRig_Base.uexp" 653
"../../../Engine/Content/EditorMeshes/Camera/SM_CraneRig_Body.ubulk" 654
"../../../Engine/Content/EditorMeshes/Camera/SM_CraneRig_Body.uasset" 655
"../../../Engine/Content/EditorMeshes/Camera/SM_CraneRig_Body.uexp" 656
"../../../Engine/Content/EngineMaterials/FastBlueNoise_vec2_128x128x64.uasset" 657
"../../../Engine/Content/EngineMaterials/FastBlueNoise_vec2_128x128x64.uexp" 658
"../../../Engine/Content/EditorMeshes/Camera/SM_CraneRig_Mount.ubulk" 659
"../../../Engine/Content/EditorMeshes/Camera/SM_CraneRig_Mount.uasset" 660
"../../../Engine/Content/EditorMeshes/Camera/SM_CraneRig_Mount.uexp" 661
"../../../Engine/Content/EngineMaterials/BaseFlattenDiffuseMap.uasset" 662
"../../../Engine/Content/EngineMaterials/BaseFlattenDiffuseMap.uexp" 663
"../../../Engine/Content/EngineMaterials/BaseFlattenEmissiveMap.uasset" 664
"../../../Engine/Content/EngineMaterials/BaseFlattenEmissiveMap.uexp" 665
"../../../Engine/Content/EngineMaterials/BaseFlattenGrayscaleMap.uasset" 666
"../../../Engine/Content/EngineMaterials/BaseFlattenGrayscaleMap.uexp" 667
"../../../Engine/Content/EngineMaterials/BaseFlattenLinearColor.uasset" 668
"../../../Engine/Content/EngineMaterials/BaseFlattenLinearColor.uexp" 669
"../../../Engine/Content/EngineMaterials/BaseFlattenNormalMap.uasset" 670
"../../../Engine/Content/EngineMaterials/BaseFlattenNormalMap.uexp" 671
"../../../Engine/Content/Functions/Engine_MaterialFunctions02/PivotPainter2/Black_1x1_EXR_Texture.uasset" 672
"../../../Engine/Content/Functions/Engine_MaterialFunctions02/PivotPainter2/Black_1x1_EXR_Texture.uexp" 673
"../../../Engine/Content/EngineMaterials/FlattenMaterial.uasset" 674
"../../../Engine/Content/EngineMaterials/FlattenMaterial.uexp" 675
"../../../Engine/Content/EngineMeshes/Sphere.ubulk" 676
"../../../Engine/Content/EngineMeshes/Sphere.uasset" 677
"../../../Engine/Content/EngineMeshes/Sphere.uexp" 678
"../../../Engine/Content/EditorMaterials/Dataflow/DataflowTwoSidedVertexMaterial.uasset" 679
"../../../Engine/Content/EditorMaterials/Dataflow/DataflowTwoSidedVertexMaterial.uexp" 680
"../../../Engine/Content/EditorMeshes/Camera/SM_RailRig_Mount.ubulk" 681
"../../../Engine/Content/EditorMeshes/Camera/SM_RailRig_Mount.uasset" 682
"../../../Engine/Content/EditorMeshes/Camera/SM_RailRig_Mount.uexp" 683
"../../../Engine/Content/EngineMaterials/BaseFlattenDiffuseMap_VT.ubulk" 684
"../../../Engine/Content/EngineMaterials/BaseFlattenDiffuseMap_VT.uasset" 685
"../../../Engine/Content/EngineMaterials/BaseFlattenDiffuseMap_VT.uexp" 686
"../../../Engine/Content/EngineMaterials/BaseFlattenEmissiveMap_VT.ubulk" 687
"../../../Engine/Content/EngineMaterials/BaseFlattenEmissiveMap_VT.uasset" 688
"../../../Engine/Content/EngineMaterials/BaseFlattenEmissiveMap_VT.uexp" 689
"../../../Engine/Content/EngineMaterials/BaseFlattenGrayscaleMap_VT.ubulk" 690
"../../../Engine/Content/EngineMaterials/BaseFlattenGrayscaleMap_VT.uasset" 691
"../../../Engine/Content/EngineMaterials/BaseFlattenGrayscaleMap_VT.uexp" 692
"../../../Engine/Content/EngineMaterials/BaseFlattenLinearColor_VT.ubulk" 693
"../../../Engine/Content/EngineMaterials/BaseFlattenLinearColor_VT.uasset" 694
"../../../Engine/Content/EngineMaterials/BaseFlattenLinearColor_VT.uexp" 695
"../../../Engine/Content/EngineMaterials/BaseFlattenNormalMap_VT.ubulk" 696
"../../../Engine/Content/EngineMaterials/BaseFlattenNormalMap_VT.uasset" 697
"../../../Engine/Content/EngineMaterials/BaseFlattenNormalMap_VT.uexp" 698
"../../../Engine/Content/EngineMaterials/Black_1x1_EXR_Texture_VT.ubulk" 699
"../../../Engine/Content/EngineMaterials/Black_1x1_EXR_Texture_VT.uasset" 700
"../../../Engine/Content/EngineMaterials/Black_1x1_EXR_Texture_VT.uexp" 701
"../../../Engine/Content/EngineMaterials/FlattenMaterial_VT.uasset" 702
"../../../Engine/Content/EngineMaterials/FlattenMaterial_VT.uexp" 703
"../../../Engine/Content/EditorMeshes/Camera/SM_RailRig_Track.ubulk" 704
"../../../Engine/Content/EditorMeshes/Camera/SM_RailRig_Track.uasset" 705
"../../../Engine/Content/EditorMeshes/Camera/SM_RailRig_Track.uexp" 706
"../../../Engine/Content/EngineMaterials/FlattenMaterial_WS_Normal_VT.uasset" 707
"../../../Engine/Content/EngineMaterials/FlattenMaterial_WS_Normal_VT.uexp" 708
"../../../Engine/Content/EditorMaterials/Dataflow/DataflowVertexMaterial.uasset" 709
"../../../Engine/Content/EditorMaterials/Dataflow/DataflowVertexMaterial.uexp" 710
"../../../Engine/Content/EditorResources/S_Solver.ubulk" 711
"../../../Engine/Content/EditorResources/S_Solver.uasset" 712
"../../../Engine/Content/EditorResources/S_Solver.uexp" 713
"../../../Engine/Content/EngineMaterials/GizmoMaterial.uasset" 714
"../../../Engine/Content/EngineMaterials/GizmoMaterial.uexp" 715
"../../../Engine/Content/EditorResources/S_Terrain.ubulk" 716
"../../../Engine/Content/EditorResources/S_Terrain.uasset" 717
"../../../Engine/Content/EditorResources/S_Terrain.uexp" 718
"../../../Engine/Content/EditorResources/S_Trigger.ubulk" 719
"../../../Engine/Content/EditorResources/S_Trigger.uasset" 720
"../../../Engine/Content/EditorResources/S_Trigger.uexp" 721
"../../../Engine/Plugins/Interchange/Assets/Content/Substrate/MX_SimpleVolume.uasset" 722
"../../../Engine/Plugins/Interchange/Assets/Content/Substrate/MX_SimpleVolume.uexp" 723
"../../../Engine/Content/EditorResources/S_TriggerBox.uasset" 724
"../../../Engine/Content/EditorResources/S_TriggerBox.uexp" 725
"../../../Engine/Content/EditorResources/S_TriggerCapsule.uasset" 726
"../../../Engine/Content/EditorResources/S_TriggerCapsule.uexp" 727
"../../../Engine/Content/EngineResources/Black.uasset" 728
"../../../Engine/Content/EngineResources/Black.uexp" 729
"../../../Engine/Plugins/Runtime/AudioWidgets/Content/Resources/ScrubHandleDown_Clamped.uasset" 730
"../../../Engine/Plugins/Runtime/AudioWidgets/Content/Resources/ScrubHandleDown_Clamped.uexp" 731
"../../../Engine/Plugins/Runtime/HairStrands/Content/Materials/HairCardsDefaultMaterial.uasset" 732
"../../../Engine/Plugins/Runtime/HairStrands/Content/Materials/HairCardsDefaultMaterial.uexp" 733
"../../../Engine/Content/Functions/Engine_MaterialFunctions02/Utility/MakeFloat2.uasset" 734
"../../../Engine/Content/Functions/Engine_MaterialFunctions02/Utility/MakeFloat2.uexp" 735
"../../../Engine/Content/EngineMaterials/HairColorMap.uasset" 736
"../../../Engine/Content/EngineMaterials/HairColorMap.uexp" 737
"../../../Engine/Content/EngineMaterials/HairDebugColor.uasset" 738
"../../../Engine/Content/EngineMaterials/HairDebugColor.uexp" 739
"../../../Engine/Plugins/Runtime/HairStrands/Content/Materials/HairGroupColors.uasset" 740
"../../../Engine/Plugins/Runtime/HairStrands/Content/Materials/HairGroupColors.uexp" 741
"../../../Engine/Plugins/Runtime/HairStrands/Content/Materials/HairDebugMaterial.uasset" 742
"../../../Engine/Plugins/Runtime/HairStrands/Content/Materials/HairDebugMaterial.uexp" 743
"../../../Engine/Plugins/Runtime/HairStrands/Content/Materials/HairDefaultMaterial.uasset" 744
"../../../Engine/Plugins/Runtime/HairStrands/Content/Materials/HairDefaultMaterial.uexp" 745
"../../../Engine/Content/EngineMaterials/EnergyConservation/Diffuse_Energy.uasset" 746
"../../../Engine/Content/EngineMaterials/EnergyConservation/Diffuse_Energy.uexp" 747
"../../../Engine/Plugins/Runtime/HairStrands/Content/Materials/HairMeshesDefaultMaterial.uasset" 748
"../../../Engine/Plugins/Runtime/HairStrands/Content/Materials/HairMeshesDefaultMaterial.uexp" 749
"../../../Engine/Content/EngineMaterials/EnergyConservation/GGX_ReflectionEnergy.uasset" 750
"../../../Engine/Content/EngineMaterials/EnergyConservation/GGX_ReflectionEnergy.uexp" 751
"../../../Engine/Content/EngineMaterials/EnergyConservation/GGX_TransmissionEnergyArray.uasset" 752
"../../../Engine/Content/EngineMaterials/EnergyConservation/GGX_TransmissionEnergyArray.uexp" 753
"../../../Engine/Content/EngineMaterials/EnergyConservation/SheenLegacy_Energy.uasset" 754
"../../../Engine/Content/EngineMaterials/EnergyConservation/SheenLegacy_Energy.uexp" 755
"../../../Engine/Content/EngineMaterials/EnergyConservation/Sheen_Energy.uasset" 756
"../../../Engine/Content/EngineMaterials/EnergyConservation/Sheen_Energy.uexp" 757
"../../../Engine/Content/EngineMaterials/LTC/GGX_LTCAmp.uasset" 758
"../../../Engine/Content/EngineMaterials/LTC/GGX_LTCAmp.uexp" 759
"../../../Engine/Content/EngineMaterials/LTC/GGX_LTCMat.uasset" 760
"../../../Engine/Content/EngineMaterials/LTC/GGX_LTCMat.uexp" 761
"../../../Engine/Content/EngineMaterials/LTC/Sheen_LTC.uasset" 762
"../../../Engine/Content/EngineMaterials/LTC/Sheen_LTC.uexp" 763
"../../../Engine/Content/EditorResources/SequenceRecorder/Countdown.uasset" 764
"../../../Engine/Content/EditorResources/SequenceRecorder/Countdown.uexp" 765
"../../../Engine/Content/EditorResources/SequenceRecorder/RecordingIndicator.uasset" 766
"../../../Engine/Content/EditorResources/SequenceRecorder/RecordingIndicator.uexp" 767
"../../../Engine/Content/EngineResources/Development/ZenLogo_64.uasset" 768
"../../../Engine/Content/EngineResources/Development/ZenLogo_64.uexp" 769
"../../../Engine/Content/EngineResources/FilmGrains/Marcie_Grain_v3_128_M2_000.uasset" 770
"../../../Engine/Content/EngineResources/FilmGrains/Marcie_Grain_v3_128_M2_000.uexp" 771
"../../../Engine/Content/EditorMaterials/ParticleSystems/PSysThumbnail_NoImage.ubulk" 772
"../../../Engine/Content/EditorMaterials/ParticleSystems/PSysThumbnail_NoImage.uasset" 773
"../../../Engine/Content/EditorMaterials/ParticleSystems/PSysThumbnail_NoImage.uexp" 774
"../../../Engine/Content/EditorMaterials/ParticleSystems/PSysThumbnail_OOD.ubulk" 775
"../../../Engine/Content/EditorMaterials/ParticleSystems/PSysThumbnail_OOD.uasset" 776
"../../../Engine/Content/EditorMaterials/ParticleSystems/PSysThumbnail_OOD.uexp" 777
"../../../Engine/Content/VREditor/TransformGizmo/BoundingBoxCorner.ubulk" 778
"../../../Engine/Content/VREditor/TransformGizmo/BoundingBoxCorner.uasset" 779
"../../../Engine/Content/VREditor/TransformGizmo/BoundingBoxCorner.uexp" 780
"../../../Engine/Content/VREditor/TransformGizmo/BoundingBoxEdge.ubulk" 781
"../../../Engine/Content/VREditor/TransformGizmo/BoundingBoxEdge.uasset" 782
"../../../Engine/Content/VREditor/TransformGizmo/BoundingBoxEdge.uexp" 783
"../../../Engine/Plugins/Interchange/Assets/Content/gltf/Textures/T_White_srgb.uasset" 784
"../../../Engine/Plugins/Interchange/Assets/Content/gltf/Textures/T_White_srgb.uexp" 785
"../../../Engine/Plugins/Interchange/Assets/Content/gltf/MaterialFunctions/MF_BaseColor.uasset" 786
"../../../Engine/Plugins/Interchange/Assets/Content/gltf/MaterialFunctions/MF_BaseColor.uexp" 787
"../../../Engine/Plugins/Interchange/Assets/Content/gltf/MaterialFunctions/MF_RotateV2.uasset" 788
"../../../Engine/Plugins/Interchange/Assets/Content/gltf/MaterialFunctions/MF_RotateV2.uexp" 789
"../../../Engine/Plugins/Interchange/Assets/Content/gltf/MaterialFunctions/MF_TransformUVs.uasset" 790
"../../../Engine/Plugins/Interchange/Assets/Content/gltf/MaterialFunctions/MF_TransformUVs.uexp" 791
"../../../Engine/Plugins/Interchange/Assets/Content/gltf/MaterialBodies/MF_Unlit_Body.uasset" 792
"../../../Engine/Plugins/Interchange/Assets/Content/gltf/MaterialBodies/MF_Unlit_Body.uexp" 793
"../../../Engine/Plugins/Interchange/Assets/Content/gltf/M_Unlit.uasset" 794
"../../../Engine/Plugins/Interchange/Assets/Content/gltf/M_Unlit.uexp" 795
"../../../Engine/Plugins/Interchange/Assets/Content/gltf/MaterialInstances/MI_Unlit_Blend.uasset" 796
"../../../Engine/Plugins/Interchange/Assets/Content/gltf/MaterialInstances/MI_Unlit_Blend.uexp" 797
"../../../Engine/Plugins/Interchange/Assets/Content/gltf/MaterialInstances/MI_Unlit_Blend_DS.uasset" 798
"../../../Engine/Plugins/Interchange/Assets/Content/gltf/MaterialInstances/MI_Unlit_Blend_DS.uexp" 799
"../../../Engine/Plugins/Interchange/Assets/Content/gltf/MaterialInstances/MI_Unlit_Mask.uasset" 800
"../../../Engine/Plugins/Interchange/Assets/Content/gltf/MaterialInstances/MI_Unlit_Mask.uexp" 801
"../../../Engine/Plugins/Interchange/Assets/Content/gltf/MaterialInstances/MI_Unlit_Mask_DS.uasset" 802
"../../../Engine/Plugins/Interchange/Assets/Content/gltf/MaterialInstances/MI_Unlit_Mask_DS.uexp" 803
"../../../Engine/Plugins/Interchange/Assets/Content/gltf/MaterialInstances/MI_Unlit_Opaque.uasset" 804
"../../../Engine/Plugins/Interchange/Assets/Content/gltf/MaterialInstances/MI_Unlit_Opaque.uexp" 805
"../../../Engine/Plugins/Interchange/Assets/Content/gltf/MaterialInstances/MI_Unlit_Opaque_DS.uasset" 806
"../../../Engine/Plugins/Interchange/Assets/Content/gltf/MaterialInstances/MI_Unlit_Opaque_DS.uexp" 807
"../../../Engine/Content/ArtTools/RenderToTexture/Meshes/S_1_Unit_Plane.ubulk" 808
"../../../Engine/Content/ArtTools/RenderToTexture/Meshes/S_1_Unit_Plane.uasset" 809
"../../../Engine/Content/ArtTools/RenderToTexture/Meshes/S_1_Unit_Plane.uexp" 810
"../../../Engine/Content/Functions/Engine_MaterialFunctions01/Texturing/FlattenNormal.uasset" 811
"../../../Engine/Content/Functions/Engine_MaterialFunctions01/Texturing/FlattenNormal.uexp" 812
"../../../Engine/Plugins/Interchange/Assets/Content/Utilities/New_LUT.uasset" 813
"../../../Engine/Plugins/Interchange/Assets/Content/Utilities/New_LUT.uexp" 814
"../../../Engine/Content/Functions/Engine_MaterialFunctions03/Math/RemapValueRange.uasset" 815
"../../../Engine/Content/Functions/Engine_MaterialFunctions03/Math/RemapValueRange.uexp" 816
"../../../Engine/Plugins/Interchange/Assets/Content/Functions/MF_Iridescence.uasset" 817
"../../../Engine/Plugins/Interchange/Assets/Content/Functions/MF_Iridescence.uexp" 818
"../../../Engine/Plugins/Interchange/Assets/Content/gltf/MaterialFunctions/MF_RotateNormals_TS.uasset" 819
"../../../Engine/Plugins/Interchange/Assets/Content/gltf/MaterialFunctions/MF_RotateNormals_TS.uexp" 820
"../../../Engine/Plugins/Interchange/Assets/Content/gltf/Textures/T_Generic_N.uasset" 821
"../../../Engine/Plugins/Interchange/Assets/Content/gltf/Textures/T_Generic_N.uexp" 822
"../../../Engine/Plugins/Interchange/Assets/Content/gltf/Textures/T_White_Linear.uasset" 823
"../../../Engine/Plugins/Interchange/Assets/Content/gltf/Textures/T_White_Linear.uexp" 824
"../../../Engine/Plugins/Interchange/Assets/Content/gltf/MaterialFunctions/MF_Clearcoat.uasset" 825
"../../../Engine/Plugins/Interchange/Assets/Content/gltf/MaterialFunctions/MF_Clearcoat.uexp" 826
"../../../Engine/Plugins/Interchange/Assets/Content/gltf/MaterialFunctions/MF_Emissive.uasset" 827
"../../../Engine/Plugins/Interchange/Assets/Content/gltf/MaterialFunctions/MF_Emissive.uexp" 828
"../../../Engine/Plugins/Interchange/Assets/Content/gltf/MaterialFunctions/MF_IOR.uasset" 829
"../../../Engine/Plugins/Interchange/Assets/Content/gltf/MaterialFunctions/MF_IOR.uexp" 830
"../../../Engine/Plugins/Interchange/Assets/Content/gltf/MaterialFunctions/MF_Iridescence.uasset" 831
"../../../Engine/Plugins/Interchange/Assets/Content/gltf/MaterialFunctions/MF_Iridescence.uexp" 832
"../../../Engine/Plugins/Interchange/Assets/Content/gltf/MaterialFunctions/MF_MetallicRoughness.uasset" 833
"../../../Engine/Plugins/Interchange/Assets/Content/gltf/MaterialFunctions/MF_MetallicRoughness.uexp" 834
"../../../Engine/Plugins/Interchange/Assets/Content/gltf/MaterialFunctions/MF_ScaleNormal.uasset" 835
"../../../Engine/Plugins/Interchange/Assets/Content/gltf/MaterialFunctions/MF_ScaleNormal.uexp" 836
"../../../Engine/Plugins/Interchange/Assets/Content/gltf/MaterialFunctions/MF_Normals.uasset" 837
"../../../Engine/Plugins/Interchange/Assets/Content/gltf/MaterialFunctions/MF_Normals.uexp" 838
"../../../Engine/Plugins/Interchange/Assets/Content/gltf/MaterialFunctions/MF_Occlusion.uasset" 839
"../../../Engine/Plugins/Interchange/Assets/Content/gltf/MaterialFunctions/MF_Occlusion.uexp" 840
"../../../Engine/Plugins/Interchange/Assets/Content/gltf/MaterialFunctions/MF_Specular.uasset" 841
"../../../Engine/Plugins/Interchange/Assets/Content/gltf/MaterialFunctions/MF_Specular.uexp" 842
"../../../Engine/Plugins/Interchange/Assets/Content/gltf/Textures/T_Anisotropy_Direction_Linear.uasset" 843
"../../../Engine/Plugins/Interchange/Assets/Content/gltf/Textures/T_Anisotropy_Direction_Linear.uexp" 844
"../../../Engine/Plugins/Interchange/Assets/Content/gltf/MaterialFunctions/MF_SpecularAnisotropy.uasset" 845
"../../../Engine/Plugins/Interchange/Assets/Content/gltf/MaterialFunctions/MF_SpecularAnisotropy.uexp" 846
"../../../Engine/Plugins/Interchange/Assets/Content/gltf/MaterialBodies/MF_ClearCoat_Body.uasset" 847
"../../../Engine/Plugins/Interchange/Assets/Content/gltf/MaterialBodies/MF_ClearCoat_Body.uexp" 848
"../../../Engine/Plugins/Interchange/Assets/Content/gltf/M_ClearCoat.uasset" 849
"../../../Engine/Plugins/Interchange/Assets/Content/gltf/M_ClearCoat.uexp" 850
"../../../Engine/Plugins/Interchange/Assets/Content/gltf/MaterialInstances/MI_ClearCoat_Blend.uasset" 851
"../../../Engine/Plugins/Interchange/Assets/Content/gltf/MaterialInstances/MI_ClearCoat_Blend.uexp" 852
"../../../Engine/Plugins/Interchange/Assets/Content/gltf/MaterialInstances/MI_ClearCoat_Blend_DS.uasset" 853
"../../../Engine/Plugins/Interchange/Assets/Content/gltf/MaterialInstances/MI_ClearCoat_Blend_DS.uexp" 854
"../../../Engine/Plugins/Interchange/Assets/Content/gltf/MaterialInstances/MI_ClearCoat_Mask.uasset" 855
"../../../Engine/Plugins/Interchange/Assets/Content/gltf/MaterialInstances/MI_ClearCoat_Mask.uexp" 856
"../../../Engine/Plugins/Interchange/Assets/Content/gltf/MaterialInstances/MI_ClearCoat_Mask_DS.uasset" 857
"../../../Engine/Plugins/Interchange/Assets/Content/gltf/MaterialInstances/MI_ClearCoat_Mask_DS.uexp" 858
"../../../Engine/Plugins/Interchange/Assets/Content/gltf/MaterialInstances/MI_ClearCoat_Opaque.uasset" 859
"../../../Engine/Plugins/Interchange/Assets/Content/gltf/MaterialInstances/MI_ClearCoat_Opaque.uexp" 860
"../../../Engine/Plugins/Interchange/Assets/Content/gltf/MaterialInstances/MI_ClearCoat_Opaque_DS.uasset" 861
"../../../Engine/Plugins/Interchange/Assets/Content/gltf/MaterialInstances/MI_ClearCoat_Opaque_DS.uexp" 862
"../../../Engine/Plugins/Interchange/Assets/Content/gltf/MaterialBodies/MF_Default_Body.uasset" 863
"../../../Engine/Plugins/Interchange/Assets/Content/gltf/MaterialBodies/MF_Default_Body.uexp" 864
"../../../Engine/Plugins/Interchange/Assets/Content/gltf/M_Default.uasset" 865
"../../../Engine/Plugins/Interchange/Assets/Content/gltf/M_Default.uexp" 866
"../../../Engine/Plugins/Interchange/Assets/Content/gltf/MaterialInstances/MI_Default_Blend.uasset" 867
"../../../Engine/Plugins/Interchange/Assets/Content/gltf/MaterialInstances/MI_Default_Blend.uexp" 868
"../../../Engine/Plugins/Interchange/Assets/Content/gltf/MaterialInstances/MI_Default_Blend_DS.uasset" 869
"../../../Engine/Plugins/Interchange/Assets/Content/gltf/MaterialInstances/MI_Default_Blend_DS.uexp" 870
"../../../Engine/Plugins/Interchange/Assets/Content/gltf/MaterialInstances/MI_Default_Mask.uasset" 871
"../../../Engine/Plugins/Interchange/Assets/Content/gltf/MaterialInstances/MI_Default_Mask.uexp" 872
"../../../Engine/Plugins/Interchange/Assets/Content/gltf/MaterialInstances/MI_Default_Mask_DS.uasset" 873
"../../../Engine/Plugins/Interchange/Assets/Content/gltf/MaterialInstances/MI_Default_Mask_DS.uexp" 874
"../../../Engine/Plugins/Interchange/Assets/Content/gltf/MaterialInstances/MI_Default_Opaque.uasset" 875
"../../../Engine/Plugins/Interchange/Assets/Content/gltf/MaterialInstances/MI_Default_Opaque.uexp" 876
"../../../Engine/Plugins/Interchange/Assets/Content/gltf/MaterialInstances/MI_Default_Opaque_DS.uasset" 877
"../../../Engine/Plugins/Interchange/Assets/Content/gltf/MaterialInstances/MI_Default_Opaque_DS.uexp" 878
"../../../Engine/Plugins/Interchange/Assets/Content/gltf/MaterialFunctions/MF_Sheen.uasset" 879
"../../../Engine/Plugins/Interchange/Assets/Content/gltf/MaterialFunctions/MF_Sheen.uexp" 880
"../../../Engine/Plugins/Interchange/Assets/Content/gltf/MaterialBodies/MF_Sheen_Body.uasset" 881
"../../../Engine/Plugins/Interchange/Assets/Content/gltf/MaterialBodies/MF_Sheen_Body.uexp" 882
"../../../Engine/Plugins/Interchange/Assets/Content/gltf/M_Sheen.uasset" 883
"../../../Engine/Plugins/Interchange/Assets/Content/gltf/M_Sheen.uexp" 884
"../../../Engine/Plugins/Interchange/Assets/Content/gltf/MaterialInstances/MI_Sheen_Blend.uasset" 885
"../../../Engine/Plugins/Interchange/Assets/Content/gltf/MaterialInstances/MI_Sheen_Blend.uexp" 886
"../../../Engine/Plugins/Interchange/Assets/Content/gltf/MaterialInstances/MI_Sheen_Blend_DS.uasset" 887
"../../../Engine/Plugins/Interchange/Assets/Content/gltf/MaterialInstances/MI_Sheen_Blend_DS.uexp" 888
"../../../Engine/Plugins/Interchange/Assets/Content/gltf/MaterialInstances/MI_Sheen_Mask.uasset" 889
"../../../Engine/Plugins/Interchange/Assets/Content/gltf/MaterialInstances/MI_Sheen_Mask.uexp" 890
"../../../Engine/Plugins/Interchange/Assets/Content/gltf/MaterialInstances/MI_Sheen_Mask_DS.uasset" 891
"../../../Engine/Plugins/Interchange/Assets/Content/gltf/MaterialInstances/MI_Sheen_Mask_DS.uexp" 892
"../../../Engine/Plugins/Interchange/Assets/Content/gltf/MaterialInstances/MI_Sheen_Opaque.uasset" 893
"../../../Engine/Plugins/Interchange/Assets/Content/gltf/MaterialInstances/MI_Sheen_Opaque.uexp" 894
"../../../Engine/Content/EngineMaterials/Substrate/GLints/AGlintTex2dArray.uasset" 895
"../../../Engine/Content/EngineMaterials/Substrate/GLints/AGlintTex2dArray.uexp" 896
"../../../Engine/Plugins/Interchange/Assets/Content/gltf/MaterialInstances/MI_Sheen_Opaque_DS.uasset" 897
"../../../Engine/Plugins/Interchange/Assets/Content/gltf/MaterialInstances/MI_Sheen_Opaque_DS.uexp" 898
"../../../Engine/Plugins/Interchange/Assets/Content/gltf/MaterialFunctions/MF_DiffuseSpecGloss.uasset" 899
"../../../Engine/Plugins/Interchange/Assets/Content/gltf/MaterialFunctions/MF_DiffuseSpecGloss.uexp" 900
"../../../Engine/Plugins/Interchange/Assets/Content/gltf/MaterialFunctions/MF_MaxComponentValue.uasset" 901
"../../../Engine/Plugins/Interchange/Assets/Content/gltf/MaterialFunctions/MF_MaxComponentValue.uexp" 902
"../../../Engine/Content/Functions/Engine_MaterialFunctions02/Math/AddComponents.uasset" 903
"../../../Engine/Content/Functions/Engine_MaterialFunctions02/Math/AddComponents.uexp" 904
"../../../Engine/Plugins/Interchange/Assets/Content/gltf/MaterialFunctions/MF_PerceivedBrightness.uasset" 905
"../../../Engine/Plugins/Interchange/Assets/Content/gltf/MaterialFunctions/MF_PerceivedBrightness.uexp" 906
"../../../Engine/Plugins/Interchange/Assets/Content/gltf/MaterialFunctions/MF_SpecGlossToMetalRoughness.uasset" 907
"../../../Engine/Plugins/Interchange/Assets/Content/gltf/MaterialFunctions/MF_SpecGlossToMetalRoughness.uexp" 908
"../../../Engine/Plugins/Interchange/Assets/Content/gltf/MaterialBodies/MF_SpecularGlossiness_Body.uasset" 909
"../../../Engine/Plugins/Interchange/Assets/Content/gltf/MaterialBodies/MF_SpecularGlossiness_Body.uexp" 910
"../../../Engine/Plugins/Interchange/Assets/Content/gltf/M_SpecularGlossiness.uasset" 911
"../../../Engine/Plugins/Interchange/Assets/Content/gltf/M_SpecularGlossiness.uexp" 912
"../../../Engine/Plugins/Interchange/Assets/Content/gltf/MaterialInstances/MI_SpecularGlossiness_Blend.uasset" 913
"../../../Engine/Plugins/Interchange/Assets/Content/gltf/MaterialInstances/MI_SpecularGlossiness_Blend.uexp" 914
"../../../Engine/Plugins/Interchange/Assets/Content/gltf/MaterialInstances/MI_SpecularGlossiness_Blend_DS.uasset" 915
"../../../Engine/Plugins/Interchange/Assets/Content/gltf/MaterialInstances/MI_SpecularGlossiness_Blend_DS.uexp" 916
"../../../Engine/Plugins/Interchange/Assets/Content/gltf/MaterialInstances/MI_SpecularGlossiness_Mask.uasset" 917
"../../../Engine/Plugins/Interchange/Assets/Content/gltf/MaterialInstances/MI_SpecularGlossiness_Mask.uexp" 918
"../../../Engine/Plugins/Interchange/Assets/Content/gltf/MaterialInstances/MI_SpecularGlossiness_Mask_DS.uasset" 919
"../../../Engine/Plugins/Interchange/Assets/Content/gltf/MaterialInstances/MI_SpecularGlossiness_Mask_DS.uexp" 920
"../../../Engine/Plugins/Interchange/Assets/Content/gltf/MaterialInstances/MI_SpecularGlossiness_Opaque.uasset" 921
"../../../Engine/Plugins/Interchange/Assets/Content/gltf/MaterialInstances/MI_SpecularGlossiness_Opaque.uexp" 922
"../../../Engine/Plugins/Interchange/Assets/Content/gltf/MaterialInstances/MI_SpecularGlossiness_Opaque_DS.uasset" 923
"../../../Engine/Plugins/Interchange/Assets/Content/gltf/MaterialInstances/MI_SpecularGlossiness_Opaque_DS.uexp" 924
"../../../Engine/Content/EngineMaterials/Good64x64TilingNoiseHighFreq.uasset" 925
"../../../Engine/Content/EngineMaterials/Good64x64TilingNoiseHighFreq.uexp" 926
"../../../Engine/Content/Functions/Engine_MaterialFunctions02/Texturing/ScreenAlignedPixelToPixelUVs.uasset" 927
"../../../Engine/Content/Functions/Engine_MaterialFunctions02/Texturing/ScreenAlignedPixelToPixelUVs.uexp" 928
"../../../Engine/Plugins/Interchange/Assets/Content/gltf/MaterialFunctions/MF_Fresnel_DS.uasset" 929
"../../../Engine/Plugins/Interchange/Assets/Content/gltf/MaterialFunctions/MF_Fresnel_DS.uexp" 930
"../../../Engine/Plugins/Interchange/Assets/Content/gltf/MaterialFunctions/MF_Temporal_Blur.uasset" 931
"../../../Engine/Plugins/Interchange/Assets/Content/gltf/MaterialFunctions/MF_Temporal_Blur.uexp" 932
"../../../Engine/Plugins/Interchange/Assets/Content/gltf/MaterialFunctions/MF_Transmission.uasset" 933
"../../../Engine/Plugins/Interchange/Assets/Content/gltf/MaterialFunctions/MF_Transmission.uexp" 934
"../../../Engine/Plugins/Interchange/Assets/Content/gltf/MaterialBodies/MF_Transmission_Body.uasset" 935
"../../../Engine/Plugins/Interchange/Assets/Content/gltf/MaterialBodies/MF_Transmission_Body.uexp" 936
"../../../Engine/Plugins/Interchange/Assets/Content/gltf/M_Transmission.uasset" 937
"../../../Engine/Plugins/Interchange/Assets/Content/gltf/M_Transmission.uexp" 938
"../../../Engine/Plugins/Interchange/Assets/Content/gltf/MaterialInstances/MI_Transmission.uasset" 939
"../../../Engine/Plugins/Interchange/Assets/Content/gltf/MaterialInstances/MI_Transmission.uexp" 940
"../../../Engine/Plugins/Interchange/Assets/Content/gltf/MaterialInstances/MI_Transmission_DS.uasset" 941
"../../../Engine/Plugins/Interchange/Assets/Content/gltf/MaterialInstances/MI_Transmission_DS.uexp" 942
"../../../Engine/Content/EngineMaterials/Substrate/Glints2/AGlintTex2dArray2.uasset" 943
"../../../Engine/Content/EngineMaterials/Substrate/Glints2/AGlintTex2dArray2.uexp" 944
"../../../Engine/Content/EngineMaterials/Substrate/Volume/SubstrateSimpleVolumeEnvLUT3D.uasset" 945
"../../../Engine/Content/EngineMaterials/Substrate/Volume/SubstrateSimpleVolumeEnvLUT3D.uexp" 946
"../../../Engine/Content/EngineMaterials/Substrate/Volume/SubstrateSimpleVolumeLUT3D.uasset" 947
"../../../Engine/Content/EngineMaterials/Substrate/Volume/SubstrateSimpleVolumeLUT3D.uexp" 948
"../../../Engine/Content/Functions/Engine_MaterialFunctions01/Shading/ConvertFromDiffSpec.uasset" 949
"../../../Engine/Content/Functions/Engine_MaterialFunctions01/Shading/ConvertFromDiffSpec.uexp" 950
"../../../Engine/Content/Functions/Engine_MaterialFunctions01/Shading/PowerToRoughness.uasset" 951
"../../../Engine/Content/Functions/Engine_MaterialFunctions01/Shading/PowerToRoughness.uexp" 952
"../../../Engine/Plugins/2D/Paper2D/Content/DefaultSpriteMaterial.uasset" 953
"../../../Engine/Plugins/2D/Paper2D/Content/DefaultSpriteMaterial.uexp" 954
"../../../Engine/Plugins/2D/Paper2D/Content/MaskedUnlitSpriteMaterial.uasset" 955
"../../../Engine/Plugins/2D/Paper2D/Content/MaskedUnlitSpriteMaterial.uexp" 956
"../../../Engine/Plugins/2D/Paper2D/Content/OpaqueUnlitSpriteMaterial.uasset" 957
"../../../Engine/Plugins/2D/Paper2D/Content/OpaqueUnlitSpriteMaterial.uexp" 958
"../../../Engine/Plugins/Animation/ControlRig/Content/M_Manip.uasset" 959
"../../../Engine/Plugins/Animation/ControlRig/Content/M_Manip.uexp" 960
"../../../Engine/Content/Maps/Entry_BuiltData.uasset" 961
"../../../Engine/Content/Maps/Entry_BuiltData.uexp" 962
"../../../Engine/Content/Maps/Entry.uexp" 963
"../../../Engine/Content/Maps/Entry.umap" 964
"../../../Engine/Content/BasicShapes/Cube.ubulk" 965
"../../../Engine/Content/BasicShapes/Cube.uasset" 966
"../../../Engine/Content/BasicShapes/Cube.uexp" 967
"../../../Engine/Content/BasicShapes/BasicShapeMaterial.uasset" 968
"../../../Engine/Content/BasicShapes/BasicShapeMaterial.uexp" 969
"C:/Users/Drago/Documents/Unreal Projects/GTMKCountdown/Content/Assets/PostProcessMaterial.uasset" 970
"C:/Users/Drago/Documents/Unreal Projects/GTMKCountdown/Content/Assets/PostProcessMaterial.uexp" 971
"C:/Users/Drago/Documents/Unreal Projects/GTMKCountdown/Content/Assets/Textures/CountdownLP_DefaultMaterial_BaseColor.ubulk" 972
"C:/Users/Drago/Documents/Unreal Projects/GTMKCountdown/Content/Assets/Textures/CountdownLP_DefaultMaterial_BaseColor.uasset" 973
"C:/Users/Drago/Documents/Unreal Projects/GTMKCountdown/Content/Assets/Textures/CountdownLP_DefaultMaterial_BaseColor.uexp" 974
"C:/Users/Drago/Documents/Unreal Projects/GTMKCountdown/Content/Assets/Textures/CountdownLP_DefaultMaterial_Normal.ubulk" 975
"C:/Users/Drago/Documents/Unreal Projects/GTMKCountdown/Content/Assets/Textures/CountdownLP_DefaultMaterial_Normal.uasset" 976
"C:/Users/Drago/Documents/Unreal Projects/GTMKCountdown/Content/Assets/Textures/CountdownLP_DefaultMaterial_Normal.uexp" 977
"C:/Users/Drago/Documents/Unreal Projects/GTMKCountdown/Content/Assets/Textures/CountdownLP_DefaultMaterial_OcclusionRoughnessMetallic.ubulk" 978
"C:/Users/Drago/Documents/Unreal Projects/GTMKCountdown/Content/Assets/Textures/CountdownLP_DefaultMaterial_OcclusionRoughnessMetallic.uasset" 979
"C:/Users/Drago/Documents/Unreal Projects/GTMKCountdown/Content/Assets/Textures/CountdownLP_DefaultMaterial_OcclusionRoughnessMetallic.uexp" 980
"C:/Users/Drago/Documents/Unreal Projects/GTMKCountdown/Content/Assets/Materials/Room.uasset" 981
"C:/Users/Drago/Documents/Unreal Projects/GTMKCountdown/Content/Assets/Materials/Room.uexp" 982
"../../../Engine/Content/EngineSounds/Master.uasset" 983
"../../../Engine/Content/EngineSounds/Master.uexp" 984
"../../../Engine/Content/EngineSounds/Music.uasset" 985
"../../../Engine/Content/EngineSounds/Music.uexp" 986
"C:/Users/Drago/Documents/Unreal Projects/GTMKCountdown/Content/Assets/SFX/Ambience.ubulk" 987
"C:/Users/Drago/Documents/Unreal Projects/GTMKCountdown/Content/Assets/SFX/Ambience.uasset" 988
"C:/Users/Drago/Documents/Unreal Projects/GTMKCountdown/Content/Assets/SFX/Ambience.uexp" 989
"C:/Users/Drago/Documents/Unreal Projects/GTMKCountdown/Content/Assets/SFX/CountdownTheme.ubulk" 990
"C:/Users/Drago/Documents/Unreal Projects/GTMKCountdown/Content/Assets/SFX/CountdownTheme.uasset" 991
"C:/Users/Drago/Documents/Unreal Projects/GTMKCountdown/Content/Assets/SFX/CountdownTheme.uexp" 992
"C:/Users/Drago/Documents/Unreal Projects/GTMKCountdown/Content/GTMKCountdown/Blueprints/Round/PDA_RoundCondition.uasset" 993
"C:/Users/Drago/Documents/Unreal Projects/GTMKCountdown/Content/GTMKCountdown/Blueprints/Round/PDA_RoundCondition.uexp" 994
"C:/Users/Drago/Documents/Unreal Projects/GTMKCountdown/Content/GTMKCountdown/Blueprints/Round/PDA_RoundCondition_NumberOfWords.uasset" 995
"C:/Users/Drago/Documents/Unreal Projects/GTMKCountdown/Content/GTMKCountdown/Blueprints/Round/PDA_RoundCondition_NumberOfWords.uexp" 996
"C:/Users/Drago/Documents/Unreal Projects/GTMKCountdown/Content/GTMKCountdown/Blueprints/Round/PDA_RoundCondition_NumberOfWords_Less.uasset" 997
"C:/Users/Drago/Documents/Unreal Projects/GTMKCountdown/Content/GTMKCountdown/Blueprints/Round/PDA_RoundCondition_NumberOfWords_Less.uexp" 998
"C:/Users/Drago/Documents/Unreal Projects/GTMKCountdown/Content/GTMKCountdown/Blueprints/Round/PDA_RoundCondition_WordLength_Greater.uasset" 999
"C:/Users/Drago/Documents/Unreal Projects/GTMKCountdown/Content/GTMKCountdown/Blueprints/Round/PDA_RoundCondition_WordLength_Greater.uexp" 1000
"C:/Users/Drago/Documents/Unreal Projects/GTMKCountdown/Content/GTMKCountdown/Blueprints/Round/PDA_RoundCondition_WordLength_Less.uasset" 1001
"C:/Users/Drago/Documents/Unreal Projects/GTMKCountdown/Content/GTMKCountdown/Blueprints/Round/PDA_RoundCondition_WordLength_Less.uexp" 1002
"C:/Users/Drago/Documents/Unreal Projects/GTMKCountdown/Content/GTMKCountdown/Blueprints/Timer/BPC_Timer.uasset" 1003
"C:/Users/Drago/Documents/Unreal Projects/GTMKCountdown/Content/GTMKCountdown/Blueprints/Timer/BPC_Timer.uexp" 1004
"C:/Users/Drago/Documents/Unreal Projects/GTMKCountdown/Content/GTMKCountdown/Blueprints/Timer/BPI_Timer.uasset" 1005
"C:/Users/Drago/Documents/Unreal Projects/GTMKCountdown/Content/GTMKCountdown/Blueprints/Timer/BPI_Timer.uexp" 1006
"C:/Users/Drago/Documents/Unreal Projects/GTMKCountdown/Content/GTMKCountdown/Blueprints/WordList/Word.uasset" 1007
"C:/Users/Drago/Documents/Unreal Projects/GTMKCountdown/Content/GTMKCountdown/Blueprints/WordList/Word.uexp" 1008
"C:/Users/Drago/Documents/Unreal Projects/GTMKCountdown/Content/GTMKCountdown/Blueprints/WordList/WordList.uasset" 1009
"C:/Users/Drago/Documents/Unreal Projects/GTMKCountdown/Content/GTMKCountdown/Blueprints/WordList/WordList.uexp" 1010
"C:/Users/Drago/Documents/Unreal Projects/GTMKCountdown/Content/GTMKCountdown/Blueprints/Round/DataAssets/DA_NumberOfWords3.uasset" 1011
"C:/Users/Drago/Documents/Unreal Projects/GTMKCountdown/Content/GTMKCountdown/Blueprints/Round/DataAssets/DA_NumberOfWords3.uexp" 1012
"C:/Users/Drago/Documents/Unreal Projects/GTMKCountdown/Content/GTMKCountdown/Blueprints/Round/DataAssets/DA_NumberOfWords4.uasset" 1013
"C:/Users/Drago/Documents/Unreal Projects/GTMKCountdown/Content/GTMKCountdown/Blueprints/Round/DataAssets/DA_NumberOfWords4.uexp" 1014
"C:/Users/Drago/Documents/Unreal Projects/GTMKCountdown/Content/GTMKCountdown/Blueprints/Round/DataAssets/DA_NumberOfWords5.uasset" 1015
"C:/Users/Drago/Documents/Unreal Projects/GTMKCountdown/Content/GTMKCountdown/Blueprints/Round/DataAssets/DA_NumberOfWords5.uexp" 1016
"C:/Users/Drago/Documents/Unreal Projects/GTMKCountdown/Content/GTMKCountdown/Blueprints/Round/DataAssets/DA_NumberOfWordsLess3.uasset" 1017
"C:/Users/Drago/Documents/Unreal Projects/GTMKCountdown/Content/GTMKCountdown/Blueprints/Round/DataAssets/DA_NumberOfWordsLess3.uexp" 1018
"C:/Users/Drago/Documents/Unreal Projects/GTMKCountdown/Content/GTMKCountdown/Blueprints/Round/DataAssets/DA_NumberOfWordsLess4.uasset" 1019
"C:/Users/Drago/Documents/Unreal Projects/GTMKCountdown/Content/GTMKCountdown/Blueprints/Round/DataAssets/DA_NumberOfWordsLess4.uexp" 1020
"C:/Users/Drago/Documents/Unreal Projects/GTMKCountdown/Content/GTMKCountdown/Blueprints/Round/DataAssets/DA_NumberOfWordsLess5.uasset" 1021
"C:/Users/Drago/Documents/Unreal Projects/GTMKCountdown/Content/GTMKCountdown/Blueprints/Round/DataAssets/DA_NumberOfWordsLess5.uexp" 1022
"C:/Users/Drago/Documents/Unreal Projects/GTMKCountdown/Content/GTMKCountdown/Blueprints/Round/DataAssets/DA_WordLengthGreater3.uasset" 1023
"C:/Users/Drago/Documents/Unreal Projects/GTMKCountdown/Content/GTMKCountdown/Blueprints/Round/DataAssets/DA_WordLengthGreater3.uexp" 1024
"C:/Users/Drago/Documents/Unreal Projects/GTMKCountdown/Content/GTMKCountdown/Blueprints/Round/DataAssets/DA_WordLengthGreater4.uasset" 1025
"C:/Users/Drago/Documents/Unreal Projects/GTMKCountdown/Content/GTMKCountdown/Blueprints/Round/DataAssets/DA_WordLengthGreater4.uexp" 1026
"C:/Users/Drago/Documents/Unreal Projects/GTMKCountdown/Content/GTMKCountdown/Blueprints/Round/DataAssets/DA_WordLengthGreater5.uasset" 1027
"C:/Users/Drago/Documents/Unreal Projects/GTMKCountdown/Content/GTMKCountdown/Blueprints/Round/DataAssets/DA_WordLengthGreater5.uexp" 1028
"C:/Users/Drago/Documents/Unreal Projects/GTMKCountdown/Content/GTMKCountdown/Blueprints/Round/DataAssets/DA_WordLengthLess3.uasset" 1029
"C:/Users/Drago/Documents/Unreal Projects/GTMKCountdown/Content/GTMKCountdown/Blueprints/Round/DataAssets/DA_WordLengthLess3.uexp" 1030
"C:/Users/Drago/Documents/Unreal Projects/GTMKCountdown/Content/GTMKCountdown/Blueprints/Round/DataAssets/DA_WordLengthLess4.uasset" 1031
"C:/Users/Drago/Documents/Unreal Projects/GTMKCountdown/Content/GTMKCountdown/Blueprints/Round/DataAssets/DA_WordLengthLess4.uexp" 1032
"C:/Users/Drago/Documents/Unreal Projects/GTMKCountdown/Content/GTMKCountdown/Blueprints/Framework/GS_Countdown.uasset" 1033
"C:/Users/Drago/Documents/Unreal Projects/GTMKCountdown/Content/GTMKCountdown/Blueprints/Framework/GS_Countdown.uexp" 1034
"../../../Engine/Content/EngineSounds/Normal_Attack.uasset" 1035
"../../../Engine/Content/EngineSounds/Normal_Attack.uexp" 1036
"../../../Engine/Content/EngineSounds/Duck_Normal_Attack_MixMod.uasset" 1037
"../../../Engine/Content/EngineSounds/Duck_Normal_Attack_MixMod.uexp" 1038
"../../../Engine/Content/EngineSounds/Special_Attack_PSM.uasset" 1039
"../../../Engine/Content/EngineSounds/Special_Attack_PSM.uexp" 1040
"../../../Engine/Content/EngineSounds/SFX.uasset" 1041
"../../../Engine/Content/EngineSounds/SFX.uexp" 1042
"C:/Users/Drago/Documents/Unreal Projects/GTMKCountdown/Content/Assets/SFX/Keyboard1.ubulk" 1043
"C:/Users/Drago/Documents/Unreal Projects/GTMKCountdown/Content/Assets/SFX/Keyboard1.uasset" 1044
"C:/Users/Drago/Documents/Unreal Projects/GTMKCountdown/Content/Assets/SFX/Keyboard1.uexp" 1045
"C:/Users/Drago/Documents/Unreal Projects/GTMKCountdown/Content/Assets/SFX/Keyboard2.ubulk" 1046
"C:/Users/Drago/Documents/Unreal Projects/GTMKCountdown/Content/Assets/SFX/Keyboard2.uasset" 1047
"C:/Users/Drago/Documents/Unreal Projects/GTMKCountdown/Content/Assets/SFX/Keyboard2.uexp" 1048
"C:/Users/Drago/Documents/Unreal Projects/GTMKCountdown/Content/Assets/SFX/Keyboard3.ubulk" 1049
"C:/Users/Drago/Documents/Unreal Projects/GTMKCountdown/Content/Assets/SFX/Keyboard3.uasset" 1050
"C:/Users/Drago/Documents/Unreal Projects/GTMKCountdown/Content/Assets/SFX/Keyboard3.uexp" 1051
"C:/Users/Drago/Documents/Unreal Projects/GTMKCountdown/Content/Assets/SFX/Keyboard4.ubulk" 1052
"C:/Users/Drago/Documents/Unreal Projects/GTMKCountdown/Content/Assets/SFX/Keyboard4.uasset" 1053
"C:/Users/Drago/Documents/Unreal Projects/GTMKCountdown/Content/Assets/SFX/Keyboard4.uexp" 1054
"C:/Users/Drago/Documents/Unreal Projects/GTMKCountdown/Content/Assets/SFX/Typing.uasset" 1055
"C:/Users/Drago/Documents/Unreal Projects/GTMKCountdown/Content/Assets/SFX/Typing.uexp" 1056
"C:/Users/Drago/Documents/Unreal Projects/GTMKCountdown/Content/Assets/SFX/WindingClock.ubulk" 1057
"C:/Users/Drago/Documents/Unreal Projects/GTMKCountdown/Content/Assets/SFX/WindingClock.uasset" 1058
"C:/Users/Drago/Documents/Unreal Projects/GTMKCountdown/Content/Assets/SFX/WindingClock.uexp" 1059
"C:/Users/Drago/Documents/Unreal Projects/GTMKCountdown/Content/GTMKCountdown/Art/Fonts/Delerict_Station_Mono.uexp" 1060
"C:/Users/Drago/Documents/Unreal Projects/GTMKCountdown/Content/GTMKCountdown/Art/Fonts/Delerict_Station_Mono.uasset" 1061
"C:/Users/Drago/Documents/Unreal Projects/GTMKCountdown/Content/GTMKCountdown/Art/Fonts/Delerict_Station_Mono.ufont" 1062
"C:/Users/Drago/Documents/Unreal Projects/GTMKCountdown/Content/GTMKCountdown/Art/Fonts/Mono.uasset" 1063
"C:/Users/Drago/Documents/Unreal Projects/GTMKCountdown/Content/GTMKCountdown/Art/Fonts/Mono.uexp" 1064
"C:/Users/Drago/Documents/Unreal Projects/GTMKCountdown/Content/GTMKCountdown/Art/TV/GuyScream.uasset" 1065
"C:/Users/Drago/Documents/Unreal Projects/GTMKCountdown/Content/GTMKCountdown/Art/TV/GuyScream.uexp" 1066
"C:/Users/Drago/Documents/Unreal Projects/GTMKCountdown/Content/GTMKCountdown/Art/TV/GuySmile.uasset" 1067
"C:/Users/Drago/Documents/Unreal Projects/GTMKCountdown/Content/GTMKCountdown/Art/TV/GuySmile.uexp" 1068
"C:/Users/Drago/Documents/Unreal Projects/GTMKCountdown/Content/Assets/SFX/ClockTicking.ubulk" 1069
"C:/Users/Drago/Documents/Unreal Projects/GTMKCountdown/Content/Assets/SFX/ClockTicking.uasset" 1070
"C:/Users/Drago/Documents/Unreal Projects/GTMKCountdown/Content/Assets/SFX/ClockTicking.uexp" 1071
"C:/Users/Drago/Documents/Unreal Projects/GTMKCountdown/Content/Assets/Models/Clock.ubulk" 1072
"C:/Users/Drago/Documents/Unreal Projects/GTMKCountdown/Content/Assets/Models/Clock.uasset" 1073
"C:/Users/Drago/Documents/Unreal Projects/GTMKCountdown/Content/Assets/Models/Clock.uexp" 1074
"C:/Users/Drago/Documents/Unreal Projects/GTMKCountdown/Content/Assets/Models/ClockHand.ubulk" 1075
"C:/Users/Drago/Documents/Unreal Projects/GTMKCountdown/Content/Assets/Models/ClockHand.uasset" 1076
"C:/Users/Drago/Documents/Unreal Projects/GTMKCountdown/Content/Assets/Models/ClockHand.uexp" 1077
"C:/Users/Drago/Documents/Unreal Projects/GTMKCountdown/Content/GTMKCountdown/Blueprints/Timer/BP_Clock.uasset" 1078
"C:/Users/Drago/Documents/Unreal Projects/GTMKCountdown/Content/GTMKCountdown/Blueprints/Timer/BP_Clock.uexp" 1079
"C:/Users/Drago/Documents/Unreal Projects/GTMKCountdown/Content/GTMKCountdown/Blueprints/UI/WBP_PlayerHUD.uasset" 1080
"C:/Users/Drago/Documents/Unreal Projects/GTMKCountdown/Content/GTMKCountdown/Blueprints/UI/WBP_PlayerHUD.uexp" 1081
"C:/Users/Drago/Documents/Unreal Projects/GTMKCountdown/Content/GTMKCountdown/Blueprints/Framework/PC_Countdown.uasset" 1082
"C:/Users/Drago/Documents/Unreal Projects/GTMKCountdown/Content/GTMKCountdown/Blueprints/Framework/PC_Countdown.uexp" 1083
"C:/Users/Drago/Documents/Unreal Projects/GTMKCountdown/Content/GTMKCountdown/Blueprints/Framework/GM_Countdown.uasset" 1084
"C:/Users/Drago/Documents/Unreal Projects/GTMKCountdown/Content/GTMKCountdown/Blueprints/Framework/GM_Countdown.uexp" 1085
"C:/Users/Drago/Documents/Unreal Projects/GTMKCountdown/Content/GTMKCountdown/Art/TV/GuyNeutral.uasset" 1086
"C:/Users/Drago/Documents/Unreal Projects/GTMKCountdown/Content/GTMKCountdown/Art/TV/GuyNeutral.uexp" 1087
"C:/Users/Drago/Documents/Unreal Projects/GTMKCountdown/Content/Assets/SFX/WordCorrect.ubulk" 1088
"C:/Users/Drago/Documents/Unreal Projects/GTMKCountdown/Content/Assets/SFX/WordCorrect.uasset" 1089
"C:/Users/Drago/Documents/Unreal Projects/GTMKCountdown/Content/Assets/SFX/WordCorrect.uexp" 1090
"C:/Users/Drago/Documents/Unreal Projects/GTMKCountdown/Content/Assets/SFX/WordIncorrect.ubulk" 1091
"C:/Users/Drago/Documents/Unreal Projects/GTMKCountdown/Content/Assets/SFX/WordIncorrect.uasset" 1092
"C:/Users/Drago/Documents/Unreal Projects/GTMKCountdown/Content/Assets/SFX/WordIncorrect.uexp" 1093
"C:/Users/Drago/Documents/Unreal Projects/GTMKCountdown/Content/GTMKCountdown/Art/Fonts/Delerict_Segment_Mono.uexp" 1094
"C:/Users/Drago/Documents/Unreal Projects/GTMKCountdown/Content/GTMKCountdown/Art/Fonts/Delerict_Segment_Mono.uasset" 1095
"C:/Users/Drago/Documents/Unreal Projects/GTMKCountdown/Content/GTMKCountdown/Art/Fonts/Delerict_Segment_Mono.ufont" 1096
"C:/Users/Drago/Documents/Unreal Projects/GTMKCountdown/Content/GTMKCountdown/Art/Fonts/Segment.uasset" 1097
"C:/Users/Drago/Documents/Unreal Projects/GTMKCountdown/Content/GTMKCountdown/Art/Fonts/Segment.uexp" 1098
"C:/Users/Drago/Documents/Unreal Projects/GTMKCountdown/Content/GTMKCountdown/Blueprints/TV/S_WordCheck.uasset" 1099
"C:/Users/Drago/Documents/Unreal Projects/GTMKCountdown/Content/GTMKCountdown/Blueprints/TV/S_WordCheck.uexp" 1100
"C:/Users/Drago/Documents/Unreal Projects/GTMKCountdown/Content/GTMKCountdown/Blueprints/UI/WBP_Results.uasset" 1101
"C:/Users/Drago/Documents/Unreal Projects/GTMKCountdown/Content/GTMKCountdown/Blueprints/UI/WBP_Results.uexp" 1102
"C:/Users/Drago/Documents/Unreal Projects/GTMKCountdown/Content/GTMKCountdown/Blueprints/TV/M_TV.uasset" 1103
"C:/Users/Drago/Documents/Unreal Projects/GTMKCountdown/Content/GTMKCountdown/Blueprints/TV/M_TV.uexp" 1104
"C:/Users/Drago/Documents/Unreal Projects/GTMKCountdown/Content/GTMKCountdown/Blueprints/LetterBoard/BP_WordScreen.uasset" 1105
"C:/Users/Drago/Documents/Unreal Projects/GTMKCountdown/Content/GTMKCountdown/Blueprints/LetterBoard/BP_WordScreen.uexp" 1106
"C:/Users/Drago/Documents/Unreal Projects/GTMKCountdown/Content/GTMKCountdown/Blueprints/TV/WBP_TV.uasset" 1107
"C:/Users/Drago/Documents/Unreal Projects/GTMKCountdown/Content/GTMKCountdown/Blueprints/TV/WBP_TV.uexp" 1108
"C:/Users/Drago/Documents/Unreal Projects/GTMKCountdown/Content/GTMKCountdown/Blueprints/TV/BP_TV.uasset" 1109
"C:/Users/Drago/Documents/Unreal Projects/GTMKCountdown/Content/GTMKCountdown/Blueprints/TV/BP_TV.uexp" 1110
"C:/Users/Drago/Documents/Unreal Projects/GTMKCountdown/Content/Assets/Models/Coal.ubulk" 1111
"C:/Users/Drago/Documents/Unreal Projects/GTMKCountdown/Content/Assets/Models/Coal.uasset" 1112
"C:/Users/Drago/Documents/Unreal Projects/GTMKCountdown/Content/Assets/Models/Coal.uexp" 1113
"C:/Users/Drago/Documents/Unreal Projects/GTMKCountdown/Content/Assets/Models/CRT.ubulk" 1114
"C:/Users/Drago/Documents/Unreal Projects/GTMKCountdown/Content/Assets/Models/CRT.uasset" 1115
"C:/Users/Drago/Documents/Unreal Projects/GTMKCountdown/Content/Assets/Models/CRT.uexp" 1116
"C:/Users/Drago/Documents/Unreal Projects/GTMKCountdown/Content/Assets/Textures/BallPeenLP_Colour.ubulk" 1117
"C:/Users/Drago/Documents/Unreal Projects/GTMKCountdown/Content/Assets/Textures/BallPeenLP_Colour.uasset" 1118
"C:/Users/Drago/Documents/Unreal Projects/GTMKCountdown/Content/Assets/Textures/BallPeenLP_Colour.uexp" 1119
"C:/Users/Drago/Documents/Unreal Projects/GTMKCountdown/Content/Assets/Textures/BallPeenLP_Metallic.ubulk" 1120
"C:/Users/Drago/Documents/Unreal Projects/GTMKCountdown/Content/Assets/Textures/BallPeenLP_Metallic.uasset" 1121
"C:/Users/Drago/Documents/Unreal Projects/GTMKCountdown/Content/Assets/Textures/BallPeenLP_Metallic.uexp" 1122
"C:/Users/Drago/Documents/Unreal Projects/GTMKCountdown/Content/Assets/Textures/BallPeenLP_NormalGL.ubulk" 1123
"C:/Users/Drago/Documents/Unreal Projects/GTMKCountdown/Content/Assets/Textures/BallPeenLP_NormalGL.uasset" 1124
"C:/Users/Drago/Documents/Unreal Projects/GTMKCountdown/Content/Assets/Textures/BallPeenLP_NormalGL.uexp" 1125
"C:/Users/Drago/Documents/Unreal Projects/GTMKCountdown/Content/Assets/Textures/BallPeenLP_Roughness.ubulk" 1126
"C:/Users/Drago/Documents/Unreal Projects/GTMKCountdown/Content/Assets/Textures/BallPeenLP_Roughness.uasset" 1127
"C:/Users/Drago/Documents/Unreal Projects/GTMKCountdown/Content/Assets/Textures/BallPeenLP_Roughness.uexp" 1128
"C:/Users/Drago/Documents/Unreal Projects/GTMKCountdown/Content/Assets/Materials/Hammer.uasset" 1129
"C:/Users/Drago/Documents/Unreal Projects/GTMKCountdown/Content/Assets/Materials/Hammer.uexp" 1130
"C:/Users/Drago/Documents/Unreal Projects/GTMKCountdown/Content/Assets/Models/Handle_low.ubulk" 1131
"C:/Users/Drago/Documents/Unreal Projects/GTMKCountdown/Content/Assets/Models/Handle_low.uasset" 1132
"C:/Users/Drago/Documents/Unreal Projects/GTMKCountdown/Content/Assets/Models/Handle_low.uexp" 1133
"C:/Users/Drago/Documents/Unreal Projects/GTMKCountdown/Content/Assets/Models/Head_low.ubulk" 1134
"C:/Users/Drago/Documents/Unreal Projects/GTMKCountdown/Content/Assets/Models/Head_low.uasset" 1135
"C:/Users/Drago/Documents/Unreal Projects/GTMKCountdown/Content/Assets/Models/Head_low.uexp" 1136
"C:/Users/Drago/Documents/Unreal Projects/GTMKCountdown/Content/Assets/Textures/industrial_storage_cart_diff_1k.ubulk" 1137
"C:/Users/Drago/Documents/Unreal Projects/GTMKCountdown/Content/Assets/Textures/industrial_storage_cart_diff_1k.uasset" 1138
"C:/Users/Drago/Documents/Unreal Projects/GTMKCountdown/Content/Assets/Textures/industrial_storage_cart_diff_1k.uexp" 1139
"C:/Users/Drago/Documents/Unreal Projects/GTMKCountdown/Content/Assets/Textures/industrial_storage_cart_metal_1k.ubulk" 1140
"C:/Users/Drago/Documents/Unreal Projects/GTMKCountdown/Content/Assets/Textures/industrial_storage_cart_metal_1k.uasset" 1141
"C:/Users/Drago/Documents/Unreal Projects/GTMKCountdown/Content/Assets/Textures/industrial_storage_cart_metal_1k.uexp" 1142
"C:/Users/Drago/Documents/Unreal Projects/GTMKCountdown/Content/Assets/Textures/industrial_storage_cart_nor_gl_1k.ubulk" 1143
"C:/Users/Drago/Documents/Unreal Projects/GTMKCountdown/Content/Assets/Textures/industrial_storage_cart_nor_gl_1k.uasset" 1144
"C:/Users/Drago/Documents/Unreal Projects/GTMKCountdown/Content/Assets/Textures/industrial_storage_cart_nor_gl_1k.uexp" 1145
"C:/Users/Drago/Documents/Unreal Projects/GTMKCountdown/Content/Assets/Textures/industrial_storage_cart_rough_1k.ubulk" 1146
"C:/Users/Drago/Documents/Unreal Projects/GTMKCountdown/Content/Assets/Textures/industrial_storage_cart_rough_1k.uasset" 1147
"C:/Users/Drago/Documents/Unreal Projects/GTMKCountdown/Content/Assets/Textures/industrial_storage_cart_rough_1k.uexp" 1148
"C:/Users/Drago/Documents/Unreal Projects/GTMKCountdown/Content/Assets/Materials/Cart.uasset" 1149
"C:/Users/Drago/Documents/Unreal Projects/GTMKCountdown/Content/Assets/Materials/Cart.uexp" 1150
"C:/Users/Drago/Documents/Unreal Projects/GTMKCountdown/Content/Assets/Models/industrial_storage_cart_1k.ubulk" 1151
"C:/Users/Drago/Documents/Unreal Projects/GTMKCountdown/Content/Assets/Models/industrial_storage_cart_1k.uasset" 1152
"C:/Users/Drago/Documents/Unreal Projects/GTMKCountdown/Content/Assets/Models/industrial_storage_cart_1k.uexp" 1153
"C:/Users/Drago/Documents/Unreal Projects/GTMKCountdown/Content/Assets/Textures/caged_hanging_light_diff_1k.ubulk" 1154
"C:/Users/Drago/Documents/Unreal Projects/GTMKCountdown/Content/Assets/Textures/caged_hanging_light_diff_1k.uasset" 1155
"C:/Users/Drago/Documents/Unreal Projects/GTMKCountdown/Content/Assets/Textures/caged_hanging_light_diff_1k.uexp" 1156
"C:/Users/Drago/Documents/Unreal Projects/GTMKCountdown/Content/Assets/Textures/caged_hanging_light_emissive_1k.ubulk" 1157
"C:/Users/Drago/Documents/Unreal Projects/GTMKCountdown/Content/Assets/Textures/caged_hanging_light_emissive_1k.uasset" 1158
"C:/Users/Drago/Documents/Unreal Projects/GTMKCountdown/Content/Assets/Textures/caged_hanging_light_emissive_1k.uexp" 1159
"C:/Users/Drago/Documents/Unreal Projects/GTMKCountdown/Content/Assets/Textures/caged_hanging_light_metal_1k.ubulk" 1160
"C:/Users/Drago/Documents/Unreal Projects/GTMKCountdown/Content/Assets/Textures/caged_hanging_light_metal_1k.uasset" 1161
"C:/Users/Drago/Documents/Unreal Projects/GTMKCountdown/Content/Assets/Textures/caged_hanging_light_metal_1k.uexp" 1162
"C:/Users/Drago/Documents/Unreal Projects/GTMKCountdown/Content/Assets/Textures/caged_hanging_light_nor_gl_1k.ubulk" 1163
"C:/Users/Drago/Documents/Unreal Projects/GTMKCountdown/Content/Assets/Textures/caged_hanging_light_nor_gl_1k.uasset" 1164
"C:/Users/Drago/Documents/Unreal Projects/GTMKCountdown/Content/Assets/Textures/caged_hanging_light_nor_gl_1k.uexp" 1165
"C:/Users/Drago/Documents/Unreal Projects/GTMKCountdown/Content/Assets/Textures/caged_hanging_light_rough_1k.ubulk" 1166
"C:/Users/Drago/Documents/Unreal Projects/GTMKCountdown/Content/Assets/Textures/caged_hanging_light_rough_1k.uasset" 1167
"C:/Users/Drago/Documents/Unreal Projects/GTMKCountdown/Content/Assets/Textures/caged_hanging_light_rough_1k.uexp" 1168
"C:/Users/Drago/Documents/Unreal Projects/GTMKCountdown/Content/Assets/Materials/Light.uasset" 1169
"C:/Users/Drago/Documents/Unreal Projects/GTMKCountdown/Content/Assets/Materials/Light.uexp" 1170
"C:/Users/Drago/Documents/Unreal Projects/GTMKCountdown/Content/Assets/Models/Light.ubulk" 1171
"C:/Users/Drago/Documents/Unreal Projects/GTMKCountdown/Content/Assets/Models/Light.uasset" 1172
"C:/Users/Drago/Documents/Unreal Projects/GTMKCountdown/Content/Assets/Models/Light.uexp" 1173
"C:/Users/Drago/Documents/Unreal Projects/GTMKCountdown/Content/Assets/Textures/modular_industrial_pipes_01_group01_diff_1k.ubulk" 1174
"C:/Users/Drago/Documents/Unreal Projects/GTMKCountdown/Content/Assets/Textures/modular_industrial_pipes_01_group01_diff_1k.uasset" 1175
"C:/Users/Drago/Documents/Unreal Projects/GTMKCountdown/Content/Assets/Textures/modular_industrial_pipes_01_group01_diff_1k.uexp" 1176
"C:/Users/Drago/Documents/Unreal Projects/GTMKCountdown/Content/Assets/Textures/modular_industrial_pipes_01_group01_metal_1k.ubulk" 1177
"C:/Users/Drago/Documents/Unreal Projects/GTMKCountdown/Content/Assets/Textures/modular_industrial_pipes_01_group01_metal_1k.uasset" 1178
"C:/Users/Drago/Documents/Unreal Projects/GTMKCountdown/Content/Assets/Textures/modular_industrial_pipes_01_group01_metal_1k.uexp" 1179
"C:/Users/Drago/Documents/Unreal Projects/GTMKCountdown/Content/Assets/Textures/modular_industrial_pipes_01_group01_nor_gl_1k.ubulk" 1180
"C:/Users/Drago/Documents/Unreal Projects/GTMKCountdown/Content/Assets/Textures/modular_industrial_pipes_01_group01_nor_gl_1k.uasset" 1181
"C:/Users/Drago/Documents/Unreal Projects/GTMKCountdown/Content/Assets/Textures/modular_industrial_pipes_01_group01_nor_gl_1k.uexp" 1182
"C:/Users/Drago/Documents/Unreal Projects/GTMKCountdown/Content/Assets/Textures/modular_industrial_pipes_01_group01_rough_1k.ubulk" 1183
"C:/Users/Drago/Documents/Unreal Projects/GTMKCountdown/Content/Assets/Textures/modular_industrial_pipes_01_group01_rough_1k.uasset" 1184
"C:/Users/Drago/Documents/Unreal Projects/GTMKCountdown/Content/Assets/Textures/modular_industrial_pipes_01_group01_rough_1k.uexp" 1185
"C:/Users/Drago/Documents/Unreal Projects/GTMKCountdown/Content/Assets/Materials/Pipes.uasset" 1186
"C:/Users/Drago/Documents/Unreal Projects/GTMKCountdown/Content/Assets/Materials/Pipes.uexp" 1187
"C:/Users/Drago/Documents/Unreal Projects/GTMKCountdown/Content/Assets/Textures/modular_industrial_pipes_01_group02_diff_1k.ubulk" 1188
"C:/Users/Drago/Documents/Unreal Projects/GTMKCountdown/Content/Assets/Textures/modular_industrial_pipes_01_group02_diff_1k.uasset" 1189
"C:/Users/Drago/Documents/Unreal Projects/GTMKCountdown/Content/Assets/Textures/modular_industrial_pipes_01_group02_diff_1k.uexp" 1190
"C:/Users/Drago/Documents/Unreal Projects/GTMKCountdown/Content/Assets/Textures/modular_industrial_pipes_01_group02_metal_1k.ubulk" 1191
"C:/Users/Drago/Documents/Unreal Projects/GTMKCountdown/Content/Assets/Textures/modular_industrial_pipes_01_group02_metal_1k.uasset" 1192
"C:/Users/Drago/Documents/Unreal Projects/GTMKCountdown/Content/Assets/Textures/modular_industrial_pipes_01_group02_metal_1k.uexp" 1193
"C:/Users/Drago/Documents/Unreal Projects/GTMKCountdown/Content/Assets/Textures/modular_industrial_pipes_01_group02_nor_gl_1k.ubulk" 1194
"C:/Users/Drago/Documents/Unreal Projects/GTMKCountdown/Content/Assets/Textures/modular_industrial_pipes_01_group02_nor_gl_1k.uasset" 1195
"C:/Users/Drago/Documents/Unreal Projects/GTMKCountdown/Content/Assets/Textures/modular_industrial_pipes_01_group02_nor_gl_1k.uexp" 1196
"C:/Users/Drago/Documents/Unreal Projects/GTMKCountdown/Content/Assets/Textures/modular_industrial_pipes_01_group02_rough_1k.ubulk" 1197
"C:/Users/Drago/Documents/Unreal Projects/GTMKCountdown/Content/Assets/Textures/modular_industrial_pipes_01_group02_rough_1k.uasset" 1198
"C:/Users/Drago/Documents/Unreal Projects/GTMKCountdown/Content/Assets/Textures/modular_industrial_pipes_01_group02_rough_1k.uexp" 1199
"C:/Users/Drago/Documents/Unreal Projects/GTMKCountdown/Content/Assets/Materials/Pipes2.uasset" 1200
"C:/Users/Drago/Documents/Unreal Projects/GTMKCountdown/Content/Assets/Materials/Pipes2.uexp" 1201
"C:/Users/Drago/Documents/Unreal Projects/GTMKCountdown/Content/Assets/Models/Pipes.ubulk" 1202
"C:/Users/Drago/Documents/Unreal Projects/GTMKCountdown/Content/Assets/Models/Pipes.uasset" 1203
"C:/Users/Drago/Documents/Unreal Projects/GTMKCountdown/Content/Assets/Models/Pipes.uexp" 1204
"C:/Users/Drago/Documents/Unreal Projects/GTMKCountdown/Content/Assets/Models/Room.ubulk" 1205
"C:/Users/Drago/Documents/Unreal Projects/GTMKCountdown/Content/Assets/Models/Room.uasset" 1206
"C:/Users/Drago/Documents/Unreal Projects/GTMKCountdown/Content/Assets/Models/Room.uexp" 1207
"C:/Users/Drago/Documents/Unreal Projects/GTMKCountdown/Content/Assets/Models/Screen.ubulk" 1208
"C:/Users/Drago/Documents/Unreal Projects/GTMKCountdown/Content/Assets/Models/Screen.uasset" 1209
"C:/Users/Drago/Documents/Unreal Projects/GTMKCountdown/Content/Assets/Models/Screen.uexp" 1210
"C:/Users/Drago/Documents/Unreal Projects/GTMKCountdown/Content/Assets/Models/Tapes.ubulk" 1211
"C:/Users/Drago/Documents/Unreal Projects/GTMKCountdown/Content/Assets/Models/Tapes.uasset" 1212
"C:/Users/Drago/Documents/Unreal Projects/GTMKCountdown/Content/Assets/Models/Tapes.uexp" 1213
"C:/Users/Drago/Documents/Unreal Projects/GTMKCountdown/Content/Assets/Models/Trolley.ubulk" 1214
"C:/Users/Drago/Documents/Unreal Projects/GTMKCountdown/Content/Assets/Models/Trolley.uasset" 1215
"C:/Users/Drago/Documents/Unreal Projects/GTMKCountdown/Content/Assets/Models/Trolley.uexp" 1216
"C:/Users/Drago/Documents/Unreal Projects/GTMKCountdown/Content/Assets/Materials/Paper.uasset" 1217
"C:/Users/Drago/Documents/Unreal Projects/GTMKCountdown/Content/Assets/Materials/Paper.uexp" 1218
"C:/Users/Drago/Documents/Unreal Projects/GTMKCountdown/Content/Assets/SFX/VowelsConsonants.ubulk" 1219
"C:/Users/Drago/Documents/Unreal Projects/GTMKCountdown/Content/Assets/SFX/VowelsConsonants.uasset" 1220
"C:/Users/Drago/Documents/Unreal Projects/GTMKCountdown/Content/Assets/SFX/VowelsConsonants.uexp" 1221
"C:/Users/Drago/Documents/Unreal Projects/GTMKCountdown/Content/Assets/Models/Board.ubulk" 1222
"C:/Users/Drago/Documents/Unreal Projects/GTMKCountdown/Content/Assets/Models/Board.uasset" 1223
"C:/Users/Drago/Documents/Unreal Projects/GTMKCountdown/Content/Assets/Models/Board.uexp" 1224
"C:/Users/Drago/Documents/Unreal Projects/GTMKCountdown/Content/Assets/Models/Drawer_Consonant.ubulk" 1225
"C:/Users/Drago/Documents/Unreal Projects/GTMKCountdown/Content/Assets/Models/Drawer_Consonant.uasset" 1226
"C:/Users/Drago/Documents/Unreal Projects/GTMKCountdown/Content/Assets/Models/Drawer_Consonant.uexp" 1227
"C:/Users/Drago/Documents/Unreal Projects/GTMKCountdown/Content/Assets/Models/Drawer_Vowel.ubulk" 1228
"C:/Users/Drago/Documents/Unreal Projects/GTMKCountdown/Content/Assets/Models/Drawer_Vowel.uasset" 1229
"C:/Users/Drago/Documents/Unreal Projects/GTMKCountdown/Content/Assets/Models/Drawer_Vowel.uexp" 1230
"C:/Users/Drago/Documents/Unreal Projects/GTMKCountdown/Content/GTMKCountdown/Blueprints/LetterBoard/M_BoardInk.uasset" 1231
"C:/Users/Drago/Documents/Unreal Projects/GTMKCountdown/Content/GTMKCountdown/Blueprints/LetterBoard/M_BoardInk.uexp" 1232
"C:/Users/Drago/Documents/Unreal Projects/GTMKCountdown/Content/GTMKCountdown/Blueprints/UI/WBP_Letter.uasset" 1233
"C:/Users/Drago/Documents/Unreal Projects/GTMKCountdown/Content/GTMKCountdown/Blueprints/UI/WBP_Letter.uexp" 1234
"C:/Users/Drago/Documents/Unreal Projects/GTMKCountdown/Content/Assets/Textures/PlacardLP_DefaultMaterial_BaseColor.ubulk" 1235
"C:/Users/Drago/Documents/Unreal Projects/GTMKCountdown/Content/Assets/Textures/PlacardLP_DefaultMaterial_BaseColor.uasset" 1236
"C:/Users/Drago/Documents/Unreal Projects/GTMKCountdown/Content/Assets/Textures/PlacardLP_DefaultMaterial_BaseColor.uexp" 1237
"C:/Users/Drago/Documents/Unreal Projects/GTMKCountdown/Content/Assets/Textures/PlacardLP_DefaultMaterial_Normal.ubulk" 1238
"C:/Users/Drago/Documents/Unreal Projects/GTMKCountdown/Content/Assets/Textures/PlacardLP_DefaultMaterial_Normal.uasset" 1239
"C:/Users/Drago/Documents/Unreal Projects/GTMKCountdown/Content/Assets/Textures/PlacardLP_DefaultMaterial_Normal.uexp" 1240
"C:/Users/Drago/Documents/Unreal Projects/GTMKCountdown/Content/Assets/Textures/PlacardLP_DefaultMaterial_OcclusionRoughnessMetallic.ubulk" 1241
"C:/Users/Drago/Documents/Unreal Projects/GTMKCountdown/Content/Assets/Textures/PlacardLP_DefaultMaterial_OcclusionRoughnessMetallic.uasset" 1242
"C:/Users/Drago/Documents/Unreal Projects/GTMKCountdown/Content/Assets/Textures/PlacardLP_DefaultMaterial_OcclusionRoughnessMetallic.uexp" 1243
"C:/Users/Drago/Documents/Unreal Projects/GTMKCountdown/Content/Assets/Materials/Placard.uasset" 1244
"C:/Users/Drago/Documents/Unreal Projects/GTMKCountdown/Content/Assets/Materials/Placard.uexp" 1245
"C:/Users/Drago/Documents/Unreal Projects/GTMKCountdown/Content/Assets/Models/PlacardLP.ubulk" 1246
"C:/Users/Drago/Documents/Unreal Projects/GTMKCountdown/Content/Assets/Models/PlacardLP.uasset" 1247
"C:/Users/Drago/Documents/Unreal Projects/GTMKCountdown/Content/Assets/Models/PlacardLP.uexp" 1248
"C:/Users/Drago/Documents/Unreal Projects/GTMKCountdown/Content/GTMKCountdown/Blueprints/LetterBoard/BP_Board.uasset" 1249
"C:/Users/Drago/Documents/Unreal Projects/GTMKCountdown/Content/GTMKCountdown/Blueprints/LetterBoard/BP_Board.uexp" 1250
"C:/Users/Drago/Documents/Unreal Projects/GTMKCountdown/Content/GTMKCountdown/Map/Lvl_Countdown_BuiltData.ubulk" 1251
"C:/Users/Drago/Documents/Unreal Projects/GTMKCountdown/Content/GTMKCountdown/Map/Lvl_Countdown_BuiltData.uasset" 1252
"C:/Users/Drago/Documents/Unreal Projects/GTMKCountdown/Content/GTMKCountdown/Map/Lvl_Countdown_BuiltData.uexp" 1253
"C:/Users/Drago/Documents/Unreal Projects/GTMKCountdown/Content/GTMKCountdown/Map/Lvl_Countdown.uexp" 1254
"C:/Users/Drago/Documents/Unreal Projects/GTMKCountdown/Content/GTMKCountdown/Map/Lvl_Countdown.umap" 1255
"../../../Engine/Content/EngineMaterials/FastBlueNoise_scalar_128x128x8.uasset" 1256
"../../../Engine/Content/EngineMaterials/FastBlueNoise_scalar_128x128x8.uexp" 1257
"C:/Users/Drago/Documents/Unreal Projects/GTMKCountdown/Content/GTMKCountdown/Art/TV/GuyAngry.uasset" 1258
"C:/Users/Drago/Documents/Unreal Projects/GTMKCountdown/Content/GTMKCountdown/Art/TV/GuyAngry.uexp" 1259
"C:/Users/Drago/Documents/Unreal Projects/GTMKCountdown/Content/GTMKCountdown/Blueprints/TV/WBP_TV_Menu.uasset" 1260
"C:/Users/Drago/Documents/Unreal Projects/GTMKCountdown/Content/GTMKCountdown/Blueprints/TV/WBP_TV_Menu.uexp" 1261
"C:/Users/Drago/Documents/Unreal Projects/GTMKCountdown/Content/GTMKCountdown/Blueprints/TV/BP_TV_Menu.uasset" 1262
"C:/Users/Drago/Documents/Unreal Projects/GTMKCountdown/Content/GTMKCountdown/Blueprints/TV/BP_TV_Menu.uexp" 1263
"C:/Users/Drago/Documents/Unreal Projects/GTMKCountdown/Content/Assets/Textures/coaltower.uasset" 1264
"C:/Users/Drago/Documents/Unreal Projects/GTMKCountdown/Content/Assets/Textures/coaltower.uexp" 1265
"C:/Users/Drago/Documents/Unreal Projects/GTMKCountdown/Content/Assets/Materials/Backdrop.uasset" 1266
"C:/Users/Drago/Documents/Unreal Projects/GTMKCountdown/Content/Assets/Materials/Backdrop.uexp" 1267
"C:/Users/Drago/Documents/Unreal Projects/GTMKCountdown/Content/Assets/Models/CountdownBackdrop.ubulk" 1268
"C:/Users/Drago/Documents/Unreal Projects/GTMKCountdown/Content/Assets/Models/CountdownBackdrop.uasset" 1269
"C:/Users/Drago/Documents/Unreal Projects/GTMKCountdown/Content/Assets/Models/CountdownBackdrop.uexp" 1270
"C:/Users/Drago/Documents/Unreal Projects/GTMKCountdown/Content/Assets/Models/Drawers.ubulk" 1271
"C:/Users/Drago/Documents/Unreal Projects/GTMKCountdown/Content/Assets/Models/Drawers.uasset" 1272
"C:/Users/Drago/Documents/Unreal Projects/GTMKCountdown/Content/Assets/Models/Drawers.uexp" 1273
"C:/Users/Drago/Documents/Unreal Projects/GTMKCountdown/Content/GTMKCountdown/Art/GTMK26.uasset" 1274
"C:/Users/Drago/Documents/Unreal Projects/GTMKCountdown/Content/GTMKCountdown/Art/GTMK26.uexp" 1275
"C:/Users/Drago/Documents/Unreal Projects/GTMKCountdown/Content/GTMKCountdown/Art/Logo.uasset" 1276
"C:/Users/Drago/Documents/Unreal Projects/GTMKCountdown/Content/GTMKCountdown/Art/Logo.uexp" 1277
"C:/Users/Drago/Documents/Unreal Projects/GTMKCountdown/Content/Assets/SFX/SCM_Master.uasset" 1278
"C:/Users/Drago/Documents/Unreal Projects/GTMKCountdown/Content/Assets/SFX/SCM_Master.uexp" 1279
"C:/Users/Drago/Documents/Unreal Projects/GTMKCountdown/Content/GTMKCountdown/Art/Fonts/digital-7.uexp" 1280
"C:/Users/Drago/Documents/Unreal Projects/GTMKCountdown/Content/GTMKCountdown/Art/Fonts/digital-7.uasset" 1281
"C:/Users/Drago/Documents/Unreal Projects/GTMKCountdown/Content/GTMKCountdown/Art/Fonts/digital-7.ufont" 1282
"C:/Users/Drago/Documents/Unreal Projects/GTMKCountdown/Content/GTMKCountdown/Art/Fonts/digital-7_Font.uasset" 1283
"C:/Users/Drago/Documents/Unreal Projects/GTMKCountdown/Content/GTMKCountdown/Art/Fonts/digital-7_Font.uexp" 1284
"C:/Users/Drago/Documents/Unreal Projects/GTMKCountdown/Content/GTMKCountdown/Blueprints/UI/WBP_Settings.uasset" 1285
"C:/Users/Drago/Documents/Unreal Projects/GTMKCountdown/Content/GTMKCountdown/Blueprints/UI/WBP_Settings.uexp" 1286
"C:/Users/Drago/Documents/Unreal Projects/GTMKCountdown/Content/GTMKCountdown/Blueprints/UI/WBP_MainMenu.uasset" 1287
"C:/Users/Drago/Documents/Unreal Projects/GTMKCountdown/Content/GTMKCountdown/Blueprints/UI/WBP_MainMenu.uexp" 1288
"C:/Users/Drago/Documents/Unreal Projects/GTMKCountdown/Content/GTMKCountdown/Map/Lvl_MainMenu.uexp" 1289
"C:/Users/Drago/Documents/Unreal Projects/GTMKCountdown/Content/GTMKCountdown/Map/Lvl_MainMenu.umap" 1290
