---,Word,Mature
1,aba,0
2,aback,0
3,abacus,0
4,abalone,0
5,abandon,0
6,abandoned,0
7,abandons,0
8,abate,0
9,abated,0
10,abatement,0
11,abattoir,0
12,abb,0
13,abba,0
14,abbas,0
15,abbess,0
16,abbey,0
17,abbot,0
18,abdicate,0
19,abdicated,0
20,abdomen,0
21,abdominal,0
22,abduct,0
23,abducted,0
24,abducting,0
25,abduction,0
26,abed,0
27,aberrant,0
28,abetted,0
29,abetting,0
30,abhor,0
31,abhorrent,0
32,abide,0
33,abides,0
34,abiding,0
35,abigail,0
36,abilities,0
37,ability,0
38,abject,0
39,ablation,0
40,ablaze,0
41,able,0
42,ably,0
43,abnormal,0
44,abo,0
45,aboard,0
46,abode,0
47,abolish,0
48,abolished,0
49,abolition,0
50,abort,0
51,aborted,0
52,abortion,0
53,abortions,0
54,abortive,0
55,abound,0
56,abounds,0
57,about,0
58,above,0
59,abram,0
60,abrasion,0
61,abrasions,0
62,abrasive,0
63,abreast,0
64,abridged,0
65,abroad,0
66,abrupt,0
67,abruptly,0
68,abs,0
69,abscess,0
70,absence,0
71,absences,0
72,absent,0
73,absentee,0
74,absinthe,0
75,absolute,0
76,absolve,0
77,absolved,0
78,absorb,0
79,absorbed,0
80,absorbent,0
81,absorber,0
82,absorbers,0
83,absorbing,0
84,absorbs,0
85,abstain,0
86,abstained,0
87,abstract,0
88,abstracts,0
89,absurd,0
90,absurdity,0
91,absurdly,0
92,abundance,0
93,abundant,0
94,abuse,0
95,abused,0
96,abuser,0
97,abusers,0
98,abuses,0
99,abusing,0
100,abusive,0
101,abut,0
102,abysmal,0
103,abyss,0
104,acacia,0
105,academia,0
106,academic,0
107,academics,0
108,academies,0
109,academy,0
110,accede,0
111,acceded,0
112,accent,0
113,accented,0
114,accents,0
115,accept,0
116,accepted,0
117,accepting,0
118,acceptor,0
119,accepts,0
120,access,0
121,accessed,0
122,accesses,0
123,accessing,0
124,accession,0
125,accessory,0
126,accident,0
127,accidents,0
128,acclaim,0
129,acclaimed,0
130,accolade,0
131,accolades,0
132,accompany,0
133,accord,0
134,accorded,0
135,according,0
136,accordion,0
137,accords,0
138,accosted,0
139,account,0
140,accounted,0
141,accounts,0
142,accretion,0
143,accrual,0
144,accrue,0
145,accrued,0
146,accruing,0
147,accuracy,0
148,accurate,0
149,accursed,0
150,accuse,0
151,accused,0
152,accuser,0
153,accusers,0
154,accuses,0
155,accusing,0
156,ace,0
157,aced,0
158,acer,0
159,aces,0
160,acetate,0
161,acetic,0
162,acetone,0
163,acetyl,0
164,ach,0
165,acharya,0
166,ache,0
167,aches,0
168,achieve,0
169,achieved,0
170,achiever,0
171,achievers,0
172,achieves,0
173,achieving,0
174,aching,0
175,acid,0
176,acidic,0
177,acidity,0
178,acids,0
179,acme,0
180,acne,0
181,acolytes,0
182,acorn,0
183,acorns,0
184,acoustic,0
185,acoustics,0
186,acquaint,0
187,acquire,0
188,acquired,0
189,acquires,0
190,acquiring,0
191,acquit,0
192,acquittal,0
193,acquitted,0
194,acre,0
195,acreage,0
196,acres,0
197,acrobat,0
198,acrobatic,0
199,acrobats,0
200,acronym,0
201,acronyms,0
202,acropolis,0
203,across,0
204,acrylic,0
205,acrylics,0
206,act,0
207,acta,0
208,acted,0
209,actin,0
210,acting,0
211,action,0
212,actions,0
213,activate,0
214,activated,0
215,activates,0
216,activator,0
217,active,0
218,actively,0
219,actives,0
220,activism,0
221,activist,0
222,activists,0
223,activity,0
224,acton,0
225,actor,0
226,actors,0
227,actress,0
228,actresses,0
229,acts,0
230,actual,0
231,actuality,0
232,actually,0
233,actuarial,0
234,actuaries,0
235,actuary,0
236,actuated,0
237,actuator,0
238,actuators,0
239,acuity,0
240,acumen,0
241,acute,0
242,acutely,0
243,adage,0
244,adagio,0
245,adamant,0
246,adamantly,0
247,adapt,0
248,adaptable,0
249,adapted,0
250,adapter,0
251,adapters,0
252,adapting,0
253,adaption,0
254,adaptive,0
255,adaptor,0
256,adapts,0
257,add,0
258,added,0
259,addendum,0
260,adder,0
261,addict,0
262,addicted,0
263,addicting,0
264,addiction,0
265,addictive,0
266,addicts,0
267,adding,0
268,addition,0
269,additions,0
270,additive,0
271,additives,0
272,addled,0
273,address,0
274,addressed,0
275,addresses,0
276,adds,0
277,addy,0
278,adenosine,0
279,adept,0
280,adequacy,0
281,adequate,0
282,adhere,0
283,adhered,0
284,adherence,0
285,adherent,0
286,adherents,0
287,adheres,0
288,adhering,0
289,adhesion,0
290,adhesive,0
291,adhesives,0
292,adieu,0
293,adios,0
294,adipose,0
295,adjacent,0
296,adjective,0
297,adjoining,0
298,adjourn,0
299,adjourned,0
300,adjudged,0
301,adjunct,0
302,adjust,0
303,adjusted,0
304,adjuster,0
305,adjusting,0
306,adjusts,0
307,adjutant,0
308,adjuvant,0
309,admin,0
310,admins,0
311,admirable,0
312,admirably,0
313,admiral,0
314,admirals,0
315,admiralty,0
316,admire,0
317,admired,0
318,admirer,0
319,admirers,0
320,admires,0
321,admiring,0
322,admission,0
323,admit,0
324,admits,0
325,admitted,0
326,admitting,0
327,admixture,0
328,ado,0
329,adobe,0
330,adonis,0
331,adopt,0
332,adopted,0
333,adopter,0
334,adopters,0
335,adopting,0
336,adoption,0
337,adoptions,0
338,adoptive,0
339,adopts,0
340,adorable,0
341,adoration,0
342,adore,0
343,adored,0
344,adores,0
345,adoring,0
346,adorn,0
347,adorned,0
348,adorning,0
349,adrenal,0
350,adrenalin,0
351,adrift,0
352,ads,0
353,adulation,0
354,adult,0
355,adultery,0
356,adulthood,0
357,adults,0
358,advance,0
359,advanced,0
360,advances,0
361,advancing,0
362,advantage,0
363,advent,0
364,adventure,0
365,adverb,0
366,adverbs,0
367,adversary,0
368,adverse,0
369,adversely,0
370,adversity,0
371,advert,0
372,advertise,0
373,adverts,0
374,advice,0
375,advices,0
376,advisable,0
377,advise,0
378,advised,0
379,adviser,0
380,advisers,0
381,advises,0
382,advising,0
383,advisor,0
384,advisors,0
385,advisory,0
386,advocacy,0
387,advocate,0
388,advocated,0
389,advocates,0
390,aegis,0
391,aeon,0
392,aerial,0
393,aerials,0
394,aero,0
395,aerobic,0
396,aerobics,0
397,aerodrome,0
398,aeroplane,0
399,aerosol,0
400,aerosols,0
401,aerospace,0
402,aesthetic,0
403,aether,0
404,afar,0
405,aff,0
406,affable,0
407,affair,0
408,affaires,0
409,affairs,0
410,affect,0
411,affected,0
412,affecting,0
413,affection,0
414,affective,0
415,affects,0
416,affidavit,0
417,affiliate,0
418,affinity,0
419,affirm,0
420,affirmed,0
421,affirming,0
422,affirms,0
423,affix,0
424,affixed,0
425,afflicted,0
426,affluence,0
427,affluent,0
428,afford,0
429,afforded,0
430,affording,0
431,affords,0
432,affront,0
433,afghan,0
434,afghans,0
435,afield,0
436,afloat,0
437,afoot,0
438,aforesaid,0
439,afoul,0
440,afraid,0
441,afresh,0
442,afro,0
443,aft,0
444,after,0
445,aftercare,0
446,afterglow,0
447,afterlife,0
448,aftermath,0
449,afternoon,0
450,afterward,0
451,aga,0
452,again,0
453,against,0
454,agape,0
455,agar,0
456,agate,0
457,agave,0
458,age,0
459,aged,0
460,ageing,0
461,ageless,0
462,agencies,0
463,agency,0
464,agenda,0
465,agendas,0
466,agent,0
467,agents,0
468,ages,0
469,aggie,0
470,aggies,0
471,aggravate,0
472,aggregate,0
473,aggressor,0
474,aggrieved,0
475,agha,0
476,aghast,0
477,agile,0
478,agility,0
479,aging,0
480,agitate,0
481,agitated,0
482,agitating,0
483,agitation,0
484,agitator,0
485,agitators,0
486,agnostic,0
487,ago,0
488,agonist,0
489,agonists,0
490,agonizing,0
491,agony,0
492,agora,0
493,agrarian,0
494,agree,0
495,agreeable,0
496,agreed,0
497,agreeing,0
498,agreement,0
499,agrees,0
500,aground,0
501,ags,0
502,aha,0
503,ahead,0
504,ahem,0
505,ahold,0
506,ahoy,0
507,ahs,0
508,aia,0
509,aid,0
510,aida,0
511,aide,0
512,aided,0
513,aides,0
514,aiding,0
515,aids,0
516,aight,0
517,aikido,0
518,ailing,0
519,ailment,0
520,ailments,0
521,aim,0
522,aimed,0
523,aiming,0
524,aimless,0
525,aimlessly,0
526,aims,0
527,ain,0
528,air,0
529,airbag,0
530,airbags,0
531,airbase,0
532,airborne,0
533,airbrush,0
534,airbus,0
535,aircraft,0
536,aircrew,0
537,airdrop,0
538,aired,0
539,airfare,0
540,airfield,0
541,airfields,0
542,airflow,0
543,airframe,0
544,airing,0
545,airlift,0
546,airlifted,0
547,airline,0
548,airliner,0
549,airliners,0
550,airlines,0
551,airlock,0
552,airmail,0
553,airman,0
554,airmen,0
555,airplane,0
556,airplanes,0
557,airplay,0
558,airport,0
559,airports,0
560,airs,0
561,airship,0
562,airships,0
563,airshow,0
564,airspace,0
565,airspeed,0
566,airstrike,0
567,airstrip,0
568,airtight,0
569,airtime,0
570,airwaves,0
571,airway,0
572,airways,0
573,airy,0
574,ais,0
575,aisle,0
576,aisles,0
577,ait,0
578,ajar,0
579,aka,0
580,ake,0
581,akin,0
582,ala,0
583,alabaster,0
584,alameda,0
585,alamo,0
586,alamos,0
587,alan,0
588,alanine,0
589,alarm,0
590,alarmed,0
591,alarming,0
592,alarmist,0
593,alarms,0
594,alas,0
595,alaska,0
596,alb,0
597,alba,0
598,albatross,0
599,albedo,0
600,albeit,0
601,albert,0
602,albino,0
603,album,0
604,albumin,0
605,albums,0
606,alchemist,0
607,alchemy,0
608,alcohol,0
609,alcoholic,0
610,alcohols,0
611,alcove,0
612,alder,0
613,alderman,0
614,aldermen,0
615,aldrin,0
616,ale,0
617,alec,0
618,alert,0
619,alerted,0
620,alerting,0
621,alertness,0
622,alerts,0
623,ales,0
624,alexander,0
625,alexia,0
626,alf,0
627,alfa,0
628,alfalfa,0
629,alfredo,0
630,algae,0
631,algal,0
632,algebra,0
633,algebraic,0
634,algebras,0
635,algorithm,0
636,alias,0
637,aliases,0
638,alibi,0
639,alien,0
640,alienate,0
641,alienated,0
642,aliens,0
643,alight,0
644,align,0
645,aligned,0
646,aligning,0
647,alignment,0
648,aligns,0
649,alike,0
650,alimony,0
651,aline,0
652,alison,0
653,alive,0
654,alkali,0
655,alkaline,0
656,alkaloids,0
657,alkyl,0
658,all,0
659,allay,0
660,allege,0
661,alleged,0
662,allegedly,0
663,alleges,0
664,alleging,0
665,allegory,0
666,allegro,0
667,allele,0
668,alleles,0
669,allergen,0
670,allergens,0
671,allergic,0
672,allergies,0
673,allergy,0
674,alleviate,0
675,alley,0
676,alleys,0
677,alleyway,0
678,alliance,0
679,alliances,0
680,allied,0
681,allies,0
682,alligator,0
683,allocate,0
684,allocated,0
685,allocates,0
686,allot,0
687,allotment,0
688,allotted,0
689,allow,0
690,allowable,0
691,allowance,0
692,allowed,0
693,allowing,0
694,allows,0
695,alloy,0
696,alloys,0
697,alls,0
698,allude,0
699,alluded,0
700,alludes,0
701,alluding,0
702,allure,0
703,alluring,0
704,allusion,0
705,allusions,0
706,alluvial,0
707,ally,0
708,alma,0
709,almanac,0
710,almighty,0
711,almond,0
712,almonds,0
713,almost,0
714,alms,0
715,aloe,0
716,aloft,0
717,aloha,0
718,alone,0
719,along,0
720,alongside,0
721,aloof,0
722,alopecia,0
723,aloud,0
724,alp,0
725,alpaca,0
726,alpha,0
727,alphabet,0
728,alphabets,0
729,alphas,0
730,alpine,0
731,alps,0
732,already,0
733,alright,0
734,als,0
735,also,0
736,alt,0
737,altar,0
738,altars,0
739,alter,0
740,altered,0
741,altering,0
742,alternate,0
743,alters,0
744,althea,0
745,altho,0
746,although,0
747,altitude,0
748,altitudes,0
749,alto,0
750,altos,0
751,altruism,0
752,alum,0
753,alumina,0
754,aluminium,0
755,aluminum,0
756,alumni,0
757,alumnus,0
758,alveolar,0
759,alway,0
760,always,0
761,ama,0
762,amalgam,0
763,amass,0
764,amassed,0
765,amassing,0
766,amateur,0
767,amateurs,0
768,amaze,0
769,amazed,0
770,amazement,0
771,amazes,0
772,amazing,0
773,amazingly,0
774,amazon,0
775,amazonian,0
776,amazons,0
777,amber,0
778,ambiance,0
779,ambience,0
780,ambient,0
781,ambiguity,0
782,ambiguous,0
783,ambition,0
784,ambitions,0
785,ambitious,0
786,ambrosia,0
787,ambulance,0
788,ambush,0
789,ambushed,0
790,ambushes,0
791,ame,0
792,amelia,0
793,amen,0
794,amenable,0
795,amend,0
796,amended,0
797,amending,0
798,amendment,0
799,amends,0
800,amenities,0
801,amenity,0
802,ames,0
803,amethyst,0
804,ami,0
805,amiable,0
806,amicable,0
807,amicably,0
808,amicus,0
809,amid,0
810,amidst,0
811,amie,0
812,amiga,0
813,amigo,0
814,amigos,0
815,amin,0
816,amine,0
817,amines,0
818,amino,0
819,amir,0
820,amis,0
821,amiss,0
822,amity,0
823,amman,0
824,ammo,0
825,ammonia,0
826,ammonium,0
827,amnesia,0
828,amnesty,0
829,amniotic,0
830,amoeba,0
831,amok,0
832,among,0
833,amongst,0
834,amoral,0
835,amorous,0
836,amorphous,0
837,amount,0
838,amounted,0
839,amounting,0
840,amounts,0
841,amour,0
842,amp,0
843,amped,0
844,amphibian,0
845,ample,0
846,amplified,0
847,amplifier,0
848,amplifies,0
849,amplify,0
850,amplitude,0
851,amply,0
852,amps,0
853,amputated,0
854,amputee,0
855,amputees,0
856,amulet,0
857,amulets,0
858,amuse,0
859,amused,0
860,amusement,0
861,amuses,0
862,amusing,0
863,amygdala,0
864,amyloid,0
865,ana,0
866,anabolic,0
867,anaconda,0
868,anaemia,0
869,anaerobic,0
870,anagram,0
871,anal,1
872,analgesic,0
873,analog,0
874,analogies,0
875,analogous,0
876,analogs,0
877,analogue,0
878,analogues,0
879,analogy,0
880,analyse,0
881,analysed,0
882,analyses,0
883,analysing,0
884,analysis,0
885,analyst,0
886,analysts,0
887,analytic,0
888,analytics,0
889,analyze,0
890,analyzed,0
891,analyzer,0
892,analyzers,0
893,analyzes,0
894,analyzing,0
895,anarchic,0
896,anarchism,0
897,anarchist,0
898,anarchy,0
899,anas,0
900,anathema,0
901,anatomic,0
902,anatomy,0
903,ancestor,0
904,ancestors,0
905,ancestral,0
906,ancestry,0
907,anchor,0
908,anchorage,0
909,anchored,0
910,anchoring,0
911,anchorman,0
912,anchors,0
913,anchovies,0
914,anchovy,0
915,ancient,0
916,ancients,0
917,ancillary,0
918,and,0
919,androgen,0
920,android,0
921,androids,0
922,andromeda,0
923,andros,0
924,ane,0
925,anecdotal,0
926,anecdote,0
927,anecdotes,0
928,anemia,0
929,anemic,0
930,anemone,0
931,aneurysm,0
932,anew,0
933,angel,0
934,angelic,0
935,angelica,0
936,angels,0
937,angelus,0
938,anger,0
939,angered,0
940,angering,0
941,angers,0
942,angina,0
943,angle,0
944,angled,0
945,angler,0
946,anglers,0
947,angles,0
948,angling,0
949,anglo,0
950,angola,0
951,angora,0
952,angrier,0
953,angrily,0
954,angry,0
955,angst,0
956,anguish,0
957,anguished,0
958,angular,0
959,ani,0
960,anil,0
961,anima,0
962,animal,0
963,animals,0
964,animate,0
965,animated,0
966,animating,0
967,animation,0
968,animator,0
969,animators,0
970,anime,0
971,animosity,0
972,animus,0
973,anion,0
974,anise,0
975,anker,0
976,ankle,0
977,ankles,0
978,ann,0
979,anna,0
980,annalise,0
981,annals,0
982,annealing,0
983,annex,0
984,annexe,0
985,annexed,0
986,annexing,0
987,anno,0
988,annotated,0
989,announce,0
990,announced,0
991,announcer,0
992,announces,0
993,annoy,0
994,annoyance,0
995,annoyed,0
996,annoying,0
997,annoys,0
998,annual,0
999,annually,0
1000,annuals,0
1001,annuities,0
1002,annuity,0
1003,annular,0
1004,annulled,0
1005,annulment,0
1006,anode,0
1007,anointed,0
1008,anointing,0
1009,anomalies,0
1010,anomalous,0
1011,anomaly,0
1012,anon,0
1013,anonymity,0
1014,anonymous,0
1015,anorexia,0
1016,anorexic,0
1017,another,0
1018,ans,0
1019,answer,0
1020,answered,0
1021,answering,0
1022,answers,0
1023,ant,0
1024,antarctic,0
1025,ante,0
1026,antelope,0
1027,antenna,0
1028,antennae,0
1029,antennas,0
1030,anterior,0
1031,anthem,0
1032,anthems,0
1033,anthology,0
1034,anthrax,0
1035,anti,0
1036,antibody,0
1037,antics,0
1038,antidote,0
1039,antigen,0
1040,antigens,0
1041,antimony,0
1042,antipathy,0
1043,antique,0
1044,antiques,0
1045,antiquity,0
1046,antitrust,0
1047,antiviral,0
1048,antivirus,0
1049,antiwar,0
1050,antler,0
1051,antlers,0
1052,ants,0
1053,antsy,0
1054,anus,1
1055,anvil,0
1056,anxieties,0
1057,anxiety,0
1058,anxious,0
1059,anxiously,0
1060,any,0
1061,anybody,0
1062,anyhow,0
1063,anymore,0
1064,anyone,0
1065,anyplace,0
1066,anything,0
1067,anytime,0
1068,anyway,0
1069,anyways,0
1070,anywhere,0
1071,aorta,0
1072,aortic,0
1073,apache,0
1074,apaches,0
1075,apart,0
1076,apartheid,0
1077,apartment,0
1078,apathetic,0
1079,apathy,0
1080,ape,0
1081,aperture,0
1082,apertures,0
1083,apes,0
1084,apex,0
1085,aphasia,0
1086,aphids,0
1087,aphrodite,0
1088,apical,0
1089,apiece,0
1090,apnea,0
1091,apo,0
1092,apogee,0
1093,apollo,0
1094,apologies,0
1095,apologise,0
1096,apologist,0
1097,apologize,0
1098,apology,0
1099,apoptosis,0
1100,apos,0
1101,apostasy,0
1102,apostate,0
1103,apostates,0
1104,apostle,0
1105,apostles,0
1106,apostolic,0
1107,app,0
1108,appalled,0
1109,appalling,0
1110,apparatus,0
1111,apparel,0
1112,apparent,0
1113,appeal,0
1114,appealed,0
1115,appealing,0
1116,appeals,0
1117,appear,0
1118,appeared,0
1119,appearing,0
1120,appears,0
1121,appease,0
1122,appeasing,0
1123,appel,0
1124,appellant,0
1125,appellate,0
1126,append,0
1127,appendage,0
1128,appended,0
1129,appendix,0
1130,appetite,0
1131,appetites,0
1132,appetizer,0
1133,applaud,0
1134,applauded,0
1135,applauds,0
1136,applause,0
1137,apple,0
1138,apples,0
1139,appliance,0
1140,applicant,0
1141,applied,0
1142,applies,0
1143,apply,0
1144,applying,0
1145,appoint,0
1146,appointed,0
1147,appointee,0
1148,appoints,0
1149,appraisal,0
1150,appraise,0
1151,appraised,0
1152,appraiser,0
1153,apprehend,0
1154,apprised,0
1155,approach,0
1156,approval,0
1157,approvals,0
1158,approve,0
1159,approved,0
1160,approves,0
1161,approving,0
1162,apps,0
1163,apricot,0
1164,apricots,0
1165,apron,0
1166,aprons,0
1167,apropos,0
1168,apt,0
1169,aptitude,0
1170,aptly,0
1171,aqua,0
1172,aquarium,0
1173,aquariums,0
1174,aquatic,0
1175,aquatics,0
1176,aqueduct,0
1177,aqueous,0
1178,aquifer,0
1179,aquifers,0
1180,arabic,0
1181,arable,0
1182,arb,0
1183,arbiter,0
1184,arbitrage,0
1185,arbitrary,0
1186,arbor,0
1187,arboretum,0
1188,arc,0
1189,arcade,0
1190,arcades,0
1191,arcadia,0
1192,arcana,0
1193,arcane,0
1194,arch,0
1195,archaic,0
1196,archangel,0
1197,archduke,0
1198,arched,0
1199,archer,0
1200,archers,0
1201,archery,0
1202,arches,0
1203,archetype,0
1204,arching,0
1205,architect,0
1206,archival,0
1207,archive,0
1208,archived,0
1209,archives,0
1210,archiving,0
1211,archivist,0
1212,archon,0
1213,archway,0
1214,arco,0
1215,arcs,0
1216,arctic,0
1217,ard,0
1218,ardent,0
1219,arduous,0
1220,are,0
1221,area,0
1222,areas,0
1223,arena,0
1224,arenas,0
1225,ares,0
1226,arf,0
1227,argent,0
1228,argentine,0
1229,arginine,0
1230,argon,0
1231,arguable,0
1232,arguably,0
1233,argue,0
1234,argued,0
1235,argues,0
1236,arguing,0
1237,argument,0
1238,arguments,0
1239,argus,0
1240,argyle,0
1241,argyll,0
1242,aria,0
1243,arias,0
1244,arid,0
1245,ariel,0
1246,aris,0
1247,arise,0
1248,arisen,0
1249,arises,0
1250,arising,0
1251,aristotle,0
1252,ark,0
1253,arm,0
1254,armada,0
1255,armadillo,0
1256,armament,0
1257,armaments,0
1258,armature,0
1259,armband,0
1260,armchair,0
1261,armed,0
1262,armies,0
1263,arming,0
1264,armistice,0
1265,armor,0
1266,armored,0
1267,armory,0
1268,armour,0
1269,armoured,0
1270,armoury,0
1271,armpit,0
1272,armpits,0
1273,arms,0
1274,army,0
1275,aroma,0
1276,aromas,0
1277,aromatic,0
1278,arose,0
1279,around,0
1280,arousal,0
1281,arouse,0
1282,aroused,0
1283,arousing,0
1284,arraigned,0
1285,arrange,0
1286,arranged,0
1287,arranger,0
1288,arranges,0
1289,arranging,0
1290,arras,0
1291,array,0
1292,arrayed,0
1293,arrays,0
1294,arrears,0
1295,arrest,0
1296,arrested,0
1297,arresting,0
1298,arrests,0
1299,arrival,0
1300,arrivals,0
1301,arrive,0
1302,arrived,0
1303,arrives,0
1304,arriving,0
1305,arrogance,0
1306,arrogant,0
1307,arrow,0
1308,arrowhead,0
1309,arrows,0
1310,arroyo,0
1311,ars,0
1312,arse,1
1313,arsed,0
1314,arsehole,1
1315,arsenal,0
1316,arsenals,0
1317,arsenic,0
1318,arson,0
1319,arsonist,0
1320,art,0
1321,artefact,0
1322,artefacts,0
1323,arterial,0
1324,arteries,0
1325,artery,0
1326,artful,0
1327,artfully,0
1328,arthritis,0
1329,artichoke,0
1330,article,0
1331,articles,0
1332,articular,0
1333,artifact,0
1334,artifacts,0
1335,artifice,0
1336,artillery,0
1337,artis,0
1338,artisan,0
1339,artisanal,0
1340,artisans,0
1341,artist,0
1342,artiste,0
1343,artistes,0
1344,artistic,0
1345,artistry,0
1346,artists,0
1347,arts,0
1348,artsy,0
1349,artwork,0
1350,artworks,0
1351,arty,0
1352,ary,0
1353,asbestos,0
1354,ascend,0
1355,ascendant,0
1356,ascended,0
1357,ascending,0
1358,ascends,0
1359,ascension,0
1360,ascent,0
1361,ascertain,0
1362,ascetic,0
1363,ascot,0
1364,ascribe,0
1365,ascribed,0
1366,asexual,0
1367,ash,0
1368,ashamed,0
1369,ashes,0
1370,ashore,0
1371,ashraf,0
1372,ashram,0
1373,ashtray,0
1374,ashy,0
1375,aside,0
1376,asides,0
1377,asinine,0
1378,ask,0
1379,asked,0
1380,askew,0
1381,asking,0
1382,asks,0
1383,asleep,0
1384,asp,0
1385,asparagus,0
1386,aspect,0
1387,aspects,0
1388,aspen,0
1389,asphalt,0
1390,aspirant,0
1391,aspirants,0
1392,aspirated,0
1393,aspire,0
1394,aspired,0
1395,aspires,0
1396,aspirin,0
1397,aspiring,0
1398,ass,1
1399,assailant,0
1400,assailed,0
1401,assam,0
1402,assassin,0
1403,assassins,0
1404,assault,0
1405,assaulted,0
1406,assaults,0
1407,assay,0
1408,assays,0
1409,assemble,0
1410,assembled,0
1411,assembler,0
1412,assembles,0
1413,assembly,0
1414,assent,0
1415,assert,0
1416,asserted,0
1417,asserting,0
1418,assertion,0
1419,assertive,0
1420,asserts,0
1421,asses,1
1422,assess,0
1423,assessed,0
1424,assesses,0
1425,assessing,0
1426,assessor,0
1427,assessors,0
1428,asset,0
1429,assets,0
1430,asshole,1
1431,assholes,0
1432,assign,0
1433,assigned,0
1434,assigning,0
1435,assigns,0
1436,assist,0
1437,assistant,0
1438,assisted,0
1439,assisting,0
1440,assistive,0
1441,assists,0
1442,associate,0
1443,assorted,0
1444,assuage,0
1445,assume,0
1446,assumed,0
1447,assumes,0
1448,assuming,0
1449,assurance,0
1450,assure,0
1451,assured,0
1452,assuredly,0
1453,assures,0
1454,assuring,0
1455,aster,0
1456,asterisk,0
1457,astern,0
1458,asteroid,0
1459,asteroids,0
1460,asthma,0
1461,asthmatic,0
1462,astounded,0
1463,astral,0
1464,astray,0
1465,astride,0
1466,astrology,0
1467,astronaut,0
1468,astronomy,0
1469,astute,0
1470,asunder,0
1471,asylum,0
1472,asylums,0
1473,asymmetry,0
1474,ataxia,0
1475,ate,0
1476,atelier,0
1477,atheism,0
1478,atheist,0
1479,atheists,0
1480,athenaeum,0
1481,athlete,0
1482,athletes,0
1483,athletic,0
1484,athletics,0
1485,atlas,0
1486,atoll,0
1487,atom,0
1488,atomic,0
1489,atoms,0
1490,atone,0
1491,atonement,0
1492,atop,0
1493,atrial,0
1494,atrium,0
1495,atrocious,0
1496,atrocity,0
1497,atrophy,0
1498,atropine,0
1499,ats,0
1500,att,0
1501,attach,0
1502,attache,0
1503,attached,0
1504,attaches,0
1505,attaching,0
1506,attack,0
1507,attacked,0
1508,attacker,0
1509,attackers,0
1510,attacking,0
1511,attacks,0
1512,attain,0
1513,attained,0
1514,attaining,0
1515,attains,0
1516,attempt,0
1517,attempted,0
1518,attempts,0
1519,attend,0
1520,attendant,0
1521,attended,0
1522,attendee,0
1523,attendees,0
1524,attending,0
1525,attends,0
1526,attention,0
1527,attentive,0
1528,attest,0
1529,attested,0
1530,attests,0
1531,attic,0
1532,attire,0
1533,attitude,0
1534,attitudes,0
1535,attorney,0
1536,attorneys,0
1537,attract,0
1538,attracted,0
1539,attracts,0
1540,attribute,0
1541,attrition,0
1542,attuned,0
1543,atypical,0
1544,auburn,0
1545,auction,0
1546,auctioned,0
1547,auctions,0
1548,audacious,0
1549,audacity,0
1550,audible,0
1551,audibly,0
1552,audience,0
1553,audiences,0
1554,audio,0
1555,audiobook,0
1556,audit,0
1557,audited,0
1558,auditing,0
1559,audition,0
1560,auditions,0
1561,auditor,0
1562,auditors,0
1563,auditory,0
1564,audits,0
1565,auf,0
1566,auger,0
1567,augment,0
1568,augmented,0
1569,augments,0
1570,august,0
1571,auguste,0
1572,auld,0
1573,aunt,0
1574,auntie,0
1575,aunts,0
1576,aunty,0
1577,aura,0
1578,aural,0
1579,aurelia,0
1580,aureus,0
1581,aurora,0
1582,auspices,0
1583,austere,0
1584,austerity,0
1585,australis,0
1586,authentic,0
1587,author,0
1588,authored,0
1589,authoring,0
1590,authorise,0
1591,authority,0
1592,authorize,0
1593,authors,0
1594,autism,0
1595,autistic,0
1596,auto,0
1597,autocracy,0
1598,autofocus,0
1599,autograph,0
1600,automaker,0
1601,automata,0
1602,automate,0
1603,automated,0
1604,automatic,0
1605,automaton,0
1606,autonomic,0
1607,autonomy,0
1608,autopilot,0
1609,autopsies,0
1610,autopsy,0
1611,autos,0
1612,autosomal,0
1613,autumn,0
1614,autumnal,0
1615,auxiliary,0
1616,ava,0
1617,avail,0
1618,available,0
1619,avalanche,0
1620,avant,0
1621,avarice,0
1622,avatar,0
1623,avatars,0
1624,ave,0
1625,avenge,0
1626,avenged,0
1627,avenger,0
1628,avengers,0
1629,avenging,0
1630,avenue,0
1631,avenues,0
1632,average,0
1633,averaged,0
1634,averages,0
1635,averaging,0
1636,averse,0
1637,aversion,0
1638,avert,0
1639,averted,0
1640,averting,0
1641,avian,0
1642,aviation,0
1643,aviator,0
1644,aviators,0
1645,avid,0
1646,avionics,0
1647,avocado,0
1648,avocados,0
1649,avoid,0
1650,avoidable,0
1651,avoidance,0
1652,avoided,0
1653,avoiding,0
1654,avoids,0
1655,avowed,0
1656,awa,0
1657,await,0
1658,awaited,0
1659,awaiting,0
1660,awaits,0
1661,awake,0
1662,awaken,0
1663,awakened,0
1664,awakening,0
1665,awakens,0
1666,award,0
1667,awarded,0
1668,awarding,0
1669,awards,0
1670,aware,0
1671,awareness,0
1672,awash,0
1673,away,0
1674,aways,0
1675,awe,0
1676,awed,0
1677,awesome,0
1678,awesomely,0
1679,awful,0
1680,awfully,0
1681,awhile,0
1682,awkward,0
1683,awkwardly,0
1684,awning,0
1685,awoke,0
1686,awoken,0
1687,awol,0
1688,awry,0
1689,awsome,0
1690,axe,0
1691,axed,0
1692,axel,0
1693,axes,0
1694,axial,0
1695,axiom,0
1696,axiomatic,0
1697,axioms,0
1698,axis,0
1699,axle,0
1700,axles,0
1701,axon,0
1702,axons,0
1703,ayatollah,0
1704,aye,0
1705,ayres,0
1706,ayurveda,0
1707,ayurvedic,0
1708,azalea,0
1709,azimuth,0
1710,azure,0
1711,baa,0
1712,baal,0
1713,baba,0
1714,babbitt,0
1715,babble,0
1716,babbling,0
1717,babe,0
1718,babel,0
1719,babes,0
1720,babies,0
1721,baboon,0
1722,baboons,0
1723,babu,0
1724,baby,0
1725,babysit,0
1726,bac,0
1727,bach,0
1728,bachelor,0
1729,bachelors,0
1730,bacillus,0
1731,back,0
1732,backboard,0
1733,backbone,0
1734,backdoor,0
1735,backdrop,0
1736,backdrops,0
1737,backed,0
1738,backer,0
1739,backers,0
1740,backfield,0
1741,backfire,0
1742,backfired,0
1743,backfires,0
1744,backflip,0
1745,backhand,0
1746,backing,0
1747,backlash,0
1748,backlit,0
1749,backlog,0
1750,backpack,0
1751,backpacks,0
1752,backroom,0
1753,backs,0
1754,backseat,0
1755,backside,0
1756,backstage,0
1757,backstop,0
1758,backstory,0
1759,backtrack,0
1760,backup,0
1761,backups,0
1762,backward,0
1763,backwards,0
1764,backwater,0
1765,backwoods,0
1766,backyard,0
1767,backyards,0
1768,bacon,0
1769,bacteria,0
1770,bacterial,0
1771,bacterium,0
1772,bad,0
1773,badass,0
1774,baddest,0
1775,baddies,0
1776,bade,0
1777,badge,0
1778,badger,0
1779,badgers,0
1780,badges,0
1781,badlands,0
1782,badly,0
1783,badminton,0
1784,baffle,0
1785,baffled,0
1786,baffles,0
1787,baffling,0
1788,bag,0
1789,bagel,0
1790,bagels,0
1791,baggage,0
1792,bagged,0
1793,baggies,0
1794,bagging,0
1795,baggy,0
1796,bagpipes,0
1797,bags,0
1798,baguette,0
1799,baguio,0
1800,bah,0
1801,bahadur,0
1802,baht,0
1803,bail,0
1804,bailed,0
1805,bailey,0
1806,bailiff,0
1807,bailiffs,0
1808,bailing,0
1809,baillie,0
1810,bailout,0
1811,bailouts,0
1812,bails,0
1813,bait,0
1814,baited,0
1815,baiting,0
1816,baits,0
1817,bake,0
1818,baked,0
1819,baker,0
1820,bakeries,0
1821,bakers,0
1822,bakery,0
1823,bakes,0
1824,baking,0
1825,bal,0
1826,balaclava,0
1827,balance,0
1828,balanced,0
1829,balances,0
1830,balancing,0
1831,balboa,0
1832,balconies,0
1833,balcony,0
1834,bald,0
1835,balding,0
1836,baldness,0
1837,baldy,0
1838,bale,0
1839,bales,0
1840,balk,0
1841,balked,0
1842,ball,0
1843,ballad,0
1844,ballads,0
1845,ballast,0
1846,balled,0
1847,baller,0
1848,ballerina,0
1849,ballet,0
1850,ballets,0
1851,ballgame,0
1852,balling,0
1853,ballistic,0
1854,ballon,0
1855,balloon,0
1856,balloons,0
1857,ballot,0
1858,balloting,0
1859,ballots,0
1860,ballpark,0
1861,ballpoint,0
1862,ballroom,0
1863,balls,0
1864,ballsy,0
1865,bally,0
1866,balm,0
1867,balmoral,0
1868,balmy,0
1869,baloney,0
1870,balsam,0
1871,balsamic,0
1872,balthazar,0
1873,baltic,0
1874,bam,0
1875,bambi,0
1876,bamboo,0
1877,ban,0
1878,banal,0
1879,banana,0
1880,bananas,0
1881,banc,0
1882,banco,0
1883,band,0
1884,banda,0
1885,bandage,0
1886,bandaged,0
1887,bandages,0
1888,bandana,0
1889,bandar,0
1890,banded,0
1891,bandicoot,0
1892,banding,0
1893,bandit,0
1894,bandits,0
1895,bandmates,0
1896,bands,0
1897,bandstand,0
1898,bandwagon,0
1899,bandwidth,0
1900,bandy,0
1901,bane,0
1902,bang,0
1903,bangalore,0
1904,banged,0
1905,banger,0
1906,bangers,0
1907,banging,0
1908,bangkok,0
1909,bangle,0
1910,bangles,0
1911,bangs,0
1912,bani,0
1913,banish,0
1914,banished,0
1915,banishing,0
1916,banister,0
1917,banjo,0
1918,bank,0
1919,banked,0
1920,banker,0
1921,bankers,0
1922,banking,0
1923,banknotes,0
1924,bankroll,0
1925,bankrupt,0
1926,banks,0
1927,banned,0
1928,banner,0
1929,banners,0
1930,banning,0
1931,bannister,0
1932,banquet,0
1933,banquets,0
1934,bans,0
1935,banshee,0
1936,bantam,0
1937,banter,0
1938,bantu,0
1939,banyan,0
1940,bap,0
1941,baptised,0
1942,baptism,0
1943,baptismal,0
1944,baptisms,0
1945,baptist,0
1946,baptists,0
1947,baptize,0
1948,baptized,0
1949,bar,0
1950,barb,0
1951,barbarian,0
1952,barbaric,0
1953,barbarism,0
1954,barbarous,0
1955,barbecue,0
1956,barbecues,0
1957,barbed,0
1958,barbell,0
1959,barbeque,0
1960,barber,0
1961,barbers,0
1962,barbican,0
1963,barbie,0
1964,barbs,0
1965,barca,0
1966,barcode,0
1967,bard,0
1968,bards,0
1969,bare,0
1970,bareback,0
1971,bared,0
1972,barefoot,0
1973,barely,0
1974,bares,0
1975,barf,0
1976,bargain,0
1977,bargained,0
1978,bargains,0
1979,barge,0
1980,barged,0
1981,barges,0
1982,bariatric,0
1983,baring,0
1984,barista,0
1985,baritone,0
1986,barium,0
1987,bark,0
1988,barked,0
1989,barker,0
1990,barking,0
1991,barks,0
1992,barley,0
1993,barlow,0
1994,barman,0
1995,barn,0
1996,barnacle,0
1997,barnacles,0
1998,barnet,0
1999,barney,0
2000,barns,0
2001,barnyard,0
2002,barometer,0
2003,baron,0
2004,baroness,0
2005,baronet,0
2006,barons,0
2007,barony,0
2008,baroque,0
2009,barra,0
2010,barrack,0
2011,barracks,0
2012,barracuda,0
2013,barrage,0
2014,barre,0
2015,barred,0
2016,barrel,0
2017,barreled,0
2018,barrels,0
2019,barren,0
2020,barret,0
2021,barricade,0
2022,barrie,0
2023,barrier,0
2024,barriers,0
2025,barring,0
2026,barrio,0
2027,barrios,0
2028,barrister,0
2029,barrow,0
2030,barrows,0
2031,barry,0
2032,bars,0
2033,bartender,0
2034,barter,0
2035,barton,0
2036,bas,0
2037,basal,0
2038,basalt,0
2039,base,0
2040,baseball,0
2041,based,0
2042,baseless,0
2043,baseline,0
2044,baseman,0
2045,basement,0
2046,basements,0
2047,bases,0
2048,bash,0
2049,bashed,0
2050,bashes,0
2051,bashful,0
2052,bashing,0
2053,basic,0
2054,basically,0
2055,basics,0
2056,basil,0
2057,basilica,0
2058,basin,0
2059,basing,0
2060,basins,0
2061,basis,0
2062,bask,0
2063,basket,0
2064,baskets,0
2065,basking,0
2066,basque,0
2067,bass,0
2068,basses,0
2069,basset,0
2070,bassett,0
2071,bassist,0
2072,bassoon,0
2073,bast,0
2074,bastard,1
2075,bastards,0
2076,bastille,0
2077,bastion,0
2078,bastions,0
2079,bat,0
2080,batavia,0
2081,batch,0
2082,batches,0
2083,bate,0
2084,bates,0
2085,batgirl,0
2086,bath,0
2087,bathe,0
2088,bathed,0
2089,bathhouse,0
2090,bathing,0
2091,bathrobe,0
2092,bathroom,0
2093,bathrooms,0
2094,baths,0
2095,bathtub,0
2096,batik,0
2097,batman,0
2098,baton,0
2099,batons,0
2100,bats,0
2101,batsman,0
2102,batsmen,0
2103,batt,0
2104,battalion,0
2105,batted,0
2106,batten,0
2107,batter,0
2108,battered,0
2109,batteries,0
2110,battering,0
2111,batters,0
2112,battery,0
2113,batting,0
2114,battle,0
2115,battled,0
2116,battles,0
2117,battling,0
2118,batty,0
2119,bauxite,0
2120,bawdy,0
2121,bawling,0
2122,baxter,0
2123,bay,0
2124,bayard,0
2125,bayes,0
2126,bayonet,0
2127,bayonets,0
2128,bayou,0
2129,bays,0
2130,bazaar,0
2131,bazar,0
2132,bazooka,0
2133,beach,0
2134,beached,0
2135,beaches,0
2136,beachy,0
2137,beacon,0
2138,beacons,0
2139,bead,0
2140,beaded,0
2141,beadle,0
2142,beads,0
2143,beagle,0
2144,beak,0
2145,beaker,0
2146,beaks,0
2147,beam,0
2148,beamed,0
2149,beamer,0
2150,beaming,0
2151,beams,0
2152,bean,0
2153,beanie,0
2154,beans,0
2155,bear,0
2156,bearable,0
2157,beard,0
2158,bearded,0
2159,beards,0
2160,bearer,0
2161,bearers,0
2162,bearing,0
2163,bearings,0
2164,bearish,0
2165,bears,0
2166,beast,0
2167,beastie,0
2168,beastly,0
2169,beasts,0
2170,beat,0
2171,beaten,0
2172,beater,0
2173,beaters,0
2174,beating,0
2175,beatings,0
2176,beats,0
2177,beau,0
2178,beaut,0
2179,beauties,0
2180,beautiful,0
2181,beautify,0
2182,beauty,0
2183,beaux,0
2184,beaver,0
2185,beavers,0
2186,bebop,0
2187,became,0
2188,because,0
2189,beck,0
2190,becket,0
2191,beckoned,0
2192,beckoning,0
2193,beckons,0
2194,become,0
2195,becomes,0
2196,becoming,0
2197,bed,0
2198,bedbugs,0
2199,bedded,0
2200,bedding,0
2201,bede,0
2202,bedlam,0
2203,bedouin,0
2204,bedridden,0
2205,bedrock,0
2206,bedroom,0
2207,bedrooms,0
2208,beds,0
2209,bedside,0
2210,bedtime,0
2211,bee,0
2212,beech,0
2213,beef,0
2214,beefed,0
2215,beefing,0
2216,beefy,0
2217,beehive,0
2218,beekeeper,0
2219,been,0
2220,beep,0
2221,beeping,0
2222,beeps,0
2223,beer,0
2224,beers,0
2225,bees,0
2226,beeswax,0
2227,beet,0
2228,beetle,0
2229,beetles,0
2230,beetroot,0
2231,beets,0
2232,befall,0
2233,befell,0
2234,befitting,0
2235,before,0
2236,befriend,0
2237,befriends,0
2238,beg,0
2239,began,0
2240,begets,0
2241,beggar,0
2242,beggars,0
2243,begged,0
2244,begging,0
2245,begin,0
2246,beginner,0
2247,beginners,0
2248,beginning,0
2249,begins,0
2250,begotten,0
2251,begrudge,0
2252,begs,0
2253,beguiling,0
2254,begum,0
2255,begun,0
2256,behalf,0
2257,behave,0
2258,behaved,0
2259,behaves,0
2260,behaving,0
2261,behavior,0
2262,behaviors,0
2263,behaviour,0
2264,behead,0
2265,beheaded,0
2266,beheading,0
2267,beheld,0
2268,behemoth,0
2269,behest,0
2270,behind,0
2271,behold,0
2272,beholden,0
2273,beholder,0
2274,beige,0
2275,bein,0
2276,being,0
2277,beings,0
2278,bel,0
2279,belated,0
2280,belatedly,0
2281,belcher,0
2282,belfry,0
2283,belief,0
2284,beliefs,0
2285,belies,0
2286,believe,0
2287,believed,0
2288,believer,0
2289,believers,0
2290,believes,0
2291,believing,0
2292,belittle,0
2293,belive,0
2294,bell,0
2295,belle,0
2296,belles,0
2297,bellied,0
2298,bellies,0
2299,bellow,0
2300,bellowing,0
2301,bellows,0
2302,bells,0
2303,belly,0
2304,belong,0
2305,belonged,0
2306,belonging,0
2307,belongs,0
2308,beloved,0
2309,below,0
2310,belt,0
2311,belted,0
2312,belting,0
2313,belts,0
2314,beltway,0
2315,beluga,0
2316,belvedere,0
2317,bemused,0
2318,ben,0
2319,benadryl,0
2320,bench,0
2321,benched,0
2322,benches,0
2323,benchmark,0
2324,bend,0
2325,bender,0
2326,bending,0
2327,bends,0
2328,bendy,0
2329,bene,0
2330,beneath,0
2331,benedict,0
2332,benefit,0
2333,benefited,0
2334,benefits,0
2335,beni,0
2336,benign,0
2337,benjamin,0
2338,bennet,0
2339,benny,0
2340,bent,0
2341,benthic,0
2342,bento,0
2343,benzene,0
2344,bequest,0
2345,berated,0
2346,berating,0
2347,bereaved,0
2348,bereft,0
2349,beret,0
2350,berets,0
2351,beretta,0
2352,berg,0
2353,bergen,0
2354,berk,0
2355,berks,0
2356,berlin,0
2357,berries,0
2358,berry,0
2359,berserk,0
2360,berth,0
2361,bertha,0
2362,berths,0
2363,beryl,0
2364,beryllium,0
2365,bes,0
2366,beseech,0
2367,beset,0
2368,beside,0
2369,besides,0
2370,besieged,0
2371,bespoke,0
2372,best,0
2373,bested,0
2374,bestow,0
2375,bestowed,0
2376,bests,0
2377,bet,0
2378,beta,0
2379,betcha,0
2380,betel,0
2381,beth,0
2382,bethel,0
2383,bethesda,0
2384,betray,0
2385,betrayal,0
2386,betrayed,0
2387,betraying,0
2388,betrays,0
2389,betrothed,0
2390,bets,0
2391,betta,0
2392,better,0
2393,bettered,0
2394,bettering,0
2395,betting,0
2396,betty,0
2397,between,0
2398,bevel,0
2399,beverage,0
2400,beverages,0
2401,bevy,0
2402,beware,0
2403,bewitched,0
2404,bey,0
2405,beyond,0
2406,bezel,0
2407,bhai,0
2408,bhakti,0
2409,bias,0
2410,biased,0
2411,biases,0
2412,biathlon,0
2413,bib,0
2414,bible,0
2415,bibles,0
2416,biblical,0
2417,bicep,0
2418,biceps,0
2419,bicker,0
2420,bickering,0
2421,bicycle,0
2422,bicycles,0
2423,bicycling,0
2424,bid,0
2425,bidder,0
2426,bidders,0
2427,bidding,0
2428,bide,0
2429,bidet,0
2430,biding,0
2431,bids,0
2432,bien,0
2433,biennale,0
2434,biennial,0
2435,biff,0
2436,big,0
2437,bigfoot,0
2438,bigg,0
2439,bigger,0
2440,biggest,0
2441,biggie,0
2442,biggs,0
2443,bighorn,0
2444,bight,0
2445,bigot,0
2446,bigoted,0
2447,bigotry,0
2448,bigots,0
2449,bigs,0
2450,bike,0
2451,biker,0
2452,bikers,0
2453,bikes,0
2454,biking,0
2455,bikini,0
2456,bikinis,0
2457,bilateral,0
2458,bilbo,0
2459,bile,0
2460,bilge,0
2461,bilingual,0
2462,bill,0
2463,billboard,0
2464,billed,0
2465,billet,0
2466,billiard,0
2467,billiards,0
2468,billie,0
2469,billing,0
2470,billings,0
2471,billion,0
2472,billions,0
2473,billowing,0
2474,bills,0
2475,billy,0
2476,bimbo,1
2477,bimonthly,0
2478,bin,0
2479,binaries,0
2480,binary,0
2481,bind,0
2482,binder,0
2483,binders,0
2484,binding,0
2485,bindings,0
2486,binds,0
2487,bing,0
2488,binge,0
2489,bingo,0
2490,binocular,0
2491,binomial,0
2492,bins,0
2493,bio,0
2494,biodiesel,0
2495,bioethics,0
2496,biofuel,0
2497,biofuels,0
2498,biogas,0
2499,biography,0
2500,biohazard,0
2501,biologic,0
2502,biologist,0
2503,biology,0
2504,biomarker,0
2505,biomass,0
2506,biome,0
2507,biometric,0
2508,bionic,0
2509,biopic,0
2510,biopsies,0
2511,biopsy,0
2512,bios,0
2513,biosphere,0
2514,biotech,0
2515,biotic,0
2516,biotin,0
2517,bipolar,0
2518,biracial,0
2519,birch,0
2520,bird,0
2521,birdie,0
2522,birdies,0
2523,birding,0
2524,birdman,0
2525,birds,0
2526,birdsong,0
2527,birth,0
2528,birthday,0
2529,birthdays,0
2530,birthed,0
2531,birthing,0
2532,births,0
2533,bis,0
2534,biscuit,0
2535,biscuits,0
2536,bisexual,0
2537,bisexuals,0
2538,bish,0
2539,bishop,0
2540,bishopric,0
2541,bishops,0
2542,bismuth,0
2543,bison,0
2544,bistro,0
2545,bit,0
2546,bitch,1
2547,bitches,1
2548,bitching,1
2549,bitchy,0
2550,bite,0
2551,biter,0
2552,bites,0
2553,biting,0
2554,bits,0
2555,bitten,0
2556,bitter,0
2557,bitterly,0
2558,bitters,0
2559,bitty,0
2560,bitumen,0
2561,biweekly,0
2562,biz,0
2563,bizarre,0
2564,bizarrely,0
2565,bizarro,0
2566,black,0
2567,blackbird,0
2568,blacked,0
2569,blackened,0
2570,blacker,0
2571,blackest,0
2572,blackface,0
2573,blackfish,0
2574,blacking,0
2575,blackish,0
2576,blackjack,0
2577,blacklist,0
2578,blackmail,0
2579,blackness,0
2580,blackout,0
2581,blackouts,0
2582,blacks,0
2583,blackwood,0
2584,bladder,0
2585,blade,0
2586,bladed,0
2587,blades,0
2588,blah,0
2589,blaise,0
2590,blame,0
2591,blamed,0
2592,blameless,0
2593,blames,0
2594,blaming,0
2595,blanch,0
2596,blanco,0
2597,bland,0
2598,blank,0
2599,blanked,0
2600,blanket,0
2601,blankets,0
2602,blankly,0
2603,blanks,0
2604,blaring,0
2605,blasphemy,0
2606,blast,0
2607,blasted,0
2608,blaster,0
2609,blasters,0
2610,blasting,0
2611,blasts,0
2612,blatant,0
2613,blatantly,0
2614,blatt,0
2615,blatter,0
2616,blaze,0
2617,blazed,0
2618,blazer,0
2619,blazers,0
2620,blazes,0
2621,blazing,0
2622,bleach,0
2623,bleached,0
2624,bleacher,0
2625,bleachers,0
2626,bleaching,0
2627,bleak,0
2628,bled,0
2629,bleed,0
2630,bleeding,0
2631,bleeds,0
2632,bleep,0
2633,blemish,0
2634,blemishes,0
2635,blend,0
2636,blended,0
2637,blender,0
2638,blending,0
2639,blends,0
2640,bless,0
2641,blessed,0
2642,blesses,0
2643,blessing,0
2644,blessings,0
2645,blew,0
2646,blight,0
2647,blighted,0
2648,blimey,0
2649,blimp,0
2650,blind,0
2651,blinded,0
2652,blinders,0
2653,blindfold,0
2654,blinding,0
2655,blindly,0
2656,blindness,0
2657,blinds,0
2658,blindside,0
2659,bling,0
2660,blink,0
2661,blinked,0
2662,blinking,0
2663,blinks,0
2664,blip,0
2665,bliss,0
2666,blissful,0
2667,blister,0
2668,blisters,0
2669,blitz,0
2670,blitzer,0
2671,blizzard,0
2672,blizzards,0
2673,bloat,0
2674,bloated,0
2675,bloating,0
2676,blob,0
2677,blobs,0
2678,bloc,0
2679,block,0
2680,blockade,0
2681,blockaded,0
2682,blockage,0
2683,blocked,0
2684,blocker,0
2685,blockers,0
2686,blocking,0
2687,blocks,0
2688,blocky,0
2689,blocs,0
2690,blog,0
2691,blogged,0
2692,blogger,0
2693,bloggers,0
2694,blogging,0
2695,blogs,0
2696,bloke,0
2697,blokes,0
2698,blond,0
2699,blonde,0
2700,blondes,0
2701,blood,0
2702,bloodbath,0
2703,blooded,0
2704,bloodied,0
2705,bloodiest,0
2706,bloodless,0
2707,bloodline,0
2708,bloods,0
2709,bloodshed,0
2710,bloodshot,0
2711,bloody,0
2712,bloom,0
2713,bloomed,0
2714,bloomer,0
2715,blooming,0
2716,blooms,0
2717,blossom,0
2718,blossomed,0
2719,blossoms,0
2720,blot,0
2721,blotting,0
2722,blouse,0
2723,blouses,0
2724,blow,0
2725,blowback,0
2726,blower,0
2727,blowers,0
2728,blowing,0
2729,blowjob,1
2730,blowjobs,1
2731,blown,0
2732,blowout,0
2733,blows,0
2734,blubber,0
2735,blue,0
2736,bluebell,0
2737,blueberry,0
2738,bluebird,0
2739,bluebirds,0
2740,bluegrass,0
2741,blueprint,0
2742,blues,0
2743,bluff,0
2744,bluffing,0
2745,bluffs,0
2746,bluish,0
2747,blume,0
2748,blunder,0
2749,blunders,0
2750,blunt,0
2751,blunted,0
2752,bluntly,0
2753,blunts,0
2754,blur,0
2755,blurb,0
2756,blurred,0
2757,blurring,0
2758,blurry,0
2759,blurs,0
2760,blurted,0
2761,blush,0
2762,blushed,0
2763,blushes,0
2764,blushing,0
2765,bluster,0
2766,boa,0
2767,boar,0
2768,board,0
2769,boarded,0
2770,boarder,0
2771,boarders,0
2772,boarding,0
2773,boardman,0
2774,boardroom,0
2775,boards,0
2776,boardwalk,0
2777,boars,0
2778,boas,0
2779,boast,0
2780,boasted,0
2781,boastful,0
2782,boasting,0
2783,boasts,0
2784,boat,0
2785,boaters,0
2786,boathouse,0
2787,boating,0
2788,boatman,0
2789,boats,0
2790,bob,0
2791,boba,0
2792,bobbin,0
2793,bobbing,0
2794,bobble,0
2795,bobby,0
2796,bobcat,0
2797,bobcats,0
2798,bobs,0
2799,bobsleigh,0
2800,bock,0
2801,bod,0
2802,bode,0
2803,bodega,0
2804,bodes,0
2805,bodhi,0
2806,bodice,0
2807,bodied,0
2808,bodies,0
2809,bodily,0
2810,body,0
2811,bodyguard,0
2812,bodywork,0
2813,bog,0
2814,bogan,0
2815,bogart,0
2816,bogey,0
2817,bogeyman,0
2818,bogged,0
2819,boggling,0
2820,bogs,0
2821,bogus,0
2822,bohemia,0
2823,bohemian,0
2824,boho,0
2825,boi,0
2826,boil,0
2827,boiled,0
2828,boiler,0
2829,boilers,0
2830,boiling,0
2831,boils,0
2832,boing,0
2833,bois,0
2834,bok,0
2835,boko,0
2836,bola,0
2837,bold,0
2838,bolden,0
2839,bolder,0
2840,boldest,0
2841,boldly,0
2842,boldness,0
2843,bolivar,0
2844,bolivia,0
2845,boll,0
2846,bollocks,0
2847,bolo,0
2848,bologna,0
2849,bolognese,0
2850,bolshevik,0
2851,bolster,0
2852,bolstered,0
2853,bolsters,0
2854,bolt,0
2855,bolted,0
2856,bolting,0
2857,bolts,0
2858,bolus,0
2859,bomb,0
2860,bombard,0
2861,bombarded,0
2862,bombastic,0
2863,bombed,0
2864,bomber,0
2865,bombers,0
2866,bombing,0
2867,bombings,0
2868,bombs,0
2869,bombshell,0
2870,bon,0
2871,bona,0
2872,bonanza,0
2873,bond,0
2874,bondage,1
2875,bonded,0
2876,bonding,0
2877,bonds,0
2878,bone,0
2879,boned,0
2880,boneless,0
2881,boner,1
2882,bones,0
2883,boney,0
2884,bonfire,0
2885,bonfires,0
2886,bong,0
2887,bongo,0
2888,bonham,0
2889,boniface,0
2890,boning,0
2891,bonita,0
2892,bonito,0
2893,bonjour,0
2894,bonkers,0
2895,bonne,0
2896,bonnet,0
2897,bonnie,0
2898,bonny,0
2899,bonsai,0
2900,bonus,0
2901,bonuses,0
2902,bony,0
2903,boo,0
2904,boob,1
2905,boobies,0
2906,boobs,1
2907,booby,0
2908,booed,0
2909,booger,0
2910,boogeyman,0
2911,boogie,0
2912,booing,0
2913,book,0
2914,bookcase,0
2915,booked,0
2916,booker,0
2917,bookie,0
2918,bookies,0
2919,booking,0
2920,bookings,0
2921,bookish,0
2922,booklet,0
2923,booklets,0
2924,bookmaker,0
2925,bookmark,0
2926,bookmarks,0
2927,books,0
2928,bookshelf,0
2929,bookshop,0
2930,bookshops,0
2931,bookstore,0
2932,bookworm,0
2933,boom,0
2934,boomed,0
2935,boomer,0
2936,boomerang,0
2937,boomers,0
2938,booming,0
2939,booms,0
2940,boon,0
2941,boos,0
2942,boost,0
2943,boosted,0
2944,booster,0
2945,boosters,0
2946,boosting,0
2947,boosts,0
2948,boot,0
2949,booted,0
2950,booth,0
2951,booths,0
2952,booties,0
2953,booting,0
2954,bootleg,0
2955,boots,0
2956,bootstrap,0
2957,booty,0
2958,booze,0
2959,boozer,0
2960,boozy,0
2961,bop,0
2962,bor,0
2963,bora,0
2964,bordeaux,0
2965,border,0
2966,bordered,0
2967,bordering,0
2968,borders,0
2969,bore,0
2970,boreal,0
2971,borealis,0
2972,bored,0
2973,boredom,0
2974,borehole,0
2975,borer,0
2976,bores,0
2977,boring,0
2978,bork,0
2979,born,0
2980,borne,0
2981,boron,0
2982,borough,0
2983,boroughs,0
2984,borrow,0
2985,borrowed,0
2986,borrower,0
2987,borrowers,0
2988,borrowing,0
2989,borrows,0
2990,bos,0
2991,bosh,0
2992,bosom,0
2993,boson,0
2994,bosque,0
2995,boss,0
2996,bosses,0
2997,bossing,0
2998,bossy,0
2999,boston,0
3000,bot,0
3001,botanic,0
3002,botanical,0
3003,botanist,0
3004,botanists,0
3005,botany,0
3006,botched,0
3007,both,0
3008,bother,0
3009,bothered,0
3010,bothering,0
3011,bothers,0
3012,botnet,0
3013,bots,0
3014,bottle,0
3015,bottled,0
3016,bottles,0
3017,bottling,0
3018,bottom,0
3019,bottomed,0
3020,bottoms,0
3021,boudoir,0
3022,bough,0
3023,bought,0
3024,bouillon,0
3025,boulder,0
3026,boulders,0
3027,boulevard,0
3028,bounce,0
3029,bounced,0
3030,bouncer,0
3031,bouncers,0
3032,bounces,0
3033,bouncing,0
3034,bouncy,0
3035,bound,0
3036,boundary,0
3037,bounded,0
3038,bounding,0
3039,boundless,0
3040,bounds,0
3041,bounties,0
3042,bountiful,0
3043,bounty,0
3044,bouquet,0
3045,bouquets,0
3046,bourbon,0
3047,bourgeois,0
3048,bourne,0
3049,bout,0
3050,boutique,0
3051,boutiques,0
3052,bouts,0
3053,bovine,0
3054,bow,0
3055,bowed,0
3056,bowel,0
3057,bowels,0
3058,bower,0
3059,bowers,0
3060,bowery,0
3061,bowes,0
3062,bowie,0
3063,bowing,0
3064,bowl,0
3065,bowled,0
3066,bowler,0
3067,bowlers,0
3068,bowling,0
3069,bowls,0
3070,bowman,0
3071,bows,0
3072,bowser,0
3073,bowyer,0
3074,box,0
3075,boxed,0
3076,boxer,0
3077,boxers,0
3078,boxes,0
3079,boxing,0
3080,boxy,0
3081,boy,0
3082,boycott,0
3083,boycotted,0
3084,boycotts,0
3085,boyfriend,0
3086,boyhood,0
3087,boyish,0
3088,boys,0
3089,bozo,0
3090,bra,0
3091,brace,0
3092,braced,0
3093,bracelet,0
3094,bracelets,0
3095,braces,0
3096,bracing,0
3097,bracken,0
3098,bracket,0
3099,bracketed,0
3100,brackets,0
3101,brackish,0
3102,bracts,0
3103,brad,0
3104,brag,0
3105,bragged,0
3106,bragging,0
3107,brags,0
3108,brahma,0
3109,brahman,0
3110,brahmin,0
3111,brahmins,0
3112,braid,0
3113,braided,0
3114,braiding,0
3115,braids,0
3116,braille,0
3117,brain,0
3118,brained,0
3119,brainiac,0
3120,brainless,0
3121,brains,0
3122,brainstem,0
3123,brainwash,0
3124,brainy,0
3125,braised,0
3126,brake,0
3127,brakes,0
3128,braking,0
3129,bramble,0
3130,bran,0
3131,branch,0
3132,branched,0
3133,branches,0
3134,branching,0
3135,brand,0
3136,branded,0
3137,branding,0
3138,brands,0
3139,brandy,0
3140,brant,0
3141,bras,0
3142,brash,0
3143,brasil,0
3144,brass,0
3145,brat,0
3146,brats,0
3147,brava,0
3148,bravado,0
3149,brave,0
3150,braved,0
3151,bravely,0
3152,braver,0
3153,bravery,0
3154,braves,0
3155,bravest,0
3156,bravo,0
3157,brawl,0
3158,brawling,0
3159,brawls,0
3160,brawn,0
3161,bray,0
3162,brazen,0
3163,brazenly,0
3164,brazier,0
3165,brazil,0
3166,breach,0
3167,breached,0
3168,breaches,0
3169,breaching,0
3170,bread,0
3171,breads,0
3172,breadth,0
3173,break,0
3174,breakage,0
3175,breakaway,0
3176,breakdown,0
3177,breaker,0
3178,breakers,0
3179,breakfast,0
3180,breaking,0
3181,breakneck,0
3182,breakout,0
3183,breakouts,0
3184,breaks,0
3185,breakup,0
3186,breakups,0
3187,bream,0
3188,breast,0
3189,breasted,0
3190,breastfed,0
3191,breasts,1
3192,breath,0
3193,breathe,0
3194,breathed,0
3195,breather,0
3196,breathes,0
3197,breathing,0
3198,breaths,0
3199,bred,0
3200,bree,0
3201,breech,0
3202,breeches,0
3203,breed,0
3204,breeder,0
3205,breeders,0
3206,breeding,0
3207,breeds,0
3208,brees,0
3209,breeze,0
3210,breezes,0
3211,breezy,0
3212,bren,0
3213,brent,0
3214,brethren,0
3215,breton,0
3216,brevity,0
3217,brew,0
3218,brewed,0
3219,brewer,0
3220,breweries,0
3221,brewers,0
3222,brewery,0
3223,brewing,0
3224,brews,0
3225,brewster,0
3226,briar,0
3227,bribe,0
3228,bribed,0
3229,bribery,0
3230,bribes,0
3231,bribing,0
3232,brick,0
3233,bricks,0
3234,brickwork,0
3235,bridal,0
3236,bride,0
3237,brides,0
3238,bridge,0
3239,bridged,0
3240,bridges,0
3241,bridging,0
3242,bridle,0
3243,brie,0
3244,brief,0
3245,briefcase,0
3246,briefed,0
3247,briefing,0
3248,briefings,0
3249,briefly,0
3250,briefs,0
3251,brig,0
3252,brigade,0
3253,brigades,0
3254,brigadier,0
3255,bright,0
3256,brighten,0
3257,brightens,0
3258,brighter,0
3259,brightest,0
3260,brightly,0
3261,brill,0
3262,brilliant,0
3263,brim,0
3264,brimming,0
3265,brimstone,0
3266,brin,0
3267,brine,0
3268,bring,0
3269,bringer,0
3270,bringing,0
3271,brings,0
3272,brink,0
3273,brioche,0
3274,brisk,0
3275,brisket,0
3276,briskly,0
3277,bristle,0
3278,bristles,0
3279,bristol,0
3280,brit,0
3281,britannia,0
3282,brits,0
3283,britt,0
3284,brittle,0
3285,bro,0
3286,broach,0
3287,broad,0
3288,broadband,0
3289,broadcast,0
3290,broaden,0
3291,broadened,0
3292,broadens,0
3293,broader,0
3294,broadest,0
3295,broadly,0
3296,broads,0
3297,broadside,0
3298,broadway,0
3299,brocade,0
3300,broccoli,0
3301,brochure,0
3302,brochures,0
3303,brock,0
3304,brogan,0
3305,broiler,0
3306,broke,0
3307,broken,0
3308,broker,0
3309,brokerage,0
3310,brokered,0
3311,brokers,0
3312,bromide,0
3313,bronchial,0
3314,bronco,0
3315,broncos,0
3316,bronze,0
3317,bronzed,0
3318,bronzer,0
3319,bronzes,0
3320,brooch,0
3321,brood,0
3322,brooding,0
3323,brook,0
3324,brooks,0
3325,broom,0
3326,brooms,0
3327,bros,0
3328,broth,0
3329,brothel,0
3330,brothels,0
3331,brother,0
3332,brotherly,0
3333,brothers,0
3334,brough,0
3335,brought,0
3336,brow,0
3337,brown,0
3338,browned,0
3339,brownie,0
3340,brownies,0
3341,browning,0
3342,brownish,0
3343,browns,0
3344,brows,0
3345,browse,0
3346,browsed,0
3347,browser,0
3348,browsers,0
3349,browsing,0
3350,bru,0
3351,bruin,0
3352,bruins,0
3353,bruise,0
3354,bruised,0
3355,bruiser,0
3356,bruises,0
3357,bruising,0
3358,brunch,0
3359,brunette,0
3360,brunettes,0
3361,brunt,0
3362,brush,0
3363,brushed,0
3364,brushes,0
3365,brushing,0
3366,brussels,0
3367,brut,0
3368,brutal,0
3369,brutality,0
3370,brutally,0
3371,brute,0
3372,brutes,0
3373,brutish,0
3374,bub,0
3375,bubba,0
3376,bubble,0
3377,bubbled,0
3378,bubblegum,0
3379,bubbles,0
3380,bubbling,0
3381,bubbly,0
3382,bubonic,0
3383,buck,0
3384,bucked,0
3385,bucket,0
3386,buckets,0
3387,buckeye,0
3388,buckeyes,0
3389,bucking,0
3390,buckle,0
3391,buckled,0
3392,buckles,0
3393,buckling,0
3394,bucks,0
3395,buckwheat,0
3396,bud,0
3397,buddha,0
3398,buddhas,0
3399,buddies,0
3400,budding,0
3401,buddy,0
3402,budge,0
3403,budget,0
3404,budgetary,0
3405,budgeted,0
3406,budgeting,0
3407,budgets,0
3408,buds,0
3409,buff,0
3410,buffalo,0
3411,buffaloes,0
3412,buffer,0
3413,buffered,0
3414,buffering,0
3415,buffers,0
3416,buffet,0
3417,buffoon,0
3418,buffs,0
3419,buffy,0
3420,bug,0
3421,bugged,0
3422,bugger,0
3423,buggers,0
3424,buggies,0
3425,bugging,0
3426,buggy,0
3427,bugle,0
3428,bugs,0
3429,build,0
3430,builder,0
3431,builders,0
3432,building,0
3433,buildings,0
3434,builds,0
3435,buildup,0
3436,built,0
3437,bulb,0
3438,bulbous,0
3439,bulbs,0
3440,bulge,0
3441,bulger,0
3442,bulging,0
3443,bulimia,0
3444,bulk,0
3445,bulkhead,0
3446,bulkheads,0
3447,bulking,0
3448,bulky,0
3449,bull,0
3450,bulldog,0
3451,bulldogs,0
3452,bulldozer,0
3453,buller,0
3454,bullet,0
3455,bulletin,0
3456,bulletins,0
3457,bullets,0
3458,bullied,0
3459,bullies,0
3460,bullion,0
3461,bullish,0
3462,bullock,0
3463,bullpen,0
3464,bulls,0
3465,bullshit,1
3466,bully,0
3467,bullying,0
3468,bulwark,0
3469,bum,0
3470,bumble,0
3471,bumblebee,0
3472,bumbling,0
3473,bummed,0
3474,bummer,0
3475,bump,0
3476,bumped,0
3477,bumper,0
3478,bumpers,0
3479,bumping,0
3480,bumps,0
3481,bumpy,0
3482,bums,0
3483,bun,0
3484,bunch,0
3485,bunched,0
3486,bunches,0
3487,bund,0
3488,bundle,0
3489,bundled,0
3490,bundles,0
3491,bundling,0
3492,bundy,0
3493,bung,0
3494,bungalow,0
3495,bungalows,0
3496,bungee,0
3497,bungie,0
3498,bunk,0
3499,bunker,0
3500,bunkers,0
3501,bunks,0
3502,bunnies,0
3503,bunny,0
3504,buns,0
3505,bunt,0
3506,bunting,0
3507,buoy,0
3508,buoyancy,0
3509,buoyant,0
3510,buoyed,0
3511,buoys,0
3512,bur,0
3513,burden,0
3514,burdened,0
3515,burdens,0
3516,bureau,0
3517,bureaus,0
3518,burg,0
3519,burger,0
3520,burgers,0
3521,burgess,0
3522,burgh,0
3523,burglar,0
3524,burglars,0
3525,burglary,0
3526,burgundy,0
3527,burial,0
3528,burials,0
3529,buried,0
3530,buries,0
3531,burka,0
3532,burke,0
3533,burlap,0
3534,burlesque,0
3535,burley,0
3536,burly,0
3537,burn,0
3538,burned,0
3539,burner,0
3540,burners,0
3541,burnet,0
3542,burnie,0
3543,burning,0
3544,burnished,0
3545,burnout,0
3546,burns,0
3547,burnside,0
3548,burnt,0
3549,burp,0
3550,burqa,0
3551,burr,0
3552,burrell,0
3553,burrito,0
3554,burritos,0
3555,burrow,0
3556,burrowing,0
3557,burrows,0
3558,bursa,0
3559,bursaries,0
3560,bursary,0
3561,burst,0
3562,bursting,0
3563,bursts,0
3564,burton,0
3565,bury,0
3566,burying,0
3567,bus,0
3568,busby,0
3569,buses,0
3570,bush,0
3571,bushel,0
3572,bushels,0
3573,bushes,0
3574,bushing,0
3575,bushings,0
3576,bushy,0
3577,busier,0
3578,busiest,0
3579,busily,0
3580,business,0
3581,busing,0
3582,buss,0
3583,busses,0
3584,bust,0
3585,busted,0
3586,buster,0
3587,busters,0
3588,busting,0
3589,bustle,0
3590,bustling,0
3591,busts,0
3592,busty,1
3593,busy,0
3594,but,0
3595,butane,0
3596,butch,0
3597,butcher,0
3598,butchered,0
3599,butchers,0
3600,butchery,0
3601,bute,0
3602,butler,0
3603,butlers,0
3604,buts,0
3605,butt,0
3606,butte,0
3607,butted,0
3608,butter,0
3609,buttercup,0
3610,buttered,0
3611,butterfly,0
3612,butternut,0
3613,butters,0
3614,buttery,0
3615,butting,0
3616,buttocks,0
3617,button,0
3618,buttoned,0
3619,buttons,0
3620,buttress,0
3621,butts,0
3622,butyl,0
3623,buy,0
3624,buyback,0
3625,buyer,0
3626,buyers,0
3627,buying,0
3628,buyout,0
3629,buys,0
3630,buzz,0
3631,buzzard,0
3632,buzzards,0
3633,buzzed,0
3634,buzzer,0
3635,buzzing,0
3636,buzzword,0
3637,bye,0
3638,byes,0
3639,bygone,0
3640,bylaw,0
3641,bylaws,0
3642,byline,0
3643,bypass,0
3644,bypassed,0
3645,bypasses,0
3646,bypassing,0
3647,byproduct,0
3648,bystander,0
3649,byte,0
3650,bytes,0
3651,byzantine,0
3652,caa,0
3653,cab,0
3654,cabal,0
3655,caballero,0
3656,cabana,0
3657,cabaret,0
3658,cabbage,0
3659,cabbages,0
3660,cabbie,0
3661,cabernet,0
3662,cabin,0
3663,cabinet,0
3664,cabinets,0
3665,cabins,0
3666,cable,0
3667,cables,0
3668,cabling,0
3669,caboose,0
3670,cabs,0
3671,cacao,0
3672,cache,0
3673,cached,0
3674,caches,0
3675,caching,0
3676,cackling,0
3677,cacophony,0
3678,cacti,0
3679,cactus,0
3680,cad,0
3681,cadaver,0
3682,caddie,0
3683,caddy,0
3684,cade,0
3685,cadence,0
3686,cadet,0
3687,cadets,0
3688,cadmium,0
3689,cadre,0
3690,cadres,0
3691,caesar,0
3692,caesarean,0
3693,caesars,0
3694,cafe,0
3695,cafes,0
3696,cafeteria,0
3697,caffeine,0
3698,cag,0
3699,cage,0
3700,caged,0
3701,cages,0
3702,cahoots,0
3703,cain,0
3704,cairn,0
3705,cairns,0
3706,cajun,0
3707,cake,0
3708,caked,0
3709,cakes,0
3710,calamari,0
3711,calamity,0
3712,calcite,0
3713,calcium,0
3714,calculate,0
3715,calculus,0
3716,caldera,0
3717,calendar,0
3718,calendars,0
3719,calender,0
3720,calf,0
3721,caliber,0
3722,calibrate,0
3723,calibre,0
3724,calico,0
3725,calif,0
3726,caliper,0
3727,calipers,0
3728,caliph,0
3729,caliphate,0
3730,call,0
3731,callan,0
3732,callback,0
3733,called,0
3734,caller,0
3735,callers,0
3736,calling,0
3737,callous,0
3738,calls,0
3739,callus,0
3740,calm,0
3741,calmed,0
3742,calmer,0
3743,calming,0
3744,calmly,0
3745,calmness,0
3746,calms,0
3747,caloric,0
3748,calorie,0
3749,calories,0
3750,calumet,0
3751,calvary,0
3752,calves,0
3753,calypso,0
3754,cam,0
3755,camber,0
3756,camcorder,0
3757,came,0
3758,camel,0
3759,camellia,0
3760,camelot,0
3761,camels,0
3762,cameo,0
3763,cameos,0
3764,camera,0
3765,cameraman,0
3766,cameramen,0
3767,cameras,0
3768,camo,0
3769,camp,0
3770,campaign,0
3771,campaigns,0
3772,camped,0
3773,camper,0
3774,campers,0
3775,campfire,0
3776,camping,0
3777,campion,0
3778,campo,0
3779,campos,0
3780,camps,0
3781,campsite,0
3782,campsites,0
3783,campus,0
3784,campuses,0
3785,campy,0
3786,cams,0
3787,camus,0
3788,can,0
3789,canada,0
3790,canal,0
3791,canals,0
3792,canaries,0
3793,canary,0
3794,cancel,0
3795,canceled,0
3796,canceling,0
3797,cancelled,0
3798,cancels,0
3799,cancer,0
3800,cancerous,0
3801,cancers,0
3802,candid,0
3803,candida,0
3804,candidacy,0
3805,candidate,0
3806,candidly,0
3807,candied,0
3808,candies,0
3809,candle,0
3810,candles,0
3811,candor,0
3812,candy,0
3813,cane,0
3814,canes,0
3815,canfield,0
3816,canine,0
3817,canines,0
3818,canister,0
3819,canisters,0
3820,cannabis,0
3821,canned,0
3822,cannery,0
3823,cannibal,0
3824,cannibals,0
3825,canning,0
3826,cannon,0
3827,cannons,0
3828,cannot,0
3829,canny,0
3830,canoe,0
3831,canoeing,0
3832,canoes,0
3833,canola,0
3834,canon,0
3835,canonical,0
3836,canonized,0
3837,canons,0
3838,canopies,0
3839,canopy,0
3840,cans,0
3841,cant,0
3842,canteen,0
3843,canter,0
3844,cantina,0
3845,canto,0
3846,canton,0
3847,cantons,0
3848,cantor,0
3849,canvas,0
3850,canvases,0
3851,canvass,0
3852,canvassed,0
3853,canyon,0
3854,canyons,0
3855,cap,0
3856,capa,0
3857,capable,0
3858,capacitor,0
3859,capacity,0
3860,cape,0
3861,caper,0
3862,capers,0
3863,capes,0
3864,capillary,0
3865,capita,0
3866,capital,0
3867,capitals,0
3868,capitan,0
3869,capitol,0
3870,capo,0
3871,capote,0
3872,capped,0
3873,capping,0
3874,caprice,0
3875,caps,0
3876,capsized,0
3877,capstone,0
3878,capsule,0
3879,capsules,0
3880,captain,0
3881,captaincy,0
3882,captained,0
3883,captains,0
3884,caption,0
3885,captioned,0
3886,captions,0
3887,captivate,0
3888,captive,0
3889,captives,0
3890,captivity,0
3891,captor,0
3892,captors,0
3893,capture,0
3894,captured,0
3895,captures,0
3896,capturing,0
3897,car,0
3898,caramel,0
3899,carapace,0
3900,carat,0
3901,carats,0
3902,caravan,0
3903,caravans,0
3904,carb,0
3905,carbide,0
3906,carbine,0
3907,carbon,0
3908,carbonate,0
3909,carbonyl,0
3910,carbs,0
3911,carcass,0
3912,carcasses,0
3913,carcinoma,0
3914,card,0
3915,cardamom,0
3916,cardboard,0
3917,carded,0
3918,cardi,0
3919,cardiac,0
3920,cardigan,0
3921,cardigans,0
3922,cardinal,0
3923,cardinals,0
3924,cardio,0
3925,cards,0
3926,care,0
3927,cared,0
3928,career,0
3929,careers,0
3930,carefree,0
3931,careful,0
3932,carefully,0
3933,caregiver,0
3934,careless,0
3935,carer,0
3936,carers,0
3937,cares,0
3938,caress,0
3939,caressed,0
3940,caresses,0
3941,caressing,0
3942,caretaker,0
3943,cargo,0
3944,cargoes,0
3945,caribou,0
3946,caries,0
3947,carina,0
3948,caring,0
3949,carl,0
3950,carle,0
3951,carlin,0
3952,carling,0
3953,carmen,0
3954,carmine,0
3955,carnage,0
3956,carnal,0
3957,carnation,0
3958,carney,0
3959,carnival,0
3960,carnivals,0
3961,carnivore,0
3962,carol,0
3963,carols,0
3964,caron,0
3965,carotene,0
3966,carotid,0
3967,carousel,0
3968,carp,0
3969,carpal,0
3970,carpenter,0
3971,carpentry,0
3972,carpet,0
3973,carpeted,0
3974,carpeting,0
3975,carpets,0
3976,carpool,0
3977,carr,0
3978,carriage,0
3979,carriages,0
3980,carrick,0
3981,carried,0
3982,carrier,0
3983,carriers,0
3984,carries,0
3985,carrion,0
3986,carrot,0
3987,carrots,0
3988,carry,0
3989,carrying,0
3990,cars,0
3991,cart,0
3992,carta,0
3993,carte,0
3994,carted,0
3995,cartel,0
3996,cartels,0
3997,carter,0
3998,carters,0
3999,cartilage,0
4000,carton,0
4001,cartons,0
4002,cartoon,0
4003,cartoons,0
4004,cartridge,0
4005,carts,0
4006,carve,0
4007,carved,0
4008,carver,0
4009,carving,0
4010,carvings,0
4011,casa,0
4012,casas,0
4013,cascade,0
4014,cascades,0
4015,cascading,0
4016,case,0
4017,cased,0
4018,casein,0
4019,caseload,0
4020,casement,0
4021,cases,0
4022,cash,0
4023,cashback,0
4024,cashed,0
4025,cashew,0
4026,cashews,0
4027,cashier,0
4028,cashiers,0
4029,cashing,0
4030,cashless,0
4031,cashmere,0
4032,casing,0
4033,casings,0
4034,casino,0
4035,casinos,0
4036,cask,0
4037,casket,0
4038,caskets,0
4039,casks,0
4040,cassava,0
4041,casserole,0
4042,cassette,0
4043,cassettes,0
4044,cassia,0
4045,cast,0
4046,castaway,0
4047,caste,0
4048,casted,0
4049,caster,0
4050,casters,0
4051,castes,0
4052,casting,0
4053,castings,0
4054,castle,0
4055,castles,0
4056,castor,0
4057,castrated,0
4058,casts,0
4059,casual,0
4060,casually,0
4061,casualty,0
4062,cat,0
4063,cataclysm,0
4064,catacombs,0
4065,catalog,0
4066,catalogs,0
4067,catalogue,0
4068,catalysis,0
4069,catalyst,0
4070,catalysts,0
4071,catalytic,0
4072,catalyze,0
4073,catalyzed,0
4074,catamaran,0
4075,catapult,0
4076,catapults,0
4077,cataract,0
4078,cataracts,0
4079,catch,0
4080,catcher,0
4081,catchers,0
4082,catches,0
4083,catching,0
4084,catchment,0
4085,catchy,0
4086,cate,0
4087,catechism,0
4088,category,0
4089,cater,0
4090,catered,0
4091,caterer,0
4092,caterers,0
4093,catering,0
4094,caters,0
4095,cates,0
4096,catfish,0
4097,catharsis,0
4098,cathartic,0
4099,cathedral,0
4100,catheter,0
4101,catheters,0
4102,cathode,0
4103,catholic,0
4104,catholics,0
4105,cation,0
4106,cations,0
4107,catnip,0
4108,cats,0
4109,cattle,0
4110,catty,0
4111,catwalk,0
4112,caucus,0
4113,caucuses,0
4114,caudal,0
4115,caught,0
4116,cauldron,0
4117,causa,0
4118,causal,0
4119,causality,0
4120,causation,0
4121,causative,0
4122,cause,0
4123,caused,0
4124,causes,0
4125,causeway,0
4126,causing,0
4127,caustic,0
4128,caution,0
4129,cautioned,0
4130,cautions,0
4131,cautious,0
4132,cava,0
4133,cavalcade,0
4134,cavalier,0
4135,cavaliers,0
4136,cavalry,0
4137,cave,0
4138,caveat,0
4139,caveats,0
4140,caved,0
4141,caveman,0
4142,cavendish,0
4143,cavern,0
4144,cavernous,0
4145,caverns,0
4146,caves,0
4147,caviar,0
4148,caving,0
4149,cavities,0
4150,cavity,0
4151,caw,0
4152,cay,0
4153,cayenne,0
4154,cayman,0
4155,cease,0
4156,ceased,0
4157,ceasefire,0
4158,ceaseless,0
4159,ceases,0
4160,ceasing,0
4161,cedar,0
4162,cedars,0
4163,cede,0
4164,ceded,0
4165,ceding,0
4166,cee,0
4167,ceiling,0
4168,ceilings,0
4169,cel,0
4170,celeb,0
4171,celebrate,0
4172,celebrity,0
4173,celebs,0
4174,celery,0
4175,celeste,0
4176,celestial,0
4177,celiac,0
4178,celibacy,0
4179,celibate,0
4180,cell,0
4181,cellar,0
4182,cellars,0
4183,celled,0
4184,cellist,0
4185,cello,0
4186,cellphone,0
4187,cells,0
4188,cellular,0
4189,cellulite,0
4190,celluloid,0
4191,cellulose,0
4192,celts,0
4193,cement,0
4194,cemented,0
4195,cementing,0
4196,cements,0
4197,cemetery,0
4198,cenotaph,0
4199,censor,0
4200,censored,0
4201,censoring,0
4202,censors,0
4203,censure,0
4204,censured,0
4205,census,0
4206,censuses,0
4207,cent,0
4208,centaur,0
4209,centenary,0
4210,center,0
4211,centered,0
4212,centering,0
4213,centers,0
4214,centipede,0
4215,central,0
4216,centrally,0
4217,centre,0
4218,centred,0
4219,centres,0
4220,centric,0
4221,centrist,0
4222,cents,0
4223,centuries,0
4224,centurion,0
4225,century,0
4226,ceramic,0
4227,ceramics,0
4228,cereal,0
4229,cereals,0
4230,cerebral,0
4231,ceremony,0
4232,ceres,0
4233,cert,0
4234,certain,0
4235,certainly,0
4236,certainty,0
4237,certified,0
4238,certifies,0
4239,certify,0
4240,cervical,0
4241,cervix,0
4242,cesarean,0
4243,cessation,0
4244,cesspool,0
4245,cha,0
4246,chad,0
4247,chaff,0
4248,chafing,0
4249,chagrin,0
4250,chai,0
4251,chain,0
4252,chained,0
4253,chaining,0
4254,chains,0
4255,chainsaw,0
4256,chair,0
4257,chaired,0
4258,chairing,0
4259,chairman,0
4260,chairmen,0
4261,chairs,0
4262,chaise,0
4263,chakra,0
4264,chakras,0
4265,chalet,0
4266,chalets,0
4267,chalice,0
4268,chalk,0
4269,chalked,0
4270,chalky,0
4271,challenge,0
4272,cham,0
4273,chamber,0
4274,chambered,0
4275,chambers,0
4276,chambre,0
4277,chameleon,0
4278,chamomile,0
4279,champ,0
4280,champagne,0
4281,champaign,0
4282,champion,0
4283,champions,0
4284,champs,0
4285,chance,0
4286,chancel,0
4287,chancery,0
4288,chances,0
4289,chandler,0
4290,chang,0
4291,change,0
4292,changed,0
4293,changer,0
4294,changers,0
4295,changes,0
4296,changing,0
4297,channel,0
4298,channeled,0
4299,channels,0
4300,chant,0
4301,chanted,0
4302,chantilly,0
4303,chanting,0
4304,chants,0
4305,chao,0
4306,chaos,0
4307,chaotic,0
4308,chap,0
4309,chaparral,0
4310,chapel,0
4311,chapels,0
4312,chaperone,0
4313,chaplain,0
4314,chaplains,0
4315,chapman,0
4316,chaps,0
4317,chapter,0
4318,chapters,0
4319,char,0
4320,chara,0
4321,character,0
4322,charade,0
4323,charcoal,0
4324,chard,0
4325,charge,0
4326,charged,0
4327,charger,0
4328,chargers,0
4329,charges,0
4330,charging,0
4331,charing,0
4332,chariot,0
4333,chariots,0
4334,charisma,0
4335,charities,0
4336,charity,0
4337,charlatan,0
4338,charley,0
4339,charlie,0
4340,charlotte,0
4341,charm,0
4342,charmed,0
4343,charmer,0
4344,charming,0
4345,charms,0
4346,charred,0
4347,chars,0
4348,chart,0
4349,charted,0
4350,charter,0
4351,chartered,0
4352,charters,0
4353,charting,0
4354,charts,0
4355,chas,0
4356,chase,0
4357,chased,0
4358,chaser,0
4359,chasers,0
4360,chases,0
4361,chasing,0
4362,chasm,0
4363,chassis,0
4364,chaste,0
4365,chastise,0
4366,chastised,0
4367,chastity,0
4368,chat,0
4369,chateau,0
4370,chatroom,0
4371,chats,0
4372,chatted,0
4373,chattel,0
4374,chatter,0
4375,chatting,0
4376,chatty,0
4377,chauffeur,0
4378,che,0
4379,cheap,0
4380,cheaper,0
4381,cheapest,0
4382,cheaply,0
4383,cheat,0
4384,cheated,0
4385,cheater,0
4386,cheaters,0
4387,cheating,0
4388,cheats,0
4389,check,0
4390,checkbook,0
4391,checked,0
4392,checker,0
4393,checkered,0
4394,checkers,0
4395,checking,0
4396,checklist,0
4397,checkmate,0
4398,checkout,0
4399,checks,0
4400,checkup,0
4401,cheddar,0
4402,cheek,0
4403,cheeks,0
4404,cheeky,0
4405,cheer,0
4406,cheered,0
4407,cheerful,0
4408,cheering,0
4409,cheerios,0
4410,cheers,0
4411,cheery,0
4412,cheese,0
4413,cheeses,0
4414,cheesy,0
4415,cheetah,0
4416,cheetahs,0
4417,chef,0
4418,chefs,0
4419,chemical,0
4420,chemicals,0
4421,chemist,0
4422,chemistry,0
4423,chemists,0
4424,chemo,0
4425,cheque,0
4426,chequered,0
4427,cheques,0
4428,cher,0
4429,cherish,0
4430,cherished,0
4431,cherries,0
4432,cherry,0
4433,cherub,0
4434,cheshire,0
4435,chess,0
4436,chest,0
4437,chested,0
4438,chestnut,0
4439,chestnuts,0
4440,chests,0
4441,chevalier,0
4442,chevron,0
4443,chevy,0
4444,chew,0
4445,chewed,0
4446,chewie,0
4447,chewing,0
4448,chews,0
4449,chewy,0
4450,chez,0
4451,chi,0
4452,chia,0
4453,chianti,0
4454,chic,0
4455,chica,0
4456,chicano,0
4457,chick,0
4458,chicken,0
4459,chickens,0
4460,chickpea,0
4461,chickpeas,0
4462,chicks,0
4463,chico,0
4464,chief,0
4465,chiefly,0
4466,chiefs,0
4467,chieftain,0
4468,chiffon,0
4469,chihuahua,0
4470,child,0
4471,childcare,0
4472,childhood,0
4473,childish,0
4474,childless,0
4475,childlike,0
4476,children,0
4477,childs,0
4478,chile,0
4479,chiles,0
4480,chili,0
4481,chill,0
4482,chilled,0
4483,chiller,0
4484,chilli,0
4485,chillies,0
4486,chilling,0
4487,chills,0
4488,chilly,0
4489,chime,0
4490,chimed,0
4491,chimera,0
4492,chimes,0
4493,chiming,0
4494,chimney,0
4495,chimneys,0
4496,chimp,0
4497,chimps,0
4498,chin,0
4499,china,0
4500,chine,0
4501,chinese,0
4502,chink,1
4503,chino,0
4504,chinook,0
4505,chins,0
4506,chip,0
4507,chipmunk,0
4508,chipmunks,0
4509,chipotle,0
4510,chipped,0
4511,chipper,0
4512,chipping,0
4513,chippy,0
4514,chips,0
4515,chipset,0
4516,chiral,0
4517,chirp,0
4518,chirping,0
4519,chisel,0
4520,chiseled,0
4521,chit,0
4522,chitty,0
4523,chivalry,0
4524,chives,0
4525,chlamydia,0
4526,chloride,0
4527,chlorine,0
4528,choc,0
4529,chock,0
4530,choco,0
4531,chocolate,0
4532,choctaw,0
4533,choice,0
4534,choices,0
4535,choir,0
4536,choirs,0
4537,choke,0
4538,choked,0
4539,choker,0
4540,chokes,0
4541,choking,0
4542,cholera,0
4543,chomp,0
4544,chomping,0
4545,choose,0
4546,chooses,0
4547,choosing,0
4548,choosy,0
4549,chop,0
4550,chopin,0
4551,chopped,0
4552,chopper,0
4553,choppers,0
4554,chopping,0
4555,choppy,0
4556,chops,0
4557,choral,0
4558,chorale,0
4559,chord,0
4560,chords,0
4561,chore,0
4562,chores,0
4563,chorizo,0
4564,chorus,0
4565,choruses,0
4566,chose,0
4567,chosen,0
4568,chou,0
4569,chow,0
4570,chowder,0
4571,christen,0
4572,christian,0
4573,christie,0
4574,christy,0
4575,chroma,0
4576,chromatic,0
4577,chromatin,0
4578,chrome,0
4579,chromium,0
4580,chronic,0
4581,chronicle,0
4582,chrysalis,0
4583,chub,0
4584,chubby,0
4585,chuck,0
4586,chucked,0
4587,chuckie,0
4588,chucking,0
4589,chuckle,0
4590,chuckled,0
4591,chuckles,0
4592,chuckling,0
4593,chucks,0
4594,chucky,0
4595,chuffed,0
4596,chug,0
4597,chugging,0
4598,chum,0
4599,chump,0
4600,chums,0
4601,chunk,0
4602,chunks,0
4603,chunky,0
4604,church,0
4605,churches,0
4606,churn,0
4607,churned,0
4608,churning,0
4609,chute,0
4610,chutes,0
4611,chutney,0
4612,ciao,0
4613,cicero,0
4614,cid,0
4615,cider,0
4616,ciel,0
4617,cig,0
4618,cigar,0
4619,cigarette,0
4620,cigars,0
4621,cigs,0
4622,cilantro,0
4623,cilia,0
4624,cinch,0
4625,cinder,0
4626,cine,0
4627,cinema,0
4628,cinemas,0
4629,cinematic,0
4630,cinnamon,0
4631,cinque,0
4632,cipher,0
4633,ciphers,0
4634,circa,0
4635,circadian,0
4636,circle,0
4637,circled,0
4638,circles,0
4639,circling,0
4640,circuit,0
4641,circuitry,0
4642,circuits,0
4643,circular,0
4644,circulate,0
4645,circus,0
4646,circuses,0
4647,cirque,0
4648,cirrhosis,0
4649,cirrus,0
4650,cis,0
4651,cisco,0
4652,cistern,0
4653,cit,0
4654,citadel,0
4655,citation,0
4656,citations,0
4657,cite,0
4658,cited,0
4659,cites,0
4660,cities,0
4661,citing,0
4662,citizen,0
4663,citizenry,0
4664,citizens,0
4665,citrate,0
4666,citric,0
4667,citrus,0
4668,city,0
4669,cityscape,0
4670,citywide,0
4671,civic,0
4672,civics,0
4673,civil,0
4674,civilian,0
4675,civilians,0
4676,civilised,0
4677,civility,0
4678,civilized,0
4679,clack,0
4680,clad,0
4681,cladding,0
4682,claim,0
4683,claimant,0
4684,claimants,0
4685,claimed,0
4686,claiming,0
4687,claims,0
4688,clam,0
4689,clamor,0
4690,clamoring,0
4691,clamour,0
4692,clamp,0
4693,clamped,0
4694,clamping,0
4695,clamps,0
4696,clams,0
4697,clan,0
4698,clang,0
4699,clank,0
4700,clans,0
4701,clap,0
4702,clapped,0
4703,clapper,0
4704,clapping,0
4705,claps,0
4706,clarence,0
4707,clarendon,0
4708,claret,0
4709,clarified,0
4710,clarifies,0
4711,clarify,0
4712,clarinet,0
4713,clarion,0
4714,clarity,0
4715,clary,0
4716,clash,0
4717,clashed,0
4718,clashes,0
4719,clashing,0
4720,clasp,0
4721,clasped,0
4722,clasps,0
4723,class,0
4724,classed,0
4725,classes,0
4726,classic,0
4727,classical,0
4728,classics,0
4729,classify,0
4730,classless,0
4731,classmate,0
4732,classroom,0
4733,classy,0
4734,clatter,0
4735,clause,0
4736,clauses,0
4737,clavicle,0
4738,claw,0
4739,clawed,0
4740,clawing,0
4741,claws,0
4742,clay,0
4743,clays,0
4744,clean,0
4745,cleaned,0
4746,cleaner,0
4747,cleaners,0
4748,cleanest,0
4749,cleaning,0
4750,cleanly,0
4751,cleans,0
4752,cleanse,0
4753,cleansed,0
4754,cleanser,0
4755,cleansing,0
4756,cleanup,0
4757,clear,0
4758,clearance,0
4759,cleared,0
4760,clearer,0
4761,clearest,0
4762,clearing,0
4763,clearly,0
4764,clears,0
4765,cleats,0
4766,cleavage,0
4767,cleave,0
4768,cleaved,0
4769,cleaver,0
4770,cleft,0
4771,clem,0
4772,clemency,0
4773,clement,0
4774,clench,0
4775,clenched,0
4776,clenching,0
4777,cleopatra,0
4778,clergy,0
4779,clergyman,0
4780,clergymen,0
4781,cleric,0
4782,clerical,0
4783,clerics,0
4784,clerk,0
4785,clerks,0
4786,cleve,0
4787,clever,0
4788,cleverly,0
4789,cliche,0
4790,cliches,0
4791,click,0
4792,clicked,0
4793,clicker,0
4794,clicking,0
4795,clicks,0
4796,client,0
4797,clientele,0
4798,clients,0
4799,cliff,0
4800,cliffs,0
4801,climactic,0
4802,climate,0
4803,climates,0
4804,climatic,0
4805,climax,0
4806,climb,0
4807,climbed,0
4808,climber,0
4809,climbers,0
4810,climbing,0
4811,climbs,0
4812,clinch,0
4813,clinched,0
4814,clinching,0
4815,cline,0
4816,cling,0
4817,clinging,0
4818,clings,0
4819,clingy,0
4820,clinic,0
4821,clinical,0
4822,clinician,0
4823,clinics,0
4824,clinique,0
4825,clink,0
4826,clint,0
4827,clip,0
4828,clipboard,0
4829,clipped,0
4830,clipper,0
4831,clippers,0
4832,clipping,0
4833,clippings,0
4834,clips,0
4835,clique,0
4836,cliques,0
4837,clit,1
4838,clitoris,1
4839,cloak,0
4840,cloaked,0
4841,cloaking,0
4842,cloaks,0
4843,clock,0
4844,clocked,0
4845,clocking,0
4846,clocks,0
4847,clockwise,0
4848,clockwork,0
4849,clog,0
4850,clogged,0
4851,clogging,0
4852,clogs,0
4853,cloister,0
4854,clone,0
4855,cloned,0
4856,clones,0
4857,cloning,0
4858,close,0
4859,closed,0
4860,closely,0
4861,closeness,0
4862,closer,0
4863,closes,0
4864,closest,0
4865,closet,0
4866,closeted,0
4867,closets,0
4868,closeup,0
4869,closing,0
4870,closings,0
4871,closure,0
4872,closures,0
4873,clot,0
4874,cloth,0
4875,clothe,0
4876,clothed,0
4877,clothes,0
4878,clothing,0
4879,cloths,0
4880,clots,0
4881,clotting,0
4882,cloud,0
4883,clouded,0
4884,clouding,0
4885,clouds,0
4886,cloudy,0
4887,clough,0
4888,clout,0
4889,clove,0
4890,clover,0
4891,cloves,0
4892,clovis,0
4893,clown,0
4894,clowning,0
4895,clowns,0
4896,club,0
4897,clubbed,0
4898,clubbing,0
4899,clubhouse,0
4900,clubs,0
4901,clue,0
4902,clueless,0
4903,clues,0
4904,clump,0
4905,clumps,0
4906,clumsily,0
4907,clumsy,0
4908,clung,0
4909,clunky,0
4910,cluster,0
4911,clustered,0
4912,clusters,0
4913,clutch,0
4914,clutched,0
4915,clutches,0
4916,clutching,0
4917,clutter,0
4918,cluttered,0
4919,coach,0
4920,coached,0
4921,coaches,0
4922,coaching,0
4923,coachman,0
4924,coal,0
4925,coalesce,0
4926,coalesced,0
4927,coalition,0
4928,coals,0
4929,coarse,0
4930,coast,0
4931,coastal,0
4932,coaster,0
4933,coasters,0
4934,coasting,0
4935,coastline,0
4936,coasts,0
4937,coat,0
4938,coated,0
4939,coates,0
4940,coating,0
4941,coatings,0
4942,coats,0
4943,coauthor,0
4944,coax,0
4945,coaxed,0
4946,coaxial,0
4947,coaxing,0
4948,cob,0
4949,cobalt,0
4950,cobb,0
4951,cobble,0
4952,cobbled,0
4953,cobbler,0
4954,cobbles,0
4955,cobra,0
4956,cobras,0
4957,coburg,0
4958,cobwebs,0
4959,coca,0
4960,cocaine,0
4961,cochin,0
4962,cochlear,0
4963,cock,1
4964,cockatoo,0
4965,cocked,0
4966,cocker,0
4967,cocking,0
4968,cockney,0
4969,cockpit,0
4970,cockroach,0
4971,cocks,1
4972,cocktail,0
4973,cocktails,0
4974,cocky,0
4975,coco,0
4976,cocoa,0
4977,coconut,0
4978,coconuts,0
4979,cocoon,0
4980,cocos,0
4981,cod,0
4982,coda,0
4983,code,0
4984,codec,0
4985,coded,0
4986,codeine,0
4987,codename,0
4988,coder,0
4989,coders,0
4990,codes,0
4991,codex,0
4992,codified,0
4993,coding,0
4994,coed,0
4995,coerce,0
4996,coerced,0
4997,coercion,0
4998,coercive,0
4999,coexist,0
5000,coffee,0
5001,coffees,0
5002,coffers,0
5003,coffin,0
5004,coffins,0
5005,cofounder,0
5006,cog,0
5007,cogent,0
5008,cognac,0
5009,cognate,0
5010,cognition,0
5011,cognitive,0
5012,cognizant,0
5013,cogs,0
5014,cohen,0
5015,coherence,0
5016,coherent,0
5017,cohesion,0
5018,cohesive,0
5019,cohort,0
5020,cohorts,0
5021,coil,0
5022,coiled,0
5023,coils,0
5024,coin,0
5025,coinage,0
5026,coincide,0
5027,coincided,0
5028,coincides,0
5029,coined,0
5030,coining,0
5031,coins,0
5032,coke,0
5033,coking,0
5034,col,0
5035,cola,0
5036,colby,0
5037,cold,0
5038,colder,0
5039,coldest,0
5040,coldly,0
5041,coldness,0
5042,colds,0
5043,cole,0
5044,coles,0
5045,coleslaw,0
5046,colic,0
5047,colin,0
5048,coliseum,0
5049,colitis,0
5050,coll,0
5051,collage,0
5052,collagen,0
5053,collages,0
5054,collapse,0
5055,collapsed,0
5056,collapses,0
5057,collar,0
5058,collard,0
5059,collared,0
5060,collars,0
5061,collated,0
5062,collation,0
5063,colleague,0
5064,collect,0
5065,collected,0
5066,collector,0
5067,collects,0
5068,colleen,0
5069,college,0
5070,colleges,0
5071,collide,0
5072,collided,0
5073,collider,0
5074,collides,0
5075,colliding,0
5076,collie,0
5077,collier,0
5078,colliers,0
5079,colliery,0
5080,collins,0
5081,collision,0
5082,colloidal,0
5083,colluded,0
5084,colluding,0
5085,collusion,0
5086,cologne,0
5087,colon,0
5088,colonel,0
5089,colonels,0
5090,colonial,0
5091,colonies,0
5092,colonised,0
5093,colonist,0
5094,colonists,0
5095,colonize,0
5096,colonized,0
5097,colony,0
5098,color,0
5099,colorado,0
5100,colored,0
5101,colorful,0
5102,coloring,0
5103,colorless,0
5104,colors,0
5105,colossal,0
5106,colosseum,0
5107,colossus,0
5108,colour,0
5109,coloured,0
5110,colourful,0
5111,colouring,0
5112,colours,0
5113,colt,0
5114,colts,0
5115,columbine,0
5116,column,0
5117,columnist,0
5118,columns,0
5119,coma,0
5120,comatose,0
5121,comb,0
5122,combat,0
5123,combatant,0
5124,combating,0
5125,combative,0
5126,combats,0
5127,combed,0
5128,combine,0
5129,combined,0
5130,combines,0
5131,combing,0
5132,combining,0
5133,combo,0
5134,combos,0
5135,combs,0
5136,come,0
5137,comeback,0
5138,comebacks,0
5139,comedian,0
5140,comedians,0
5141,comedic,0
5142,comedies,0
5143,comedy,0
5144,comer,0
5145,comers,0
5146,comes,0
5147,comet,0
5148,cometh,0
5149,comets,0
5150,comfort,0
5151,comforted,0
5152,comforter,0
5153,comforts,0
5154,comfy,0
5155,comic,0
5156,comical,0
5157,comically,0
5158,comics,0
5159,coming,0
5160,comings,0
5161,comm,0
5162,comma,0
5163,command,0
5164,commanded,0
5165,commander,0
5166,commando,0
5167,commandos,0
5168,commands,0
5169,commas,0
5170,commence,0
5171,commenced,0
5172,commences,0
5173,commend,0
5174,commended,0
5175,commends,0
5176,comment,0
5177,commented,0
5178,commenter,0
5179,comments,0
5180,commerce,0
5181,commie,0
5182,commies,0
5183,commissar,0
5184,commit,0
5185,commits,0
5186,committal,0
5187,committed,0
5188,committee,0
5189,commodity,0
5190,commodore,0
5191,common,0
5192,commoner,0
5193,commoners,0
5194,commonly,0
5195,commons,0
5196,commotion,0
5197,comms,0
5198,communal,0
5199,commune,0
5200,communes,0
5201,communion,0
5202,communism,0
5203,communist,0
5204,community,0
5205,commute,0
5206,commuted,0
5207,commuter,0
5208,commuters,0
5209,commutes,0
5210,commuting,0
5211,comp,0
5212,compact,0
5213,compacted,0
5214,companies,0
5215,companion,0
5216,company,0
5217,compare,0
5218,compared,0
5219,compares,0
5220,comparing,0
5221,compass,0
5222,compel,0
5223,compelled,0
5224,compels,0
5225,compete,0
5226,competed,0
5227,competent,0
5228,competes,0
5229,competing,0
5230,compile,0
5231,compiled,0
5232,compiler,0
5233,compilers,0
5234,compiles,0
5235,compiling,0
5236,complain,0
5237,complains,0
5238,complaint,0
5239,complete,0
5240,completed,0
5241,completes,0
5242,complex,0
5243,complexes,0
5244,compliant,0
5245,complicit,0
5246,complied,0
5247,complies,0
5248,comply,0
5249,complying,0
5250,component,0
5251,compose,0
5252,composed,0
5253,composer,0
5254,composers,0
5255,composes,0
5256,composing,0
5257,composite,0
5258,compost,0
5259,composure,0
5260,compound,0
5261,compounds,0
5262,compress,0
5263,comprise,0
5264,comprised,0
5265,comprises,0
5266,comps,0
5267,compute,0
5268,computed,0
5269,computer,0
5270,computers,0
5271,computes,0
5272,computing,0
5273,comrade,0
5274,comrades,0
5275,coms,0
5276,comte,0
5277,con,0
5278,concave,0
5279,conceal,0
5280,concealed,0
5281,concealer,0
5282,conceals,0
5283,concede,0
5284,conceded,0
5285,concedes,0
5286,conceding,0
5287,conceit,0
5288,conceited,0
5289,conceive,0
5290,conceived,0
5291,concept,0
5292,concepts,0
5293,concern,0
5294,concerned,0
5295,concerns,0
5296,concert,0
5297,concerted,0
5298,concerto,0
5299,concertos,0
5300,concerts,0
5301,conch,0
5302,concierge,0
5303,concise,0
5304,concisely,0
5305,conclave,0
5306,conclude,0
5307,concluded,0
5308,concludes,0
5309,concocted,0
5310,concord,0
5311,concours,0
5312,concourse,0
5313,concrete,0
5314,concubine,0
5315,concur,0
5316,concurred,0
5317,cond,0
5318,condemn,0
5319,condemned,0
5320,condemns,0
5321,condense,0
5322,condensed,0
5323,condenser,0
5324,condiment,0
5325,condition,0
5326,condo,0
5327,condom,0
5328,condoms,0
5329,condone,0
5330,condoned,0
5331,condoning,0
5332,condor,0
5333,condos,0
5334,conducive,0
5335,conduct,0
5336,conducted,0
5337,conductor,0
5338,conducts,0
5339,conduit,0
5340,conduits,0
5341,cone,0
5342,cones,0
5343,coney,0
5344,conf,0
5345,confer,0
5346,conferred,0
5347,confers,0
5348,confess,0
5349,confessed,0
5350,confesses,0
5351,confessor,0
5352,confetti,0
5353,confidant,0
5354,confide,0
5355,confided,0
5356,confident,0
5357,configure,0
5358,confine,0
5359,confined,0
5360,confines,0
5361,confining,0
5362,confirm,0
5363,confirmed,0
5364,confirms,0
5365,conflict,0
5366,conflicts,0
5367,conform,0
5368,conformal,0
5369,conformed,0
5370,conforms,0
5371,confound,0
5372,confront,0
5373,confronts,0
5374,confuse,0
5375,confused,0
5376,confuses,0
5377,confusing,0
5378,confusion,0
5379,conga,0
5380,congenial,0
5381,conger,0
5382,congested,0
5383,congo,0
5384,congrats,0
5385,congress,0
5386,congruent,0
5387,conical,0
5388,conifer,0
5389,conifers,0
5390,conjoined,0
5391,conjugal,0
5392,conjugate,0
5393,conjure,0
5394,conjured,0
5395,conjures,0
5396,conjuring,0
5397,conn,0
5398,connect,0
5399,connected,0
5400,connector,0
5401,connects,0
5402,conned,0
5403,conner,0
5404,connie,0
5405,conning,0
5406,conniving,0
5407,conquer,0
5408,conquered,0
5409,conqueror,0
5410,conquers,0
5411,conquest,0
5412,conquests,0
5413,cons,0
5414,conscious,0
5415,consensus,0
5416,consent,0
5417,consented,0
5418,consents,0
5419,conserve,0
5420,conserved,0
5421,consider,0
5422,considers,0
5423,consigned,0
5424,consist,0
5425,consisted,0
5426,consists,0
5427,console,0
5428,consoled,0
5429,consoles,0
5430,consoling,0
5431,consonant,0
5432,consort,0
5433,conspire,0
5434,conspired,0
5435,constable,0
5436,constant,0
5437,constants,0
5438,constrain,0
5439,construct,0
5440,construed,0
5441,consul,0
5442,consular,0
5443,consulate,0
5444,consuls,0
5445,consult,0
5446,consulted,0
5447,consults,0
5448,consume,0
5449,consumed,0
5450,consumer,0
5451,consumers,0
5452,consumes,0
5453,consuming,0
5454,contact,0
5455,contacted,0
5456,contacts,0
5457,contagion,0
5458,contain,0
5459,contained,0
5460,container,0
5461,contains,0
5462,conte,0
5463,contempt,0
5464,contend,0
5465,contended,0
5466,contender,0
5467,contends,0
5468,content,0
5469,contented,0
5470,contents,0
5471,contest,0
5472,contested,0
5473,contests,0
5474,context,0
5475,contexts,0
5476,continent,0
5477,continual,0
5478,continue,0
5479,continued,0
5480,continues,0
5481,continuum,0
5482,contorted,0
5483,contour,0
5484,contours,0
5485,contra,0
5486,contract,0
5487,contracts,0
5488,contrary,0
5489,contrast,0
5490,contrasts,0
5491,contrived,0
5492,control,0
5493,controls,0
5494,conundrum,0
5495,convene,0
5496,convened,0
5497,convener,0
5498,convening,0
5499,convent,0
5500,convents,0
5501,converge,0
5502,converged,0
5503,converges,0
5504,converse,0
5505,convert,0
5506,converted,0
5507,converter,0
5508,converts,0
5509,convex,0
5510,convey,0
5511,conveyed,0
5512,conveying,0
5513,conveyor,0
5514,conveyors,0
5515,conveys,0
5516,convict,0
5517,convicted,0
5518,convicts,0
5519,convince,0
5520,convinced,0
5521,convinces,0
5522,convo,0
5523,convoy,0
5524,convoys,0
5525,coo,0
5526,cook,0
5527,cookbook,0
5528,cookbooks,0
5529,cooked,0
5530,cooker,0
5531,cookers,0
5532,cookery,0
5533,cookie,0
5534,cookies,0
5535,cooking,0
5536,cooks,0
5537,cookware,0
5538,cool,0
5539,coolant,0
5540,cooled,0
5541,cooler,0
5542,coolers,0
5543,coolest,0
5544,cooling,0
5545,coolly,0
5546,coolness,0
5547,cools,0
5548,coombs,0
5549,coon,1
5550,coons,0
5551,coop,0
5552,cooper,0
5553,cooperate,0
5554,coopers,0
5555,coos,0
5556,coot,0
5557,cop,0
5558,cope,0
5559,coped,0
5560,copied,0
5561,copier,0
5562,copies,0
5563,coping,0
5564,copious,0
5565,copolymer,0
5566,copped,0
5567,copper,0
5568,coppers,0
5569,copping,0
5570,cops,0
5571,copy,0
5572,copycat,0
5573,copying,0
5574,copyright,0
5575,cor,0
5576,coral,0
5577,corals,0
5578,corby,0
5579,cord,0
5580,cordial,0
5581,cordially,0
5582,cordless,0
5583,cordoba,0
5584,cordon,0
5585,cords,0
5586,corduroy,0
5587,core,0
5588,cores,0
5589,corey,0
5590,corgi,0
5591,coriander,0
5592,cork,0
5593,corker,0
5594,corks,0
5595,corkscrew,0
5596,corky,0
5597,corn,0
5598,cornbread,0
5599,cornea,0
5600,corneal,0
5601,corned,0
5602,corner,0
5603,cornered,0
5604,cornering,0
5605,corners,0
5606,cornet,0
5607,cornfield,0
5608,cornice,0
5609,corning,0
5610,corny,0
5611,corolla,0
5612,corollary,0
5613,corona,0
5614,coronal,0
5615,coronary,0
5616,coroner,0
5617,coroners,0
5618,coronet,0
5619,corporal,0
5620,corporate,0
5621,corporeal,0
5622,corps,0
5623,corpse,0
5624,corpses,0
5625,corpus,0
5626,corral,0
5627,correa,0
5628,correct,0
5629,corrected,0
5630,correctly,0
5631,corrects,0
5632,correlate,0
5633,corridor,0
5634,corridors,0
5635,corrie,0
5636,corroded,0
5637,corrosion,0
5638,corrosive,0
5639,corrupt,0
5640,corrupted,0
5641,corrupts,0
5642,corsair,0
5643,corset,0
5644,corsets,0
5645,corso,0
5646,cortex,0
5647,cortical,0
5648,cortisol,0
5649,cortisone,0
5650,corvette,0
5651,corvettes,0
5652,cory,0
5653,cos,0
5654,cosine,0
5655,cosmetic,0
5656,cosmetics,0
5657,cosmic,0
5658,cosmology,0
5659,cosmonaut,0
5660,cosmos,0
5661,cossack,0
5662,cossacks,0
5663,cost,0
5664,costa,0
5665,costal,0
5666,costed,0
5667,costing,0
5668,costly,0
5669,costs,0
5670,costume,0
5671,costumed,0
5672,costumes,0
5673,cosy,0
5674,cot,0
5675,cote,0
5676,cots,0
5677,cotta,0
5678,cottage,0
5679,cottages,0
5680,cotter,0
5681,cotton,0
5682,couch,0
5683,couches,0
5684,cougar,0
5685,cougars,0
5686,cough,0
5687,coughed,0
5688,coughing,0
5689,coughs,0
5690,could,0
5691,coulter,0
5692,council,0
5693,councilor,0
5694,councils,0
5695,counsel,0
5696,counseled,0
5697,counselor,0
5698,counsels,0
5699,count,0
5700,countable,0
5701,countdown,0
5702,counted,0
5703,counter,0
5704,countered,0
5705,counters,0
5706,countess,0
5707,counties,0
5708,counting,0
5709,countless,0
5710,countries,0
5711,country,0
5712,counts,0
5713,county,0
5714,coup,0
5715,coupe,0
5716,couple,0
5717,coupled,0
5718,coupler,0
5719,couples,0
5720,couplet,0
5721,coupling,0
5722,couplings,0
5723,coupon,0
5724,coupons,0
5725,coups,0
5726,cour,0
5727,courage,0
5728,courant,0
5729,courier,0
5730,couriers,0
5731,cours,0
5732,course,0
5733,courses,0
5734,coursing,0
5735,court,0
5736,courted,0
5737,courteous,0
5738,courtesan,0
5739,courtesy,0
5740,courtier,0
5741,courtiers,0
5742,courting,0
5743,courtly,0
5744,courtroom,0
5745,courts,0
5746,courtship,0
5747,courtyard,0
5748,couscous,0
5749,cousin,0
5750,cousins,0
5751,couture,0
5752,covalent,0
5753,cove,0
5754,coven,0
5755,covenant,0
5756,covenants,0
5757,covent,0
5758,cover,0
5759,coverage,0
5760,covered,0
5761,covering,0
5762,coverings,0
5763,covers,0
5764,covert,0
5765,covertly,0
5766,coverup,0
5767,covet,0
5768,coveted,0
5769,covey,0
5770,cow,0
5771,cowan,0
5772,coward,0
5773,cowardice,0
5774,cowardly,0
5775,cowards,0
5776,cowboy,0
5777,cowboys,0
5778,cower,0
5779,cowering,0
5780,cowgirl,1
5781,cowl,0
5782,coworker,0
5783,coworkers,0
5784,cows,0
5785,cox,0
5786,coy,0
5787,coyote,0
5788,coyotes,0
5789,coz,0
5790,cozy,0
5791,crab,0
5792,crabs,0
5793,crack,0
5794,crackdown,0
5795,cracked,0
5796,cracker,0
5797,crackers,0
5798,crackhead,0
5799,cracking,0
5800,crackle,0
5801,crackling,0
5802,crackpot,0
5803,cracks,0
5804,cradle,0
5805,cradled,0
5806,craft,0
5807,crafted,0
5808,crafting,0
5809,crafts,0
5810,craftsman,0
5811,craftsmen,0
5812,crafty,0
5813,crag,0
5814,craggy,0
5815,crags,0
5816,craig,0
5817,cram,0
5818,crammed,0
5819,cramming,0
5820,cramp,0
5821,cramped,0
5822,cramping,0
5823,cramps,0
5824,cranberry,0
5825,crane,0
5826,cranes,0
5827,cranial,0
5828,cranium,0
5829,crank,0
5830,cranked,0
5831,cranking,0
5832,cranks,0
5833,cranky,0
5834,crap,1
5835,crappy,0
5836,craps,0
5837,crash,0
5838,crashed,0
5839,crashes,0
5840,crashing,0
5841,crass,0
5842,crate,0
5843,crater,0
5844,craters,0
5845,crates,0
5846,crave,0
5847,craved,0
5848,craven,0
5849,craves,0
5850,craving,0
5851,cravings,0
5852,crawfish,0
5853,crawl,0
5854,crawled,0
5855,crawler,0
5856,crawling,0
5857,crawls,0
5858,cray,0
5859,crayfish,0
5860,crayon,0
5861,crayons,0
5862,craze,0
5863,crazed,0
5864,crazier,0
5865,crazies,0
5866,craziest,0
5867,craziness,0
5868,crazy,0
5869,creak,0
5870,creaking,0
5871,cream,0
5872,creamed,0
5873,creamer,0
5874,creamery,0
5875,creams,0
5876,creamy,0
5877,crease,0
5878,creases,0
5879,create,0
5880,created,0
5881,creates,0
5882,creatine,0
5883,creating,0
5884,creation,0
5885,creations,0
5886,creative,0
5887,creatives,0
5888,creator,0
5889,creators,0
5890,creature,0
5891,creatures,0
5892,cred,0
5893,credence,0
5894,credible,0
5895,credibly,0
5896,credit,0
5897,credited,0
5898,crediting,0
5899,creditor,0
5900,creditors,0
5901,credits,0
5902,credo,0
5903,cree,0
5904,creed,0
5905,creeds,0
5906,creek,0
5907,creeks,0
5908,creep,0
5909,creeped,0
5910,creeper,0
5911,creepers,0
5912,creepiest,0
5913,creeping,0
5914,creeps,0
5915,creepy,0
5916,cremated,0
5917,cremation,0
5918,creme,0
5919,crenshaw,0
5920,creole,0
5921,crepe,0
5922,crepes,0
5923,crept,0
5924,crescendo,0
5925,crescent,0
5926,crest,0
5927,crested,0
5928,crests,0
5929,crevice,0
5930,crevices,0
5931,crew,0
5932,crewe,0
5933,crewed,0
5934,crewman,0
5935,crewmen,0
5936,crews,0
5937,crib,0
5938,cribs,0
5939,crick,0
5940,cricket,0
5941,cricketer,0
5942,crickets,0
5943,cried,0
5944,cries,0
5945,crim,0
5946,crime,0
5947,crimes,0
5948,criminal,0
5949,criminals,0
5950,crimp,0
5951,crimson,0
5952,cringe,0
5953,cringed,0
5954,cringing,0
5955,cripple,0
5956,crippled,0
5957,cripples,0
5958,crippling,0
5959,cris,0
5960,crises,0
5961,crisis,0
5962,crisp,0
5963,crispin,0
5964,crisps,0
5965,crispy,0
5966,crit,0
5967,criteria,0
5968,criterion,0
5969,critic,0
5970,critical,0
5971,criticise,0
5972,criticism,0
5973,criticize,0
5974,critics,0
5975,critique,0
5976,critiqued,0
5977,critiques,0
5978,critter,0
5979,critters,0
5980,croc,0
5981,crochet,0
5982,crocheted,0
5983,crock,0
5984,crockery,0
5985,crocodile,0
5986,crocs,0
5987,croft,0
5988,croissant,0
5989,crone,0
5990,cronies,0
5991,crony,0
5992,cronyism,0
5993,crook,0
5994,crooked,0
5995,crooks,0
5996,crop,0
5997,cropped,0
5998,cropper,0
5999,cropping,0
6000,crops,0
6001,croquet,0
6002,crore,0
6003,crores,0
6004,cross,0
6005,crossbar,0
6006,crossbow,0
6007,crosse,0
6008,crossed,0
6009,crosses,0
6010,crossfire,0
6011,crossing,0
6012,crossings,0
6013,crossover,0
6014,crosswalk,0
6015,crossword,0
6016,crotch,1
6017,crouch,0
6018,crouched,0
6019,crouching,0
6020,crow,0
6021,crowbar,0
6022,crowd,0
6023,crowded,0
6024,crowder,0
6025,crowding,0
6026,crowds,0
6027,crowing,0
6028,crown,0
6029,crowned,0
6030,crowning,0
6031,crowns,0
6032,crows,0
6033,crozier,0
6034,cru,0
6035,cruces,0
6036,crucial,0
6037,crucially,0
6038,cruciate,0
6039,crucible,0
6040,crucified,0
6041,crucifix,0
6042,crucify,0
6043,crud,0
6044,crude,0
6045,crudely,0
6046,cruel,0
6047,cruelly,0
6048,cruelty,0
6049,cruise,0
6050,cruised,0
6051,cruiser,0
6052,cruisers,0
6053,cruises,0
6054,cruising,0
6055,crumb,0
6056,crumble,0
6057,crumbled,0
6058,crumbles,0
6059,crumbling,0
6060,crumbs,0
6061,crummy,0
6062,crump,0
6063,crumpled,0
6064,crunch,0
6065,crunched,0
6066,crunches,0
6067,crunching,0
6068,crunchy,0
6069,crusade,0
6070,crusader,0
6071,crusaders,0
6072,crusades,0
6073,crusading,0
6074,crush,0
6075,crushed,0
6076,crusher,0
6077,crushers,0
6078,crushes,0
6079,crushing,0
6080,crust,0
6081,crusted,0
6082,crusts,0
6083,crusty,0
6084,crutch,0
6085,crutches,0
6086,crux,0
6087,cry,0
6088,crybaby,0
6089,crying,0
6090,cryogenic,0
6091,crypt,0
6092,cryptic,0
6093,crypto,0
6094,crystal,0
6095,crystals,0
6096,cub,0
6097,cubby,0
6098,cube,0
6099,cubed,0
6100,cubes,0
6101,cubic,0
6102,cubicle,0
6103,cubicles,0
6104,cubs,0
6105,cuckold,0
6106,cuckoo,0
6107,cucumber,0
6108,cucumbers,0
6109,cuddle,0
6110,cuddled,0
6111,cuddles,0
6112,cuddling,0
6113,cuddly,0
6114,cuddy,0
6115,cue,0
6116,cues,0
6117,cuff,0
6118,cuffed,0
6119,cufflinks,0
6120,cuffs,0
6121,cuisine,0
6122,cuisines,0
6123,culinary,0
6124,cull,0
6125,culled,0
6126,culling,0
6127,culminate,0
6128,culpa,0
6129,culpable,0
6130,culprit,0
6131,culprits,0
6132,cult,0
6133,cultivar,0
6134,cultivars,0
6135,cultivate,0
6136,cults,0
6137,cultural,0
6138,culture,0
6139,cultured,0
6140,cultures,0
6141,culver,0
6142,culvert,0
6143,cum,1
6144,cumin,0
6145,cummins,0
6146,cums,1
6147,cumulus,0
6148,cuneiform,0
6149,cunning,0
6150,cunt,1
6151,cunts,1
6152,cup,0
6153,cupboard,0
6154,cupboards,0
6155,cupcake,0
6156,cupcakes,0
6157,cupid,0
6158,cupola,0
6159,cuppa,0
6160,cupping,0
6161,cups,0
6162,cur,0
6163,curable,0
6164,curate,0
6165,curated,0
6166,curating,0
6167,curation,0
6168,curative,0
6169,curator,0
6170,curators,0
6171,curb,0
6172,curbed,0
6173,curbing,0
6174,curbs,0
6175,curd,0
6176,cure,0
6177,cured,0
6178,cures,0
6179,curfew,0
6180,curia,0
6181,curie,0
6182,curing,0
6183,curiosity,0
6184,curious,0
6185,curiously,0
6186,curl,0
6187,curled,0
6188,curler,0
6189,curlers,0
6190,curling,0
6191,curls,0
6192,curly,0
6193,curran,0
6194,currant,0
6195,currency,0
6196,current,0
6197,currently,0
6198,currents,0
6199,curricula,0
6200,currie,0
6201,curries,0
6202,curry,0
6203,curse,0
6204,cursed,0
6205,curses,0
6206,cursing,0
6207,cursive,0
6208,cursor,0
6209,cursory,0
6210,curt,0
6211,curtail,0
6212,curtailed,0
6213,curtain,0
6214,curtains,0
6215,curvature,0
6216,curve,0
6217,curveball,0
6218,curved,0
6219,curves,0
6220,curving,0
6221,curvy,0
6222,cushion,0
6223,cushioned,0
6224,cushions,0
6225,cushy,0
6226,cusp,0
6227,cuss,0
6228,cussing,0
6229,custard,0
6230,custodial,0
6231,custodian,0
6232,custody,0
6233,custom,0
6234,customary,0
6235,customer,0
6236,customers,0
6237,customize,0
6238,customs,0
6239,cut,0
6240,cutaneous,0
6241,cutaway,0
6242,cutbacks,0
6243,cute,0
6244,cuteness,0
6245,cuter,0
6246,cutest,0
6247,cutesy,0
6248,cuticle,0
6249,cutie,0
6250,cutlass,0
6251,cutler,0
6252,cutlery,0
6253,cutoff,0
6254,cutout,0
6255,cutouts,0
6256,cuts,0
6257,cutscenes,0
6258,cutter,0
6259,cutters,0
6260,cutthroat,0
6261,cutting,0
6262,cuttings,0
6263,cuz,0
6264,cyan,0
6265,cyanide,0
6266,cyber,0
6267,cyberpunk,0
6268,cyborg,0
6269,cyborgs,0
6270,cycle,0
6271,cycled,0
6272,cycles,0
6273,cyclic,0
6274,cyclical,0
6275,cycling,0
6276,cyclist,0
6277,cyclists,0
6278,cyclone,0
6279,cyclones,0
6280,cyclops,0
6281,cylinder,0
6282,cylinders,0
6283,cymbal,0
6284,cymbals,0
6285,cynic,0
6286,cynical,0
6287,cynically,0
6288,cynicism,0
6289,cypher,0
6290,cypress,0
6291,cyprus,0
6292,cyst,0
6293,cysteine,0
6294,cystic,0
6295,cysts,0
6296,cytokine,0
6297,cytokines,0
6298,cytoplasm,0
6299,cytotoxic,0
6300,czar,0
6301,dab,0
6302,dabbing,0
6303,dabble,0
6304,dabbled,0
6305,dabbling,0
6306,dabs,0
6307,dachshund,0
6308,dad,0
6309,dada,0
6310,daddies,0
6311,daddy,0
6312,dads,0
6313,dae,0
6314,daemon,0
6315,daffodil,0
6316,daffodils,0
6317,daffy,0
6318,daft,0
6319,dag,0
6320,dagger,0
6321,daggers,0
6322,dah,0
6323,dahl,0
6324,dahlia,0
6325,dailies,0
6326,daily,0
6327,dainty,0
6328,dairies,0
6329,dairy,0
6330,dais,0
6331,daisies,0
6332,daisy,0
6333,dak,0
6334,dal,0
6335,dale,0
6336,dales,0
6337,dali,0
6338,dally,0
6339,dalmatian,0
6340,dalton,0
6341,dam,0
6342,damage,0
6343,damaged,0
6344,damages,0
6345,damaging,0
6346,dame,0
6347,dames,0
6348,dammed,0
6349,dammit,0
6350,damn,1
6351,damnation,0
6352,damned,0
6353,damning,0
6354,damp,0
6355,dampen,0
6356,dampened,0
6357,dampening,0
6358,damper,0
6359,dampers,0
6360,damping,0
6361,dams,0
6362,damsel,0
6363,dan,0
6364,dance,0
6365,danced,0
6366,dancehall,0
6367,dancer,0
6368,dancers,0
6369,dances,0
6370,dancing,0
6371,dandelion,0
6372,dandruff,0
6373,dandy,0
6374,dang,0
6375,danger,0
6376,dangerous,0
6377,dangers,0
6378,dangle,0
6379,dangled,0
6380,dangling,0
6381,danish,0
6382,dank,0
6383,danny,0
6384,dans,0
6385,dap,0
6386,daphne,0
6387,dapper,0
6388,darcy,0
6389,dare,0
6390,dared,0
6391,daredevil,0
6392,dares,0
6393,dari,0
6394,daring,0
6395,dark,0
6396,darken,0
6397,darkened,0
6398,darkening,0
6399,darker,0
6400,darkest,0
6401,darkly,0
6402,darkness,0
6403,darkroom,0
6404,darling,0
6405,darlings,0
6406,darn,0
6407,darned,0
6408,darshan,0
6409,dart,0
6410,darted,0
6411,darting,0
6412,darts,0
6413,das,0
6414,dash,0
6415,dashboard,0
6416,dashed,0
6417,dashes,0
6418,dashing,0
6419,dastardly,0
6420,data,0
6421,database,0
6422,databases,0
6423,date,0
6424,dated,0
6425,dateline,0
6426,dates,0
6427,dating,0
6428,datum,0
6429,daughter,0
6430,daughters,0
6431,daunting,0
6432,dauntless,0
6433,dauphin,0
6434,davenport,0
6435,davies,0
6436,davy,0
6437,daw,0
6438,dawn,0
6439,dawned,0
6440,dawning,0
6441,dawns,0
6442,day,0
6443,daybreak,0
6444,daycare,0
6445,daydream,0
6446,daydreams,0
6447,daylight,0
6448,days,0
6449,daytime,0
6450,daze,0
6451,dazed,0
6452,dazzle,0
6453,dazzled,0
6454,dazzling,0
6455,deacon,0
6456,deacons,0
6457,dead,0
6458,deadbeat,0
6459,deadliest,0
6460,deadlift,0
6461,deadline,0
6462,deadlines,0
6463,deadlock,0
6464,deadly,0
6465,deadpan,0
6466,deadwood,0
6467,deaf,0
6468,deafening,0
6469,deafness,0
6470,deal,0
6471,dealer,0
6472,dealers,0
6473,dealing,0
6474,dealings,0
6475,deals,0
6476,dealt,0
6477,dean,0
6478,deans,0
6479,dear,0
6480,dearest,0
6481,dearly,0
6482,dearth,0
6483,death,0
6484,deathbed,0
6485,deathly,0
6486,deaths,0
6487,deb,0
6488,debacle,0
6489,debatable,0
6490,debate,0
6491,debated,0
6492,debates,0
6493,debating,0
6494,debby,0
6495,debit,0
6496,debris,0
6497,debs,0
6498,debt,0
6499,debtor,0
6500,debtors,0
6501,debts,0
6502,debug,0
6503,debugging,0
6504,debunk,0
6505,debunked,0
6506,debunking,0
6507,debut,0
6508,debutant,0
6509,debutante,0
6510,debuted,0
6511,debuting,0
6512,debuts,0
6513,decade,0
6514,decadence,0
6515,decadent,0
6516,decades,0
6517,decaf,0
6518,decal,0
6519,decals,0
6520,decanter,0
6521,decathlon,0
6522,decay,0
6523,decayed,0
6524,decaying,0
6525,decays,0
6526,deceased,0
6527,deceit,0
6528,deceitful,0
6529,deceive,0
6530,deceived,0
6531,deceiving,0
6532,decency,0
6533,decent,0
6534,decently,0
6535,deception,0
6536,deceptive,0
6537,decibel,0
6538,decibels,0
6539,decide,0
6540,decided,0
6541,decidedly,0
6542,decider,0
6543,decides,0
6544,deciding,0
6545,deciduous,0
6546,decimal,0
6547,decimals,0
6548,decimate,0
6549,decimated,0
6550,decipher,0
6551,decision,0
6552,decisions,0
6553,decisive,0
6554,deck,0
6555,decked,0
6556,decker,0
6557,decking,0
6558,decks,0
6559,declare,0
6560,declared,0
6561,declares,0
6562,declaring,0
6563,decline,0
6564,declined,0
6565,declines,0
6566,declining,0
6567,deco,0
6568,decode,0
6569,decoded,0
6570,decoder,0
6571,decoding,0
6572,decompose,0
6573,decor,0
6574,decorate,0
6575,decorated,0
6576,decorator,0
6577,decorum,0
6578,decoy,0
6579,decoys,0
6580,decrease,0
6581,decreased,0
6582,decreases,0
6583,decree,0
6584,decreed,0
6585,decrees,0
6586,decrepit,0
6587,decried,0
6588,decry,0
6589,decrying,0
6590,decrypt,0
6591,dedicate,0
6592,dedicated,0
6593,dedicates,0
6594,deduce,0
6595,deduced,0
6596,deduct,0
6597,deducted,0
6598,deducting,0
6599,deduction,0
6600,deductive,0
6601,dee,0
6602,deed,0
6603,deeds,0
6604,deejay,0
6605,deem,0
6606,deemed,0
6607,deeming,0
6608,deems,0
6609,deen,0
6610,deep,0
6611,deepen,0
6612,deepened,0
6613,deepening,0
6614,deepens,0
6615,deeper,0
6616,deepest,0
6617,deeply,0
6618,deepwater,0
6619,deer,0
6620,deere,0
6621,dees,0
6622,def,0
6623,defaced,0
6624,defame,0
6625,default,0
6626,defaulted,0
6627,defaults,0
6628,defeat,0
6629,defeated,0
6630,defeating,0
6631,defeats,0
6632,defect,0
6633,defected,0
6634,defection,0
6635,defective,0
6636,defector,0
6637,defectors,0
6638,defects,0
6639,defence,0
6640,defences,0
6641,defend,0
6642,defendant,0
6643,defended,0
6644,defender,0
6645,defenders,0
6646,defending,0
6647,defends,0
6648,defense,0
6649,defenses,0
6650,defensive,0
6651,defer,0
6652,deference,0
6653,deferral,0
6654,deferred,0
6655,deferring,0
6656,defiance,0
6657,defiant,0
6658,defiantly,0
6659,deficient,0
6660,deficit,0
6661,deficits,0
6662,defied,0
6663,defies,0
6664,defile,0
6665,defiled,0
6666,define,0
6667,defined,0
6668,defines,0
6669,defining,0
6670,definite,0
6671,deflate,0
6672,deflated,0
6673,deflation,0
6674,deflect,0
6675,deflected,0
6676,deflector,0
6677,deform,0
6678,deformed,0
6679,deformity,0
6680,defraud,0
6681,defrauded,0
6682,defrost,0
6683,deft,0
6684,deftly,0
6685,defunct,0
6686,defund,0
6687,defuse,0
6688,defy,0
6689,defying,0
6690,deg,0
6691,degas,0
6692,degrade,0
6693,degraded,0
6694,degrades,0
6695,degrading,0
6696,degree,0
6697,degrees,0
6698,dei,0
6699,deities,0
6700,deity,0
6701,dejected,0
6702,del,0
6703,delay,0
6704,delayed,0
6705,delaying,0
6706,delays,0
6707,dele,0
6708,delegate,0
6709,delegated,0
6710,delegates,0
6711,delete,0
6712,deleted,0
6713,deletes,0
6714,deleting,0
6715,deletion,0
6716,deletions,0
6717,delft,0
6718,deli,0
6719,delicacy,0
6720,delicate,0
6721,delicious,0
6722,delight,0
6723,delighted,0
6724,delights,0
6725,delineate,0
6726,delirious,0
6727,delirium,0
6728,delisted,0
6729,deliver,0
6730,delivered,0
6731,delivers,0
6732,delivery,0
6733,dell,0
6734,delos,0
6735,delta,0
6736,deltas,0
6737,deluded,0
6738,deluge,0
6739,delusion,0
6740,delusions,0
6741,deluxe,0
6742,delve,0
6743,delved,0
6744,delves,0
6745,delving,0
6746,demand,0
6747,demanded,0
6748,demanding,0
6749,demands,0
6750,demean,0
6751,demeaning,0
6752,demeanor,0
6753,demeanour,0
6754,demented,0
6755,dementia,0
6756,demise,0
6757,demo,0
6758,democracy,0
6759,democrat,0
6760,democrats,0
6761,demolish,0
6762,demon,0
6763,demonic,0
6764,demonize,0
6765,demons,0
6766,demos,0
6767,demoted,0
6768,demotion,0
6769,dempster,0
6770,demure,0
6771,den,0
6772,dendritic,0
6773,dengue,0
6774,denial,0
6775,denials,0
6776,denied,0
6777,denier,0
6778,deniers,0
6779,denies,0
6780,denigrate,0
6781,denim,0
6782,denis,0
6783,denizens,0
6784,denning,0
6785,denote,0
6786,denoted,0
6787,denotes,0
6788,denoting,0
6789,denounce,0
6790,denounced,0
6791,denounces,0
6792,dens,0
6793,dense,0
6794,densely,0
6795,denser,0
6796,densities,0
6797,density,0
6798,dent,0
6799,dental,0
6800,dented,0
6801,dentist,0
6802,dentistry,0
6803,dentists,0
6804,dents,0
6805,denture,0
6806,dentures,0
6807,deny,0
6808,denying,0
6809,deodorant,0
6810,depart,0
6811,departed,0
6812,departing,0
6813,departs,0
6814,departure,0
6815,depeche,0
6816,depend,0
6817,dependant,0
6818,depended,0
6819,dependent,0
6820,depending,0
6821,depends,0
6822,depict,0
6823,depicted,0
6824,depicting,0
6825,depiction,0
6826,depicts,0
6827,deplete,0
6828,depleted,0
6829,depleting,0
6830,depletion,0
6831,deploy,0
6832,deployed,0
6833,deploying,0
6834,deploys,0
6835,deport,0
6836,deported,0
6837,deporting,0
6838,depose,0
6839,deposed,0
6840,deposit,0
6841,deposited,0
6842,deposits,0
6843,depot,0
6844,depots,0
6845,depraved,0
6846,depravity,0
6847,depress,0
6848,depressed,0
6849,depresses,0
6850,deprive,0
6851,deprived,0
6852,deprives,0
6853,depriving,0
6854,depth,0
6855,depths,0
6856,deputies,0
6857,deputy,0
6858,derail,0
6859,derailed,0
6860,deranged,0
6861,derby,0
6862,derelict,0
6863,derided,0
6864,derision,0
6865,derive,0
6866,derived,0
6867,derives,0
6868,deriving,0
6869,dermal,0
6870,dern,0
6871,derrick,0
6872,derry,0
6873,descend,0
6874,descended,0
6875,descends,0
6876,descent,0
6877,describe,0
6878,described,0
6879,describes,0
6880,desert,0
6881,deserted,0
6882,deserter,0
6883,deserters,0
6884,deserting,0
6885,desertion,0
6886,deserts,0
6887,deserve,0
6888,deserved,0
6889,deserves,0
6890,deserving,0
6891,desi,0
6892,design,0
6893,designate,0
6894,designed,0
6895,designer,0
6896,designers,0
6897,designing,0
6898,designs,0
6899,desirable,0
6900,desire,0
6901,desired,0
6902,desires,0
6903,desiring,0
6904,desirous,0
6905,desist,0
6906,desk,0
6907,desks,0
6908,desktop,0
6909,desktops,0
6910,desolate,0
6911,despair,0
6912,despatch,0
6913,desperate,0
6914,despise,0
6915,despised,0
6916,despises,0
6917,despite,0
6918,despot,0
6919,despotic,0
6920,dessert,0
6921,desserts,0
6922,destined,0
6923,destinies,0
6924,destiny,0
6925,destitute,0
6926,destroy,0
6927,destroyed,0
6928,destroyer,0
6929,destroys,0
6930,destruct,0
6931,detach,0
6932,detached,0
6933,detail,0
6934,detailed,0
6935,detailing,0
6936,details,0
6937,detain,0
6938,detained,0
6939,detainee,0
6940,detainees,0
6941,detaining,0
6942,detect,0
6943,detected,0
6944,detecting,0
6945,detection,0
6946,detective,0
6947,detector,0
6948,detectors,0
6949,detects,0
6950,detention,0
6951,deter,0
6952,detergent,0
6953,determine,0
6954,deterred,0
6955,deterrent,0
6956,deterring,0
6957,detest,0
6958,detested,0
6959,dethroned,0
6960,detonate,0
6961,detonated,0
6962,detonator,0
6963,detour,0
6964,detours,0
6965,detox,0
6966,detract,0
6967,detriment,0
6968,detritus,0
6969,deuce,0
6970,deus,0
6971,deuterium,0
6972,dev,0
6973,deva,0
6974,devalue,0
6975,devalued,0
6976,devastate,0
6977,devel,0
6978,develop,0
6979,developed,0
6980,developer,0
6981,develops,0
6982,deviant,0
6983,deviate,0
6984,deviated,0
6985,deviates,0
6986,deviating,0
6987,deviation,0
6988,device,0
6989,devices,0
6990,devil,0
6991,devilish,0
6992,devils,0
6993,devious,0
6994,devise,0
6995,devised,0
6996,devising,0
6997,devoid,0
6998,devolve,0
6999,devolved,0
7000,devon,0
7001,devonian,0
7002,devote,0
7003,devoted,0
7004,devotee,0
7005,devotees,0
7006,devotes,0
7007,devoting,0
7008,devotion,0
7009,devotions,0
7010,devour,0
7011,devoured,0
7012,devouring,0
7013,devout,0
7014,devs,0
7015,dew,0
7016,dewan,0
7017,dewar,0
7018,dewitt,0
7019,dewy,0
7020,dex,0
7021,dexter,0
7022,dexterity,0
7023,dey,0
7024,dharma,0
7025,diabetes,0
7026,diabetic,0
7027,diabetics,0
7028,diagnose,0
7029,diagnosed,0
7030,diagnoses,0
7031,diagnosis,0
7032,diagonal,0
7033,diagram,0
7034,diagrams,0
7035,dial,0
7036,dialect,0
7037,dialectic,0
7038,dialects,0
7039,dialed,0
7040,dialing,0
7041,dialog,0
7042,dialogue,0
7043,dialogues,0
7044,dials,0
7045,dialysis,0
7046,diameter,0
7047,diameters,0
7048,diamond,0
7049,diamonds,0
7050,diane,0
7051,diaper,0
7052,diapers,0
7053,diaphragm,0
7054,diaries,0
7055,diarrhea,0
7056,diarrhoea,0
7057,diary,0
7058,diaspora,0
7059,diatribe,0
7060,diazepam,0
7061,dibs,0
7062,dice,0
7063,diced,0
7064,dicey,0
7065,dichotomy,0
7066,dick,1
7067,dickens,0
7068,dickey,0
7069,dickhead,1
7070,dickheads,0
7071,dickie,0
7072,dicks,0
7073,dicky,0
7074,dictate,0
7075,dictated,0
7076,dictates,0
7077,dictating,0
7078,dictation,0
7079,dictator,0
7080,dictators,0
7081,diction,0
7082,did,0
7083,didactic,0
7084,diddy,0
7085,dido,0
7086,die,0
7087,died,0
7088,diehard,0
7089,dies,0
7090,diesel,0
7091,diesels,0
7092,diet,0
7093,dietary,0
7094,dieter,0
7095,dieting,0
7096,dietitian,0
7097,diets,0
7098,dif,0
7099,diff,0
7100,differ,0
7101,differed,0
7102,different,0
7103,differing,0
7104,differs,0
7105,difficult,0
7106,diffuse,0
7107,diffused,0
7108,diffuser,0
7109,diffusion,0
7110,dig,0
7111,digest,0
7112,digested,0
7113,digesting,0
7114,digestion,0
7115,digestive,0
7116,digger,0
7117,diggers,0
7118,digging,0
7119,digit,0
7120,digital,0
7121,digitally,0
7122,digitized,0
7123,digits,0
7124,dignified,0
7125,dignity,0
7126,digress,0
7127,digs,0
7128,dike,0
7129,dikes,0
7130,dilated,0
7131,dilation,0
7132,dildo,1
7133,dildos,1
7134,dilemma,0
7135,dilemmas,0
7136,diligence,0
7137,diligent,0
7138,dill,0
7139,dilly,0
7140,dilute,0
7141,diluted,0
7142,diluting,0
7143,dilution,0
7144,dim,0
7145,dime,0
7146,dimension,0
7147,dimer,0
7148,dimes,0
7149,dimethyl,0
7150,diminish,0
7151,dimly,0
7152,dimmed,0
7153,dimmer,0
7154,dimming,0
7155,dimple,0
7156,dimples,0
7157,din,0
7158,dinar,0
7159,dinars,0
7160,dine,0
7161,dined,0
7162,diner,0
7163,diners,0
7164,ding,0
7165,dinghy,0
7166,dingle,0
7167,dingo,0
7168,dings,0
7169,dingy,0
7170,dining,0
7171,dink,1
7172,dinky,0
7173,dinner,0
7174,dinners,0
7175,dino,0
7176,dinos,0
7177,dinosaur,0
7178,dinosaurs,0
7179,dint,0
7180,diocesan,0
7181,diocese,0
7182,dioceses,0
7183,diode,0
7184,diodes,0
7185,dioxide,0
7186,dip,0
7187,diploma,0
7188,diplomacy,0
7189,diplomas,0
7190,diplomat,0
7191,diplomats,0
7192,dipole,0
7193,dipped,0
7194,dipper,0
7195,dipping,0
7196,dips,0
7197,dipshit,0
7198,dire,0
7199,direct,0
7200,directed,0
7201,directing,0
7202,direction,0
7203,directive,0
7204,directly,0
7205,director,0
7206,directors,0
7207,directory,0
7208,directs,0
7209,dirk,0
7210,dirt,0
7211,dirtbag,0
7212,dirtier,0
7213,dirtiest,0
7214,dirty,0
7215,dis,0
7216,disable,0
7217,disabled,0
7218,disables,0
7219,disabling,0
7220,disagree,0
7221,disagreed,0
7222,disagrees,0
7223,disallow,0
7224,disappear,0
7225,disarm,0
7226,disarmed,0
7227,disarming,0
7228,disarray,0
7229,disaster,0
7230,disasters,0
7231,disavow,0
7232,disavowed,0
7233,disband,0
7234,disbanded,0
7235,disbarred,0
7236,disbelief,0
7237,disbursed,0
7238,disc,0
7239,discard,0
7240,discarded,0
7241,discards,0
7242,discern,0
7243,discerned,0
7244,discharge,0
7245,disciple,0
7246,disciples,0
7247,disclose,0
7248,disclosed,0
7249,discloses,0
7250,disco,0
7251,discord,0
7252,discount,0
7253,discounts,0
7254,discourse,0
7255,discover,0
7256,discovers,0
7257,discovery,0
7258,discredit,0
7259,discreet,0
7260,discrete,0
7261,discs,0
7262,discus,0
7263,discuss,0
7264,discussed,0
7265,discusses,0
7266,disdain,0
7267,disease,0
7268,diseased,0
7269,diseases,0
7270,disembark,0
7271,disengage,0
7272,disgrace,0
7273,disgraced,0
7274,disguise,0
7275,disguised,0
7276,disguises,0
7277,disgust,0
7278,disgusted,0
7279,disgusts,0
7280,dish,0
7281,dished,0
7282,dishes,0
7283,dishing,0
7284,dishonest,0
7285,dishonor,0
7286,dishonour,0
7287,disinfect,0
7288,disk,0
7289,disks,0
7290,dislike,0
7291,disliked,0
7292,dislikes,0
7293,disliking,0
7294,dislodge,0
7295,dislodged,0
7296,disloyal,0
7297,dismal,0
7298,dismantle,0
7299,dismay,0
7300,dismayed,0
7301,dismiss,0
7302,dismissal,0
7303,dismissed,0
7304,dismisses,0
7305,dismount,0
7306,disobey,0
7307,disobeyed,0
7308,disorder,0
7309,disorders,0
7310,disown,0
7311,disowned,0
7312,disparage,0
7313,disparate,0
7314,disparity,0
7315,dispatch,0
7316,dispel,0
7317,dispelled,0
7318,dispense,0
7319,dispensed,0
7320,dispenser,0
7321,dispenses,0
7322,dispersal,0
7323,disperse,0
7324,dispersed,0
7325,displace,0
7326,displaced,0
7327,displaces,0
7328,display,0
7329,displayed,0
7330,displays,0
7331,disposal,0
7332,disposals,0
7333,dispose,0
7334,disposed,0
7335,disposing,0
7336,disprove,0
7337,disproved,0
7338,dispute,0
7339,disputed,0
7340,disputes,0
7341,disputing,0
7342,disquiet,0
7343,disregard,0
7344,disrepair,0
7345,disrepute,0
7346,disrupt,0
7347,disrupted,0
7348,disrupts,0
7349,diss,0
7350,dissect,0
7351,dissected,0
7352,dissent,0
7353,dissented,0
7354,dissident,0
7355,dissing,0
7356,dissipate,0
7357,dissolve,0
7358,dissolved,0
7359,dissolves,0
7360,dissonant,0
7361,dissuade,0
7362,dissuaded,0
7363,distal,0
7364,distance,0
7365,distanced,0
7366,distances,0
7367,distant,0
7368,distantly,0
7369,distaste,0
7370,distilled,0
7371,distinct,0
7372,distort,0
7373,distorted,0
7374,distorts,0
7375,distract,0
7376,distracts,0
7377,distress,0
7378,district,0
7379,districts,0
7380,distrust,0
7381,disturb,0
7382,disturbed,0
7383,disturbs,0
7384,disulfide,0
7385,disuse,0
7386,disused,0
7387,dit,0
7388,ditch,0
7389,ditched,0
7390,ditches,0
7391,ditching,0
7392,ditto,0
7393,ditty,0
7394,diuretic,0
7395,diurnal,0
7396,div,0
7397,diva,0
7398,divan,0
7399,divas,0
7400,dive,0
7401,dived,0
7402,diver,0
7403,diverge,0
7404,diverged,0
7405,divergent,0
7406,diverging,0
7407,divers,0
7408,diverse,0
7409,diversify,0
7410,diversion,0
7411,diversity,0
7412,divert,0
7413,diverted,0
7414,diverting,0
7415,diverts,0
7416,dives,0
7417,divest,0
7418,divested,0
7419,divi,0
7420,divide,0
7421,divided,0
7422,dividend,0
7423,dividends,0
7424,divider,0
7425,dividers,0
7426,divides,0
7427,dividing,0
7428,divine,0
7429,divinely,0
7430,diving,0
7431,divinity,0
7432,divisible,0
7433,division,0
7434,divisions,0
7435,divisive,0
7436,divorce,0
7437,divorced,0
7438,divorces,0
7439,divorcing,0
7440,divulge,0
7441,divulged,0
7442,dixie,0
7443,dixit,0
7444,dizziness,0
7445,dizzy,0
7446,dizzying,0
7447,doable,0
7448,dob,0
7449,dobby,0
7450,dobson,0
7451,doc,0
7452,docile,0
7453,dock,0
7454,docked,0
7455,docker,0
7456,dockers,0
7457,docket,0
7458,docking,0
7459,docklands,0
7460,docks,0
7461,dockyard,0
7462,docs,0
7463,doctor,0
7464,doctoral,0
7465,doctorate,0
7466,doctored,0
7467,doctors,0
7468,doctrinal,0
7469,doctrine,0
7470,doctrines,0
7471,document,0
7472,documents,0
7473,dod,0
7474,dodge,0
7475,dodgeball,0
7476,dodged,0
7477,dodger,0
7478,dodgers,0
7479,dodges,0
7480,dodging,0
7481,dodgy,0
7482,dodo,0
7483,doe,0
7484,doer,0
7485,doers,0
7486,does,0
7487,dog,0
7488,doge,0
7489,dogfight,0
7490,dogged,0
7491,doggie,0
7492,doggies,0
7493,dogging,1
7494,doggo,0
7495,doggy,0
7496,doghouse,0
7497,dogma,0
7498,dogmatic,0
7499,dogs,0
7500,dogwood,0
7501,doh,0
7502,doing,0
7503,doings,0
7504,dojo,0
7505,dol,0
7506,dolce,0
7507,dole,0
7508,doll,0
7509,dollar,0
7510,dollars,0
7511,dollhouse,0
7512,dollop,0
7513,dolls,0
7514,dolly,0
7515,dolomite,0
7516,dolphin,0
7517,dolphins,0
7518,dom,0
7519,domain,0
7520,domains,0
7521,dome,0
7522,domed,0
7523,domes,0
7524,domesday,0
7525,domestic,0
7526,domicile,0
7527,domiciled,0
7528,dominance,0
7529,dominant,0
7530,dominate,0
7531,dominated,0
7532,dominates,0
7533,dominick,0
7534,dominion,0
7535,dominions,0
7536,dominique,0
7537,domino,0
7538,dominoes,0
7539,dominos,0
7540,don,0
7541,dona,0
7542,donate,0
7543,donated,0
7544,donates,0
7545,donating,0
7546,donation,0
7547,donations,0
7548,done,0
7549,dong,1
7550,dongle,0
7551,donkey,0
7552,donkeys,0
7553,donna,0
7554,donne,0
7555,donned,0
7556,donning,0
7557,donny,0
7558,donor,0
7559,donors,0
7560,dons,0
7561,donut,0
7562,donuts,0
7563,doo,0
7564,doobie,0
7565,doodle,0
7566,doodles,0
7567,doodling,0
7568,doofus,1
7569,doom,0
7570,doomed,0
7571,doomsday,0
7572,doon,0
7573,door,0
7574,doorbell,0
7575,doorknob,0
7576,doorman,0
7577,doormat,0
7578,doors,0
7579,doorstep,0
7580,doorway,0
7581,doorways,0
7582,dopamine,0
7583,dope,0
7584,doped,0
7585,dopey,1
7586,doping,0
7587,dor,0
7588,dorado,0
7589,dore,0
7590,doric,0
7591,doris,0
7592,dork,0
7593,dorks,0
7594,dorky,0
7595,dorm,0
7596,dormant,0
7597,dormer,0
7598,dormitory,0
7599,dorms,0
7600,dorsal,0
7601,dory,0
7602,dos,0
7603,dosage,0
7604,dosages,0
7605,dose,0
7606,dosed,0
7607,doses,0
7608,dosing,0
7609,doss,0
7610,dossier,0
7611,dost,0
7612,dot,0
7613,dotcom,0
7614,doth,0
7615,doting,0
7616,dots,0
7617,dotted,0
7618,dotty,0
7619,double,0
7620,doubled,0
7621,doubles,0
7622,doubling,0
7623,doubly,0
7624,doubt,0
7625,doubted,0
7626,doubters,0
7627,doubtful,0
7628,doubting,0
7629,doubtless,0
7630,doubts,0
7631,douche,1
7632,douchebag,1
7633,dough,0
7634,doughnut,0
7635,doughnuts,0
7636,doughty,0
7637,dour,0
7638,douse,0
7639,doused,0
7640,dove,0
7641,dover,0
7642,doves,0
7643,dow,0
7644,dowager,0
7645,dowd,0
7646,down,0
7647,downbeat,0
7648,downed,0
7649,downer,0
7650,downers,0
7651,downfall,0
7652,downfield,0
7653,downforce,0
7654,downgrade,0
7655,downhill,0
7656,downing,0
7657,download,0
7658,downloads,0
7659,downplay,0
7660,downpour,0
7661,downright,0
7662,downs,0
7663,downside,0
7664,downsides,0
7665,downsize,0
7666,downsized,0
7667,downtime,0
7668,downtown,0
7669,downturn,0
7670,downward,0
7671,downwards,0
7672,downwind,0
7673,downy,0
7674,dowry,0
7675,doze,0
7676,dozed,0
7677,dozen,0
7678,dozens,0
7679,dozier,0
7680,dozing,0
7681,drab,0
7682,draco,0
7683,draconian,0
7684,draft,0
7685,drafted,0
7686,drafting,0
7687,drafts,0
7688,draftsman,0
7689,drag,0
7690,dragged,0
7691,dragging,0
7692,dragon,0
7693,dragonfly,0
7694,dragons,0
7695,dragoon,0
7696,dragoons,0
7697,drags,0
7698,drain,0
7699,drainage,0
7700,drained,0
7701,draining,0
7702,drains,0
7703,drake,0
7704,drakes,0
7705,dram,0
7706,drama,0
7707,dramas,0
7708,dramatic,0
7709,dramatist,0
7710,drank,0
7711,drape,0
7712,draped,0
7713,draper,0
7714,drapery,0
7715,drapes,0
7716,drastic,0
7717,draught,0
7718,draughts,0
7719,draw,0
7720,drawback,0
7721,drawbacks,0
7722,drawdown,0
7723,drawer,0
7724,drawers,0
7725,drawing,0
7726,drawings,0
7727,drawn,0
7728,draws,0
7729,dread,0
7730,dreaded,0
7731,dreadful,0
7732,dreading,0
7733,dreads,0
7734,dream,0
7735,dreamed,0
7736,dreamer,0
7737,dreamers,0
7738,dreaming,0
7739,dreamland,0
7740,dreamlike,0
7741,dreams,0
7742,dreamt,0
7743,dreamy,0
7744,dreary,0
7745,dredge,0
7746,dredged,0
7747,dredging,0
7748,dregs,0
7749,drenched,0
7750,dress,0
7751,dressage,0
7752,dressed,0
7753,dresser,0
7754,dressers,0
7755,dresses,0
7756,dressing,0
7757,dressings,0
7758,drew,0
7759,dribble,0
7760,dribbles,0
7761,dribbling,0
7762,dried,0
7763,drier,0
7764,dries,0
7765,driest,0
7766,drift,0
7767,drifted,0
7768,drifter,0
7769,drifters,0
7770,drifting,0
7771,drifts,0
7772,driftwood,0
7773,drill,0
7774,drilled,0
7775,drillers,0
7776,drilling,0
7777,drills,0
7778,drink,0
7779,drinkable,0
7780,drinker,0
7781,drinkers,0
7782,drinking,0
7783,drinks,0
7784,drip,0
7785,dripped,0
7786,dripping,0
7787,drips,0
7788,drive,0
7789,drivel,0
7790,driven,0
7791,driver,0
7792,drivers,0
7793,drives,0
7794,driveway,0
7795,driveways,0
7796,driving,0
7797,drizzle,0
7798,droid,0
7799,droids,0
7800,droit,0
7801,droll,0
7802,drone,0
7803,drones,0
7804,droning,0
7805,drool,0
7806,drooling,0
7807,droop,0
7808,drooping,0
7809,droopy,0
7810,drop,0
7811,droplet,0
7812,droplets,0
7813,dropout,0
7814,dropouts,0
7815,dropped,0
7816,dropper,0
7817,dropping,0
7818,droppings,0
7819,drops,0
7820,drought,0
7821,droughts,0
7822,drove,0
7823,droves,0
7824,drown,0
7825,drowned,0
7826,drowning,0
7827,drowns,0
7828,drowsy,0
7829,drudge,0
7830,drudgery,0
7831,drug,0
7832,drugged,0
7833,drugging,0
7834,drugs,0
7835,drugstore,0
7836,druid,0
7837,druids,0
7838,drum,0
7839,drummed,0
7840,drummer,0
7841,drummers,0
7842,drumming,0
7843,drums,0
7844,drunk,1
7845,drunkard,0
7846,drunken,0
7847,drunkenly,0
7848,drunks,0
7849,dry,0
7850,dryer,0
7851,dryers,0
7852,drying,0
7853,dryness,0
7854,drywall,0
7855,dual,0
7856,dualism,0
7857,duality,0
7858,dub,0
7859,dubbed,0
7860,dubbing,0
7861,dubious,0
7862,dubs,0
7863,dubstep,0
7864,ducats,0
7865,duce,0
7866,duchess,0
7867,duchy,0
7868,duck,0
7869,ducked,0
7870,ducking,0
7871,duckling,0
7872,ducklings,0
7873,ducks,0
7874,ducky,0
7875,duct,0
7876,ducts,0
7877,dud,0
7878,dude,0
7879,dudes,0
7880,duds,0
7881,due,0
7882,duel,0
7883,dueling,0
7884,duels,0
7885,dues,0
7886,duet,0
7887,duets,0
7888,duff,0
7889,duffel,0
7890,dug,0
7891,dugout,0
7892,duh,0
7893,dui,0
7894,duke,0
7895,dukes,0
7896,dull,0
7897,dulled,0
7898,duly,0
7899,duma,0
7900,dumas,0
7901,dumb,0
7902,dumbbell,0
7903,dumber,0
7904,dumbest,0
7905,dumbo,0
7906,dummies,0
7907,dummy,1
7908,dump,0
7909,dumped,0
7910,dumping,0
7911,dumpling,0
7912,dumplings,0
7913,dumps,0
7914,dumpster,0
7915,dumpsters,0
7916,dun,0
7917,dunce,0
7918,dune,0
7919,dunes,0
7920,dung,0
7921,dungeon,0
7922,dungeons,0
7923,dunk,0
7924,dunked,0
7925,dunking,0
7926,dunks,0
7927,dunning,0
7928,dunno,0
7929,duo,0
7930,duos,0
7931,dup,0
7932,dupe,0
7933,duped,0
7934,duper,0
7935,duplex,0
7936,duplicate,0
7937,duplicity,0
7938,dura,0
7939,durable,0
7940,durant,0
7941,duration,0
7942,durations,0
7943,duress,0
7944,durian,0
7945,during,0
7946,durst,0
7947,dusk,0
7948,dusky,0
7949,dust,0
7950,dustbin,0
7951,dusted,0
7952,duster,0
7953,dusting,0
7954,dusty,0
7955,dutch,0
7956,dutchman,0
7957,duties,0
7958,dutiful,0
7959,dutifully,0
7960,duty,0
7961,duvet,0
7962,dwarf,0
7963,dwarfed,0
7964,dwarfs,0
7965,dwarves,0
7966,dwell,0
7967,dweller,0
7968,dwellers,0
7969,dwelling,0
7970,dwellings,0
7971,dwells,0
7972,dwelt,0
7973,dwindle,0
7974,dwindled,0
7975,dwindling,0
7976,dye,0
7977,dyed,0
7978,dyeing,0
7979,dyer,0
7980,dyes,0
7981,dying,0
7982,dyke,1
7983,dykes,1
7984,dynamic,0
7985,dynamical,0
7986,dynamics,0
7987,dynamism,0
7988,dynamite,0
7989,dynamo,0
7990,dynastic,0
7991,dynasties,0
7992,dynasty,0
7993,dysentery,0
7994,dyslexia,0
7995,dyslexic,0
7996,dysphoria,0
7997,dysplasia,0
7998,dystopia,0
7999,dystopian,0
8000,dystrophy,0
8001,each,0
8002,eager,0
8003,eagerly,0
8004,eagerness,0
8005,eagle,0
8006,eagles,0
8007,ear,0
8008,earbuds,0
8009,eared,0
8010,earl,0
8011,earlier,0
8012,earliest,0
8013,earls,0
8014,early,0
8015,earmarked,0
8016,earn,0
8017,earned,0
8018,earner,0
8019,earners,0
8020,earnest,0
8021,earnestly,0
8022,earning,0
8023,earnings,0
8024,earns,0
8025,earphones,0
8026,earpiece,0
8027,earplugs,0
8028,earring,0
8029,earrings,0
8030,ears,0
8031,earshot,0
8032,earth,0
8033,earthen,0
8034,earthly,0
8035,earths,0
8036,earthy,0
8037,eas,0
8038,ease,0
8039,eased,0
8040,easel,0
8041,easement,0
8042,eases,0
8043,easier,0
8044,easiest,0
8045,easily,0
8046,easing,0
8047,east,0
8048,eastbound,0
8049,easter,0
8050,easterly,0
8051,eastern,0
8052,eastward,0
8053,eastwards,0
8054,easy,0
8055,easygoing,0
8056,eat,0
8057,eaten,0
8058,eater,0
8059,eateries,0
8060,eaters,0
8061,eatery,0
8062,eating,0
8063,eats,0
8064,eau,0
8065,eaves,0
8066,ebb,0
8067,ebenezer,0
8068,ebony,0
8069,ebook,0
8070,ebooks,0
8071,eccentric,0
8072,echelon,0
8073,echelons,0
8074,echo,0
8075,echoed,0
8076,echoes,0
8077,echoing,0
8078,eclectic,0
8079,eclipse,0
8080,eclipsed,0
8081,eclipses,0
8082,eclipsing,0
8083,eco,0
8084,ecologist,0
8085,ecology,0
8086,ecommerce,0
8087,economic,0
8088,economics,0
8089,economies,0
8090,economist,0
8091,economy,0
8092,ecosystem,0
8093,ecstasy,0
8094,ecstatic,0
8095,ectopic,0
8096,ecu,0
8097,eczema,0
8098,eddy,0
8099,edema,0
8100,edge,0
8101,edged,0
8102,edges,0
8103,edging,0
8104,edgy,0
8105,edible,0
8106,edibles,0
8107,edict,0
8108,edicts,0
8109,edifice,0
8110,edit,0
8111,edited,0
8112,editing,0
8113,edition,0
8114,editions,0
8115,editor,0
8116,editorial,0
8117,editors,0
8118,edits,0
8119,eds,0
8120,educate,0
8121,educated,0
8122,educates,0
8123,educating,0
8124,education,0
8125,educator,0
8126,educators,0
8127,eek,0
8128,eel,0
8129,eels,0
8130,een,0
8131,eerie,0
8132,eerily,0
8133,eff,0
8134,effect,0
8135,effected,0
8136,effecting,0
8137,effective,0
8138,effector,0
8139,effects,0
8140,efficacy,0
8141,efficient,0
8142,effigies,0
8143,effigy,0
8144,effing,0
8145,effluent,0
8146,effort,0
8147,efforts,0
8148,eft,0
8149,egg,0
8150,eggplant,0
8151,eggs,0
8152,ego,0
8153,egos,0
8154,egregious,0
8155,egress,0
8156,egyptian,0
8157,egyptians,0
8158,eight,0
8159,eighteen,0
8160,eighth,0
8161,eighties,0
8162,eights,0
8163,eighty,0
8164,eine,0
8165,einstein,0
8166,either,0
8167,ejaculate,1
8168,eject,0
8169,ejected,0
8170,ejecting,0
8171,ejection,0
8172,eke,0
8173,elaborate,0
8174,elan,0
8175,elapsed,0
8176,elastic,0
8177,elated,0
8178,elation,0
8179,elbow,0
8180,elbows,0
8181,elder,0
8182,elderly,0
8183,elders,0
8184,eldest,0
8185,eldorado,0
8186,elect,0
8187,elected,0
8188,electing,0
8189,election,0
8190,elections,0
8191,elective,0
8192,electives,0
8193,elector,0
8194,electoral,0
8195,electors,0
8196,electric,0
8197,electrics,0
8198,electro,0
8199,electrode,0
8200,electron,0
8201,electrons,0
8202,elects,0
8203,elegance,0
8204,elegant,0
8205,elegantly,0
8206,elegy,0
8207,element,0
8208,elemental,0
8209,elements,0
8210,elephant,0
8211,elephants,0
8212,elevate,0
8213,elevated,0
8214,elevates,0
8215,elevating,0
8216,elevation,0
8217,elevator,0
8218,elevators,0
8219,eleven,0
8220,eleventh,0
8221,elf,0
8222,elicit,0
8223,elicited,0
8224,eliciting,0
8225,elicits,0
8226,eligible,0
8227,eliminate,0
8228,elite,0
8229,elites,0
8230,elitism,0
8231,elitist,0
8232,elixir,0
8233,elk,0
8234,elks,0
8235,ell,0
8236,ellipse,0
8237,elliptic,0
8238,elm,0
8239,elms,0
8240,elongate,0
8241,elongated,0
8242,elope,0
8243,eloped,0
8244,eloquence,0
8245,eloquent,0
8246,els,0
8247,else,0
8248,elsewhere,0
8249,elucidate,0
8250,elude,0
8251,eluded,0
8252,eludes,0
8253,elusive,0
8254,elves,0
8255,emaciated,0
8256,email,0
8257,emailed,0
8258,emailing,0
8259,emails,0
8260,emanate,0
8261,emanates,0
8262,emanating,0
8263,embalming,0
8264,embargo,0
8265,embark,0
8266,embarked,0
8267,embarking,0
8268,embarks,0
8269,embarrass,0
8270,embassies,0
8271,embassy,0
8272,embattled,0
8273,embed,0
8274,embedded,0
8275,embedding,0
8276,embellish,0
8277,ember,0
8278,embers,0
8279,embezzled,0
8280,emblem,0
8281,emblems,0
8282,embodied,0
8283,embodies,0
8284,embody,0
8285,embodying,0
8286,embolism,0
8287,embossed,0
8288,embrace,0
8289,embraced,0
8290,embraces,0
8291,embracing,0
8292,embroiled,0
8293,embryo,0
8294,embryonic,0
8295,embryos,0
8296,emcee,0
8297,emerald,0
8298,emeralds,0
8299,emerge,0
8300,emerged,0
8301,emergence,0
8302,emergency,0
8303,emergent,0
8304,emerges,0
8305,emerging,0
8306,emeritus,0
8307,emery,0
8308,emf,0
8309,emigrant,0
8310,emigrants,0
8311,emigrate,0
8312,emigrated,0
8313,eminence,0
8314,eminent,0
8315,eminently,0
8316,emir,0
8317,emirate,0
8318,emirates,0
8319,emissary,0
8320,emission,0
8321,emissions,0
8322,emit,0
8323,emits,0
8324,emitted,0
8325,emitter,0
8326,emitters,0
8327,emitting,0
8328,emma,0
8329,emmet,0
8330,emmy,0
8331,emmys,0
8332,emo,0
8333,emoticons,0
8334,emotion,0
8335,emotional,0
8336,emotions,0
8337,emotive,0
8338,empathic,0
8339,empathize,0
8340,empathy,0
8341,emperor,0
8342,emperors,0
8343,emphasis,0
8344,emphasise,0
8345,emphasize,0
8346,emphatic,0
8347,emphysema,0
8348,empire,0
8349,empires,0
8350,empirical,0
8351,employ,0
8352,employed,0
8353,employee,0
8354,employees,0
8355,employer,0
8356,employers,0
8357,employing,0
8358,employs,0
8359,emporium,0
8360,empower,0
8361,empowered,0
8362,empowers,0
8363,empress,0
8364,emptied,0
8365,empties,0
8366,emptiness,0
8367,empty,0
8368,emptying,0
8369,ems,0
8370,emu,0
8371,emulate,0
8372,emulated,0
8373,emulating,0
8374,emulation,0
8375,emulator,0
8376,emulsion,0
8377,enable,0
8378,enabled,0
8379,enabler,0
8380,enablers,0
8381,enables,0
8382,enabling,0
8383,enact,0
8384,enacted,0
8385,enacting,0
8386,enactment,0
8387,enamel,0
8388,enamored,0
8389,encamped,0
8390,encased,0
8391,enchant,0
8392,enchanted,0
8393,encircle,0
8394,encircled,0
8395,enclave,0
8396,enclaves,0
8397,enclose,0
8398,enclosed,0
8399,encloses,0
8400,enclosing,0
8401,enclosure,0
8402,encode,0
8403,encoded,0
8404,encoder,0
8405,encodes,0
8406,encoding,0
8407,encompass,0
8408,encore,0
8409,encounter,0
8410,encourage,0
8411,encrusted,0
8412,encrypt,0
8413,encrypted,0
8414,end,0
8415,endanger,0
8416,endangers,0
8417,endeared,0
8418,endearing,0
8419,endeavor,0
8420,endeavors,0
8421,endeavour,0
8422,ended,0
8423,endemic,0
8424,ender,0
8425,enders,0
8426,endgame,0
8427,ending,0
8428,endings,0
8429,endless,0
8430,endlessly,0
8431,endocrine,0
8432,endorse,0
8433,endorsed,0
8434,endorses,0
8435,endorsing,0
8436,endoscopy,0
8437,endowed,0
8438,endowment,0
8439,endpoint,0
8440,endpoints,0
8441,ends,0
8442,endurance,0
8443,endure,0
8444,endured,0
8445,endures,0
8446,enduring,0
8447,enduro,0
8448,endzone,0
8449,ene,0
8450,enema,0
8451,enemies,0
8452,enemy,0
8453,energetic,0
8454,energies,0
8455,energize,0
8456,energized,0
8457,energy,0
8458,enfant,0
8459,enforce,0
8460,enforced,0
8461,enforcer,0
8462,enforcers,0
8463,enforces,0
8464,enforcing,0
8465,eng,0
8466,engage,0
8467,engaged,0
8468,engages,0
8469,engaging,0
8470,engender,0
8471,engine,0
8472,engined,0
8473,engineer,0
8474,engineers,0
8475,engines,0
8476,english,0
8477,engraved,0
8478,engraver,0
8479,engraving,0
8480,engrossed,0
8481,engulf,0
8482,engulfed,0
8483,enhance,0
8484,enhanced,0
8485,enhancer,0
8486,enhancers,0
8487,enhances,0
8488,enhancing,0
8489,enigma,0
8490,enigmatic,0
8491,enjoy,0
8492,enjoyable,0
8493,enjoyed,0
8494,enjoying,0
8495,enjoyment,0
8496,enjoys,0
8497,enlarge,0
8498,enlarged,0
8499,enlarging,0
8500,enlighten,0
8501,enlist,0
8502,enlisted,0
8503,enlisting,0
8504,enlists,0
8505,enmity,0
8506,enormity,0
8507,enormous,0
8508,enough,0
8509,enquire,0
8510,enquirer,0
8511,enquiries,0
8512,enquiry,0
8513,enraged,0
8514,enrich,0
8515,enriched,0
8516,enriching,0
8517,enrol,0
8518,enroll,0
8519,enrolled,0
8520,enrollees,0
8521,enrolling,0
8522,enrolment,0
8523,ens,0
8524,ensemble,0
8525,ensembles,0
8526,enshrined,0
8527,ensign,0
8528,enslave,0
8529,enslaved,0
8530,ensue,0
8531,ensued,0
8532,ensues,0
8533,ensuing,0
8534,ensure,0
8535,ensured,0
8536,ensures,0
8537,ensuring,0
8538,entail,0
8539,entailed,0
8540,entails,0
8541,entangled,0
8542,entente,0
8543,enter,0
8544,entered,0
8545,entering,0
8546,enters,0
8547,entertain,0
8548,enthroned,0
8549,enthused,0
8550,entice,0
8551,enticed,0
8552,enticing,0
8553,entire,0
8554,entirely,0
8555,entirety,0
8556,entities,0
8557,entitle,0
8558,entitled,0
8559,entitles,0
8560,entity,0
8561,entourage,0
8562,entrails,0
8563,entrance,0
8564,entranced,0
8565,entrances,0
8566,entrant,0
8567,entrants,0
8568,entree,0
8569,entrees,0
8570,entries,0
8571,entropy,0
8572,entrust,0
8573,entrusted,0
8574,entry,0
8575,entryway,0
8576,entwined,0
8577,envelope,0
8578,enveloped,0
8579,envelopes,0
8580,enviable,0
8581,envied,0
8582,envious,0
8583,environs,0
8584,envisage,0
8585,envisaged,0
8586,envision,0
8587,envisions,0
8588,envoy,0
8589,envoys,0
8590,envy,0
8591,enzymatic,0
8592,enzyme,0
8593,enzymes,0
8594,eocene,0
8595,eon,0
8596,eons,0
8597,ephemera,0
8598,ephemeral,0
8599,epic,0
8600,epicenter,0
8601,epics,0
8602,epidemic,0
8603,epidemics,0
8604,epidermal,0
8605,epidermis,0
8606,epidural,0
8607,epilepsy,0
8608,epileptic,0
8609,epilogue,0
8610,epiphany,0
8611,episcopal,0
8612,episode,0
8613,episodes,0
8614,episodic,0
8615,epistemic,0
8616,epistle,0
8617,epistles,0
8618,epitaph,0
8619,epithet,0
8620,epithets,0
8621,epitome,0
8622,epoch,0
8623,eponymous,0
8624,epoxy,0
8625,epsilon,0
8626,equal,0
8627,equaled,0
8628,equalised,0
8629,equaliser,0
8630,equality,0
8631,equalize,0
8632,equalized,0
8633,equalizer,0
8634,equalled,0
8635,equalling,0
8636,equally,0
8637,equals,0
8638,equate,0
8639,equated,0
8640,equates,0
8641,equating,0
8642,equation,0
8643,equations,0
8644,equator,0
8645,equine,0
8646,equinox,0
8647,equip,0
8648,equipment,0
8649,equipped,0
8650,equipping,0
8651,equitable,0
8652,equities,0
8653,equity,0
8654,era,0
8655,eradicate,0
8656,eras,0
8657,erase,0
8658,erased,0
8659,eraser,0
8660,erases,0
8661,erasing,0
8662,erasure,0
8663,ere,0
8664,erect,1
8665,erected,0
8666,erectile,0
8667,erecting,0
8668,erection,1
8669,erections,0
8670,erg,0
8671,ergo,0
8672,ergonomic,0
8673,eric,0
8674,erica,0
8675,erick,0
8676,erm,0
8677,erode,0
8678,eroded,0
8679,eroding,0
8680,eros,0
8681,erosion,0
8682,erotic,1
8683,erotica,0
8684,eroticism,0
8685,err,0
8686,errand,0
8687,errands,0
8688,errant,0
8689,errata,0
8690,erratic,0
8691,erred,0
8692,erroneous,0
8693,error,0
8694,errors,0
8695,ers,0
8696,erstwhile,0
8697,erudite,0
8698,erupt,0
8699,erupted,0
8700,erupting,0
8701,eruption,0
8702,eruptions,0
8703,erupts,0
8704,escalade,0
8705,escalate,0
8706,escalated,0
8707,escalates,0
8708,escalator,0
8709,escapade,0
8710,escapades,0
8711,escape,0
8712,escaped,0
8713,escapees,0
8714,escapes,0
8715,escaping,0
8716,escapism,0
8717,escapist,0
8718,eschew,0
8719,escort,0
8720,escorted,0
8721,escorting,0
8722,escorts,0
8723,escrow,0
8724,esophagus,0
8725,esoteric,0
8726,especial,0
8727,espionage,0
8728,esplanade,0
8729,espouse,0
8730,espoused,0
8731,espousing,0
8732,espresso,0
8733,esprit,0
8734,esquire,0
8735,ess,0
8736,essay,0
8737,essayist,0
8738,essays,0
8739,esse,0
8740,essence,0
8741,essences,0
8742,essential,0
8743,est,0
8744,establish,0
8745,estate,0
8746,estates,0
8747,esteem,0
8748,esteemed,0
8749,ester,0
8750,esters,0
8751,estimate,0
8752,estimated,0
8753,estimates,0
8754,estimator,0
8755,estradiol,0
8756,estranged,0
8757,estrogen,0
8758,estuaries,0
8759,estuary,0
8760,eta,0
8761,etat,0
8762,etcetera,0
8763,etch,0
8764,etched,0
8765,etching,0
8766,etchings,0
8767,eternal,0
8768,eternally,0
8769,eternity,0
8770,eth,0
8771,ethanol,0
8772,ether,0
8773,ethereal,0
8774,ethic,0
8775,ethical,0
8776,ethically,0
8777,ethics,0
8778,ethnic,0
8779,ethnicity,0
8780,ethnology,0
8781,ethos,0
8782,ethyl,0
8783,ethylene,0
8784,etiology,0
8785,etiquette,0
8786,etna,0
8787,etude,0
8788,etudes,0
8789,etymology,0
8790,euclidean,0
8791,eugenia,0
8792,eugenics,0
8793,eulogy,0
8794,eunuch,0
8795,eunuchs,0
8796,euphemism,0
8797,euphoria,0
8798,euphoric,0
8799,eureka,0
8800,euro,0
8801,euros,0
8802,evacuate,0
8803,evacuated,0
8804,evacuees,0
8805,evade,0
8806,evaded,0
8807,evading,0
8808,evaluate,0
8809,evaluated,0
8810,evaluates,0
8811,evaporate,0
8812,evasion,0
8813,evasive,0
8814,eve,0
8815,even,0
8816,evening,0
8817,evenings,0
8818,evenly,0
8819,evens,0
8820,event,0
8821,eventful,0
8822,events,0
8823,eventual,0
8824,ever,0
8825,evergreen,0
8826,evermore,0
8827,evert,0
8828,every,0
8829,everybody,0
8830,everyday,0
8831,everyman,0
8832,everyone,0
8833,evict,0
8834,evicted,0
8835,eviction,0
8836,evictions,0
8837,evidence,0
8838,evidenced,0
8839,evidences,0
8840,evident,0
8841,evidently,0
8842,evil,0
8843,evils,0
8844,evo,0
8845,evocation,0
8846,evocative,0
8847,evoke,0
8848,evoked,0
8849,evokes,0
8850,evoking,0
8851,evolution,0
8852,evolve,0
8853,evolved,0
8854,evolves,0
8855,evolving,0
8856,ewe,0
8857,ewes,0
8858,exact,0
8859,exacting,0
8860,exactly,0
8861,exalt,0
8862,exalted,0
8863,exam,0
8864,examine,0
8865,examined,0
8866,examiner,0
8867,examiners,0
8868,examines,0
8869,examining,0
8870,example,0
8871,examples,0
8872,exams,0
8873,excavate,0
8874,excavated,0
8875,excavator,0
8876,exceed,0
8877,exceeded,0
8878,exceeding,0
8879,exceeds,0
8880,excel,0
8881,excelled,0
8882,excellent,0
8883,excelling,0
8884,excels,0
8885,excelsior,0
8886,except,0
8887,excepted,0
8888,excepting,0
8889,exception,0
8890,excerpt,0
8891,excerpted,0
8892,excerpts,0
8893,excess,0
8894,excesses,0
8895,excessive,0
8896,exchange,0
8897,exchanged,0
8898,exchanger,0
8899,exchanges,0
8900,exchequer,0
8901,excise,0
8902,excised,0
8903,excision,0
8904,excitable,0
8905,excite,0
8906,excited,0
8907,excitedly,0
8908,excites,0
8909,exciting,0
8910,exclaim,0
8911,exclaimed,0
8912,exclaims,0
8913,exclude,0
8914,excluded,0
8915,excludes,0
8916,excluding,0
8917,exclusion,0
8918,exclusive,0
8919,excrement,0
8920,excreted,0
8921,excretion,0
8922,excursion,0
8923,excuse,0
8924,excused,0
8925,excuses,0
8926,excusing,0
8927,exec,0
8928,execs,0
8929,execute,0
8930,executed,0
8931,executes,0
8932,executing,0
8933,execution,0
8934,executive,0
8935,executor,0
8936,executors,0
8937,exegesis,0
8938,exemplar,0
8939,exemplary,0
8940,exemplify,0
8941,exempt,0
8942,exempted,0
8943,exemption,0
8944,exercise,0
8945,exercised,0
8946,exercises,0
8947,exert,0
8948,exerted,0
8949,exerting,0
8950,exertion,0
8951,exerts,0
8952,exes,0
8953,exhale,0
8954,exhaled,0
8955,exhaust,0
8956,exhausted,0
8957,exhausts,0
8958,exhibit,0
8959,exhibited,0
8960,exhibitor,0
8961,exhibits,0
8962,exhumed,0
8963,exile,0
8964,exiled,0
8965,exiles,0
8966,exist,0
8967,existed,0
8968,existence,0
8969,existent,0
8970,existing,0
8971,exists,0
8972,exit,0
8973,exited,0
8974,exiting,0
8975,exits,0
8976,exo,0
8977,exodus,0
8978,exogenous,0
8979,exon,0
8980,exonerate,0
8981,exoplanet,0
8982,exorcism,0
8983,exorcist,0
8984,exotic,0
8985,exotics,0
8986,expand,0
8987,expanded,0
8988,expanding,0
8989,expands,0
8990,expanse,0
8991,expanses,0
8992,expansion,0
8993,expansive,0
8994,expat,0
8995,expats,0
8996,expect,0
8997,expectant,0
8998,expected,0
8999,expecting,0
9000,expects,0
9001,expedient,0
9002,expedite,0
9003,expedited,0
9004,expel,0
9005,expelled,0
9006,expelling,0
9007,expend,0
9008,expended,0
9009,expending,0
9010,expense,0
9011,expenses,0
9012,expensive,0
9013,expert,0
9014,expertise,0
9015,expertly,0
9016,experts,0
9017,expire,0
9018,expired,0
9019,expires,0
9020,expiring,0
9021,expiry,0
9022,explain,0
9023,explained,0
9024,explainer,0
9025,explains,0
9026,expletive,0
9027,explicit,0
9028,explode,0
9029,exploded,0
9030,explodes,0
9031,exploding,0
9032,exploit,0
9033,exploited,0
9034,exploits,0
9035,explore,0
9036,explored,0
9037,explorer,0
9038,explorers,0
9039,explores,0
9040,exploring,0
9041,explosion,0
9042,explosive,0
9043,expo,0
9044,exponent,0
9045,exponents,0
9046,export,0
9047,exported,0
9048,exporter,0
9049,exporters,0
9050,exporting,0
9051,exports,0
9052,expos,0
9053,expose,0
9054,exposed,0
9055,exposes,0
9056,exposing,0
9057,exposure,0
9058,exposures,0
9059,expounded,0
9060,express,0
9061,expressed,0
9062,expresses,0
9063,expressly,0
9064,expulsion,0
9065,expunged,0
9066,exquisite,0
9067,extant,0
9068,extend,0
9069,extended,0
9070,extender,0
9071,extending,0
9072,extends,0
9073,extension,0
9074,extensive,0
9075,extent,0
9076,exterior,0
9077,exteriors,0
9078,external,0
9079,extinct,0
9080,extort,0
9081,extortion,0
9082,extra,0
9083,extract,0
9084,extracted,0
9085,extractor,0
9086,extracts,0
9087,extradite,0
9088,extras,0
9089,extreme,0
9090,extremely,0
9091,extremes,0
9092,extremism,0
9093,extremist,0
9094,extremity,0
9095,extricate,0
9096,extrinsic,0
9097,extrovert,0
9098,extruded,0
9099,extrusion,0
9100,exuberant,0
9101,exude,0
9102,exudes,0
9103,eye,0
9104,eyeball,0
9105,eyeballs,0
9106,eyebrow,0
9107,eyebrows,0
9108,eyed,0
9109,eyeing,0
9110,eyelash,0
9111,eyelashes,0
9112,eyelid,0
9113,eyelids,0
9114,eyeliner,0
9115,eyes,0
9116,eyeshadow,0
9117,eyesight,0
9118,eyesore,0
9119,eyewear,0
9120,eyre,0
9121,faa,0
9122,fab,0
9123,fable,0
9124,fabled,0
9125,fables,0
9126,fabric,0
9127,fabricate,0
9128,fabrics,0
9129,fabulous,0
9130,facade,0
9131,facades,0
9132,face,0
9133,facebook,0
9134,faced,0
9135,faceless,0
9136,facelift,0
9137,faces,0
9138,facet,0
9139,faceted,0
9140,facetious,0
9141,facets,0
9142,facial,1
9143,facials,0
9144,facile,0
9145,facility,0
9146,facing,0
9147,facsimile,0
9148,fact,0
9149,faction,0
9150,factional,0
9151,factions,0
9152,factor,0
9153,factored,0
9154,factorial,0
9155,factories,0
9156,factoring,0
9157,factors,0
9158,factory,0
9159,facts,0
9160,factual,0
9161,factually,0
9162,faculties,0
9163,faculty,0
9164,fad,0
9165,fade,0
9166,faded,0
9167,fader,0
9168,fades,0
9169,fading,0
9170,fads,0
9171,fae,0
9172,faeces,0
9173,faerie,0
9174,fag,1
9175,faggot,1
9176,faggots,0
9177,fags,1
9178,fail,0
9179,failed,0
9180,failing,0
9181,failings,0
9182,fails,0
9183,failure,0
9184,failures,0
9185,fain,0
9186,faint,0
9187,fainted,0
9188,faintest,0
9189,fainting,0
9190,faintly,0
9191,faints,0
9192,fair,0
9193,fairer,0
9194,fairest,0
9195,fairies,0
9196,fairing,0
9197,fairly,0
9198,fairness,0
9199,fairs,0
9200,fairway,0
9201,fairways,0
9202,fairy,0
9203,fairytale,0
9204,faith,0
9205,faithful,0
9206,faithless,0
9207,faiths,0
9208,fake,0
9209,faked,0
9210,faker,0
9211,fakes,0
9212,faking,0
9213,falafel,0
9214,falcon,0
9215,falconer,0
9216,falcons,0
9217,fall,0
9218,fallacies,0
9219,fallacy,0
9220,fallback,0
9221,fallen,0
9222,fallible,0
9223,falling,0
9224,fallout,0
9225,fallow,0
9226,falls,0
9227,false,0
9228,falsehood,0
9229,falsely,0
9230,falsetto,0
9231,falsified,0
9232,falsify,0
9233,falter,0
9234,faltered,0
9235,faltering,0
9236,fame,0
9237,famed,0
9238,familial,0
9239,familiar,0
9240,families,0
9241,family,0
9242,famine,0
9243,famines,0
9244,famous,0
9245,famously,0
9246,fan,0
9247,fanatic,0
9248,fanatical,0
9249,fanatics,0
9250,fanbase,0
9251,fanboy,0
9252,fanboys,0
9253,fancied,0
9254,fancier,0
9255,fancies,0
9256,fanciful,0
9257,fancy,0
9258,fandango,0
9259,fandom,0
9260,fandoms,0
9261,fanfare,0
9262,fanfic,0
9263,fang,0
9264,fangs,0
9265,fanned,0
9266,fanning,0
9267,fanny,1
9268,fans,0
9269,fantasia,0
9270,fantasies,0
9271,fantasize,0
9272,fantastic,0
9273,fantasy,0
9274,fap,0
9275,far,0
9276,faraday,0
9277,faraway,0
9278,farce,0
9279,farcical,0
9280,fare,0
9281,fared,0
9282,fares,0
9283,farewell,0
9284,farina,0
9285,faring,0
9286,farm,0
9287,farmed,0
9288,farmer,0
9289,farmers,0
9290,farmhouse,0
9291,farming,0
9292,farmland,0
9293,farms,0
9294,faro,0
9295,farrow,0
9296,fars,0
9297,fart,1
9298,farted,0
9299,farther,0
9300,farthest,0
9301,farthing,0
9302,farting,0
9303,farts,0
9304,fas,0
9305,fascia,0
9306,fascinate,0
9307,fascism,0
9308,fascist,0
9309,fascists,0
9310,fashion,0
9311,fashioned,0
9312,fashions,0
9313,fast,0
9314,fastball,0
9315,fasted,0
9316,fasten,0
9317,fastened,0
9318,fastener,0
9319,fasteners,0
9320,fastening,0
9321,faster,0
9322,fastest,0
9323,fasting,0
9324,fasts,0
9325,fat,1
9326,fatal,0
9327,fatality,0
9328,fatally,0
9329,fate,0
9330,fated,0
9331,fateful,0
9332,fates,0
9333,father,0
9334,fathered,0
9335,fatherly,0
9336,fathers,0
9337,fathom,0
9338,fatigue,0
9339,fatigued,0
9340,fatigues,0
9341,fats,0
9342,fatten,0
9343,fattening,0
9344,fatter,0
9345,fattest,0
9346,fatty,0
9347,fatwa,0
9348,faucet,0
9349,faucets,0
9350,fault,0
9351,faulted,0
9352,faulting,0
9353,faultless,0
9354,faults,0
9355,faulty,0
9356,fauna,0
9357,faux,0
9358,fave,0
9359,favela,0
9360,faves,0
9361,favor,0
9362,favorable,0
9363,favorably,0
9364,favored,0
9365,favoring,0
9366,favorite,0
9367,favorites,0
9368,favors,0
9369,favour,0
9370,favoured,0
9371,favouring,0
9372,favourite,0
9373,favours,0
9374,fawn,0
9375,fawning,0
9376,fax,0
9377,fay,0
9378,faze,0
9379,fealty,0
9380,fear,0
9381,feared,0
9382,fearful,0
9383,fearing,0
9384,fearless,0
9385,fears,0
9386,fearsome,0
9387,feasible,0
9388,feast,0
9389,feasting,0
9390,feasts,0
9391,feat,0
9392,feather,0
9393,feathered,0
9394,feathers,0
9395,feats,0
9396,feature,0
9397,featured,0
9398,features,0
9399,featuring,0
9400,febrile,0
9401,fecal,0
9402,feces,0
9403,fed,0
9404,federal,0
9405,federally,0
9406,federated,0
9407,fedex,0
9408,fedora,0
9409,feds,0
9410,fee,0
9411,feeble,0
9412,feed,0
9413,feedback,0
9414,feeder,0
9415,feeders,0
9416,feeding,0
9417,feeds,0
9418,feedstock,0
9419,feel,0
9420,feeling,0
9421,feelings,0
9422,feels,0
9423,fees,0
9424,feet,0
9425,feign,0
9426,feigned,0
9427,feigning,0
9428,feint,0
9429,feisty,0
9430,felicia,0
9431,felicity,0
9432,feline,0
9433,fell,0
9434,fella,0
9435,fellas,0
9436,felled,0
9437,feller,0
9438,felling,0
9439,fellow,0
9440,fellows,0
9441,fells,0
9442,felon,0
9443,felonies,0
9444,felons,0
9445,felony,0
9446,felt,0
9447,fem,0
9448,female,0
9449,females,0
9450,feminine,0
9451,feminism,0
9452,feminist,0
9453,feminists,0
9454,femme,0
9455,femmes,0
9456,femoral,0
9457,femur,0
9458,fen,0
9459,fence,0
9460,fenced,0
9461,fences,0
9462,fencing,0
9463,fend,0
9464,fender,0
9465,fenders,0
9466,fending,0
9467,fennel,0
9468,fentanyl,0
9469,fer,0
9470,feral,0
9471,ferment,0
9472,fermented,0
9473,fermi,0
9474,fern,0
9475,ferns,0
9476,ferocious,0
9477,ferocity,0
9478,ferret,0
9479,ferrets,0
9480,ferried,0
9481,ferries,0
9482,ferrous,0
9483,ferry,0
9484,ferrying,0
9485,fertile,0
9486,fertility,0
9487,fertilize,0
9488,fervent,0
9489,fervently,0
9490,fervor,0
9491,fervour,0
9492,fes,0
9493,fess,0
9494,fest,0
9495,fester,0
9496,festering,0
9497,festival,0
9498,festivals,0
9499,festive,0
9500,festivity,0
9501,fet,0
9502,feta,0
9503,fetal,0
9504,fetch,0
9505,fetched,0
9506,fetching,0
9507,fete,0
9508,fetish,0
9509,fetishes,0
9510,fett,0
9511,fetus,0
9512,fetuses,0
9513,feu,0
9514,feud,0
9515,feudal,0
9516,feudalism,0
9517,feuding,0
9518,feuds,0
9519,fever,0
9520,feverish,0
9521,fevers,0
9522,few,0
9523,fewer,0
9524,fewest,0
9525,fey,0
9526,fez,0
9527,fiance,0
9528,fiancee,0
9529,fiasco,0
9530,fiat,0
9531,fib,0
9532,fiber,0
9533,fibers,0
9534,fibre,0
9535,fibres,0
9536,fibrosis,0
9537,fibrous,0
9538,fibula,0
9539,fickle,0
9540,fico,0
9541,fiction,0
9542,fictional,0
9543,fictions,0
9544,fiddle,0
9545,fiddler,0
9546,fiddling,0
9547,fidelity,0
9548,fides,0
9549,fidget,0
9550,fido,0
9551,fiduciary,0
9552,fie,0
9553,field,0
9554,fielded,0
9555,fielder,0
9556,fielders,0
9557,fielding,0
9558,fields,0
9559,fieldwork,0
9560,fiend,0
9561,fiends,0
9562,fierce,0
9563,fiercely,0
9564,fiercest,0
9565,fiery,0
9566,fiesta,0
9567,fife,0
9568,fifteen,0
9569,fifteenth,0
9570,fifth,0
9571,fifths,0
9572,fifties,0
9573,fiftieth,0
9574,fifty,0
9575,fig,0
9576,fight,0
9577,fighter,0
9578,fighters,0
9579,fighting,0
9580,fights,0
9581,figment,0
9582,figs,0
9583,figure,0
9584,figured,0
9585,figures,0
9586,figurine,0
9587,figurines,0
9588,figuring,0
9589,fil,0
9590,filament,0
9591,filaments,0
9592,file,0
9593,filed,0
9594,filename,0
9595,files,0
9596,filet,0
9597,filial,0
9598,filigree,0
9599,filing,0
9600,filings,0
9601,fill,0
9602,filled,0
9603,filler,0
9604,fillers,0
9605,fillet,0
9606,fillets,0
9607,fillies,0
9608,filling,0
9609,fillings,0
9610,fills,0
9611,filly,0
9612,film,0
9613,filmed,0
9614,filming,0
9615,filmmaker,0
9616,films,0
9617,filter,0
9618,filtered,0
9619,filtering,0
9620,filters,0
9621,filth,0
9622,filthy,0
9623,fin,0
9624,final,0
9625,finale,0
9626,finalised,0
9627,finalist,0
9628,finalists,0
9629,finality,0
9630,finalize,0
9631,finalized,0
9632,finally,0
9633,finals,0
9634,finance,0
9635,financed,0
9636,finances,0
9637,financial,0
9638,financier,0
9639,financing,0
9640,finch,0
9641,finches,0
9642,find,0
9643,finder,0
9644,finders,0
9645,finding,0
9646,findings,0
9647,finds,0
9648,fine,0
9649,fined,0
9650,finely,0
9651,finer,0
9652,fines,0
9653,finesse,0
9654,finest,0
9655,finger,0
9656,fingered,0
9657,fingering,1
9658,fingers,0
9659,fingertip,0
9660,fining,0
9661,finish,0
9662,finished,0
9663,finisher,0
9664,finishers,0
9665,finishes,0
9666,finishing,0
9667,finite,0
9668,fink,0
9669,fins,0
9670,fir,0
9671,fire,0
9672,firearm,0
9673,firearms,0
9674,fireball,0
9675,fireballs,0
9676,firebird,0
9677,firebrand,0
9678,fired,0
9679,firefight,0
9680,fireflies,0
9681,firefly,0
9682,firehouse,0
9683,fireman,0
9684,firemen,0
9685,fireplace,0
9686,firepower,0
9687,fireproof,0
9688,fires,0
9689,fireside,0
9690,firestone,0
9691,firestorm,0
9692,firewall,0
9693,firewalls,0
9694,firewood,0
9695,firework,0
9696,fireworks,0
9697,firing,0
9698,firings,0
9699,firm,0
9700,firmament,0
9701,firmer,0
9702,firmly,0
9703,firmness,0
9704,firms,0
9705,firmware,0
9706,firs,0
9707,first,0
9708,firstborn,0
9709,firsthand,0
9710,firstly,0
9711,firsts,0
9712,firth,0
9713,fiscal,0
9714,fiscally,0
9715,fish,0
9716,fished,0
9717,fisher,0
9718,fisheries,0
9719,fisherman,0
9720,fishermen,0
9721,fishers,0
9722,fishery,0
9723,fishes,0
9724,fishing,0
9725,fishy,0
9726,fisk,0
9727,fissile,0
9728,fission,0
9729,fissure,0
9730,fissures,0
9731,fist,0
9732,fisted,1
9733,fistful,0
9734,fisting,1
9735,fists,0
9736,fistula,0
9737,fit,0
9738,fitch,0
9739,fitness,0
9740,fits,0
9741,fitted,0
9742,fitter,0
9743,fittest,0
9744,fitting,0
9745,fittingly,0
9746,fittings,0
9747,five,0
9748,fiver,0
9749,fives,0
9750,fix,0
9751,fixated,0
9752,fixation,0
9753,fixed,0
9754,fixer,0
9755,fixes,0
9756,fixing,0
9757,fixture,0
9758,fixtures,0
9759,fizz,0
9760,fizzle,0
9761,fizzy,0
9762,fjord,0
9763,fjords,0
9764,flabby,0
9765,flaccid,0
9766,flack,0
9767,flag,0
9768,flagged,0
9769,flagging,0
9770,flagpole,0
9771,flagrant,0
9772,flags,0
9773,flagship,0
9774,flagstaff,0
9775,flail,0
9776,flailing,0
9777,flair,0
9778,flak,0
9779,flake,0
9780,flaked,0
9781,flakes,0
9782,flaking,0
9783,flaky,0
9784,flame,0
9785,flamed,0
9786,flamenco,0
9787,flames,0
9788,flaming,0
9789,flamingo,0
9790,flamingos,0
9791,flammable,0
9792,flange,1
9793,flanges,0
9794,flank,0
9795,flanked,0
9796,flanker,0
9797,flanking,0
9798,flanks,0
9799,flannel,0
9800,flap,0
9801,flapping,0
9802,flappy,0
9803,flaps,0
9804,flare,0
9805,flared,0
9806,flares,0
9807,flaring,0
9808,flash,0
9809,flashback,0
9810,flashed,0
9811,flashes,0
9812,flashing,0
9813,flashy,0
9814,flask,0
9815,flasks,0
9816,flat,0
9817,flatbed,0
9818,flathead,0
9819,flatly,0
9820,flatmate,0
9821,flats,0
9822,flatten,0
9823,flattened,0
9824,flatter,0
9825,flattered,0
9826,flattery,0
9827,flaunt,0
9828,flaunting,0
9829,flaunts,0
9830,flavor,0
9831,flavored,0
9832,flavorful,0
9833,flavoring,0
9834,flavors,0
9835,flavour,0
9836,flavoured,0
9837,flavours,0
9838,flaw,0
9839,flawed,0
9840,flawless,0
9841,flaws,0
9842,flax,0
9843,flea,0
9844,fleas,0
9845,fleck,0
9846,flecks,0
9847,fled,0
9848,fledged,0
9849,fledgling,0
9850,flee,0
9851,fleece,0
9852,fleeing,0
9853,flees,0
9854,fleet,0
9855,fleeting,0
9856,fleets,0
9857,fleming,0
9858,flemish,0
9859,flesh,0
9860,fleshed,0
9861,fleshy,0
9862,fletcher,0
9863,fleury,0
9864,flew,0
9865,flex,0
9866,flexed,0
9867,flexible,0
9868,flexing,0
9869,flexion,0
9870,flexor,0
9871,flick,0
9872,flicked,0
9873,flicker,0
9874,flicking,0
9875,flicks,0
9876,flier,0
9877,fliers,0
9878,flies,0
9879,flight,0
9880,flights,0
9881,flimsy,0
9882,flinch,0
9883,flinched,0
9884,flinders,0
9885,fling,0
9886,flinging,0
9887,flings,0
9888,flint,0
9889,flip,0
9890,flippant,0
9891,flipped,0
9892,flipper,0
9893,flippers,0
9894,flipping,0
9895,flips,0
9896,flipside,0
9897,flirt,0
9898,flirted,0
9899,flirting,0
9900,flirts,0
9901,flirty,0
9902,float,0
9903,floated,0
9904,floater,0
9905,floating,0
9906,floats,0
9907,flock,0
9908,flocked,0
9909,flocking,0
9910,flocks,0
9911,flog,0
9912,flogged,0
9913,flogging,0
9914,flood,0
9915,flooded,0
9916,flooding,0
9917,floods,0
9918,floor,0
9919,floored,0
9920,flooring,0
9921,floors,0
9922,flop,0
9923,flopped,0
9924,flopping,0
9925,floppy,0
9926,flops,0
9927,flor,0
9928,flora,0
9929,floral,0
9930,florence,0
9931,florist,0
9932,florists,0
9933,floss,0
9934,flossing,0
9935,flotation,0
9936,flotilla,0
9937,flounder,0
9938,flour,0
9939,flourish,0
9940,flow,0
9941,flowchart,0
9942,flowed,0
9943,flower,0
9944,flowered,0
9945,flowering,0
9946,flowers,0
9947,flowery,0
9948,flowing,0
9949,flown,0
9950,flows,0
9951,flu,0
9952,fluctuate,0
9953,flue,0
9954,fluency,0
9955,fluent,0
9956,fluently,0
9957,fluff,0
9958,fluffy,0
9959,fluid,0
9960,fluidity,0
9961,fluids,0
9962,fluke,0
9963,flume,0
9964,flung,0
9965,fluoride,0
9966,fluorine,0
9967,flurry,0
9968,flush,0
9969,flushed,0
9970,flushes,0
9971,flushing,0
9972,flustered,0
9973,flute,0
9974,fluted,0
9975,flutes,0
9976,flutter,0
9977,flux,0
9978,fluxes,0
9979,fly,0
9980,flyer,0
9981,flyers,0
9982,flying,0
9983,flyover,0
9984,flywheel,0
9985,foal,0
9986,foals,0
9987,foam,0
9988,foaming,0
9989,foams,0
9990,fob,0
9991,focal,0
9992,focus,0
9993,focused,0
9994,focuses,0
9995,focusing,0
9996,focussed,0
9997,focussing,0
9998,fodder,0
9999,foe,0
10000,foes,0
10001,foetal,0
10002,foetus,0
10003,fog,0
10004,foggy,0
10005,foh,0
10006,foil,0
10007,foiled,0
10008,foils,0
10009,folate,0
10010,fold,0
10011,foldable,0
10012,folded,0
10013,folder,0
10014,folders,0
10015,folding,0
10016,folds,0
10017,foley,0
10018,foliage,0
10019,folic,0
10020,folio,0
10021,folk,0
10022,folklore,0
10023,folks,0
10024,follicle,0
10025,follicles,0
10026,follies,0
10027,follow,0
10028,followed,0
10029,follower,0
10030,followers,0
10031,following,0
10032,follows,0
10033,followup,0
10034,folly,0
10035,fon,0
10036,fond,0
10037,fonda,0
10038,fondant,0
10039,fondest,0
10040,fondle,1
10041,fondling,0
10042,fondly,0
10043,fondness,0
10044,fondue,0
10045,font,0
10046,fonts,0
10047,food,0
10048,foodie,0
10049,foodies,0
10050,foods,0
10051,fool,0
10052,fooled,0
10053,foolhardy,0
10054,fooling,0
10055,foolish,0
10056,foolishly,0
10057,foolproof,0
10058,fools,0
10059,foot,0
10060,footage,0
10061,football,0
10062,footballs,0
10063,footed,0
10064,footer,0
10065,foothill,0
10066,foothills,0
10067,foothold,0
10068,footing,0
10069,footloose,0
10070,footman,0
10071,footnote,0
10072,footnotes,0
10073,footpath,0
10074,footpaths,0
10075,footprint,0
10076,footsteps,0
10077,footwear,0
10078,footwork,0
10079,footy,0
10080,for,0
10081,fora,0
10082,forage,0
10083,foraging,0
10084,foray,0
10085,forays,0
10086,forbade,0
10087,forbid,0
10088,forbidden,0
10089,forbids,0
10090,force,0
10091,forced,0
10092,forceful,0
10093,forceps,0
10094,forces,0
10095,forcible,0
10096,forcibly,0
10097,forcing,0
10098,ford,0
10099,fords,0
10100,fore,0
10101,forearm,0
10102,forearms,0
10103,forebears,0
10104,forecast,0
10105,forecasts,0
10106,foreclose,0
10107,forecourt,0
10108,forefront,0
10109,forego,0
10110,foregoing,0
10111,foregone,0
10112,forehand,0
10113,forehead,0
10114,foreheads,0
10115,foreign,0
10116,foreigner,0
10117,foreman,0
10118,foremost,0
10119,forensic,0
10120,forensics,0
10121,foreplay,0
10122,foresaw,0
10123,foresee,0
10124,foreseen,0
10125,foreshore,0
10126,foresight,0
10127,foreskin,1
10128,forest,0
10129,forestall,0
10130,forested,0
10131,forester,0
10132,foresters,0
10133,forestry,0
10134,forests,0
10135,foretold,0
10136,forever,0
10137,foreword,0
10138,forex,0
10139,forfeit,0
10140,forfeited,0
10141,forgave,0
10142,forge,0
10143,forged,0
10144,forger,0
10145,forgeries,0
10146,forgery,0
10147,forges,0
10148,forget,0
10149,forgetful,0
10150,forgets,0
10151,forging,0
10152,forgive,0
10153,forgiven,0
10154,forgives,0
10155,forgiving,0
10156,forgo,0
10157,forgot,0
10158,forgotten,0
10159,fork,0
10160,forked,0
10161,forking,0
10162,forklift,0
10163,forks,0
10164,forlorn,0
10165,form,0
10166,formal,0
10167,formalism,0
10168,formality,0
10169,formally,0
10170,format,0
10171,formation,0
10172,formative,0
10173,formats,0
10174,formatted,0
10175,formed,0
10176,former,0
10177,formerly,0
10178,forming,0
10179,forms,0
10180,formula,0
10181,formulae,0
10182,formulaic,0
10183,formulas,0
10184,formulate,0
10185,forsake,0
10186,forsaken,0
10187,fort,0
10188,forte,0
10189,forth,0
10190,forthwith,0
10191,forties,0
10192,fortified,0
10193,fortify,0
10194,fortitude,0
10195,fortnight,0
10196,fortress,0
10197,forts,0
10198,fortunate,0
10199,fortune,0
10200,fortunes,0
10201,forty,0
10202,forum,0
10203,forums,0
10204,forward,0
10205,forwarded,0
10206,forwards,0
10207,forza,0
10208,foss,0
10209,fossa,0
10210,fossil,0
10211,fossils,0
10212,foster,0
10213,fostered,0
10214,fostering,0
10215,fosters,0
10216,fou,0
10217,fought,0
10218,foul,0
10219,fouled,0
10220,fouling,0
10221,fouls,0
10222,found,0
10223,founded,0
10224,founder,0
10225,foundered,0
10226,founders,0
10227,founding,0
10228,foundry,0
10229,fountain,0
10230,fountains,0
10231,four,0
10232,fours,0
10233,foursome,0
10234,fourteen,0
10235,fourth,0
10236,fourths,0
10237,fowl,0
10238,fowler,0
10239,fox,0
10240,foxes,0
10241,foxtrot,0
10242,foxy,0
10243,foy,0
10244,foyer,0
10245,foyle,0
10246,fra,0
10247,fracking,0
10248,fractal,0
10249,fraction,0
10250,fractions,0
10251,fracture,0
10252,fractured,0
10253,fractures,0
10254,fragile,0
10255,fragility,0
10256,fragment,0
10257,fragments,0
10258,fragrance,0
10259,fragrant,0
10260,frail,0
10261,frailty,0
10262,frame,0
10263,framed,0
10264,framers,0
10265,frames,0
10266,framework,0
10267,framing,0
10268,franc,0
10269,franchise,0
10270,franco,0
10271,francs,0
10272,frank,0
10273,frankfort,0
10274,frankfurt,0
10275,franklin,0
10276,frankly,0
10277,frankness,0
10278,franks,0
10279,frantic,0
10280,frat,0
10281,fraternal,0
10282,frau,0
10283,fraud,0
10284,frauds,0
10285,fraught,0
10286,fray,0
10287,frayed,0
10288,freak,0
10289,freaked,0
10290,freaking,0
10291,freakish,0
10292,freaks,0
10293,freaky,0
10294,freckles,0
10295,free,0
10296,freebie,0
10297,freebies,0
10298,freed,0
10299,freedman,0
10300,freedmen,0
10301,freedom,0
10302,freedoms,0
10303,freeform,0
10304,freehand,0
10305,freehold,0
10306,freeing,0
10307,freelance,0
10308,freely,0
10309,freeman,0
10310,freer,0
10311,frees,0
10312,freestyle,0
10313,freeware,0
10314,freeway,0
10315,freeways,0
10316,freeze,0
10317,freezer,0
10318,freezers,0
10319,freezes,0
10320,freezing,0
10321,freight,0
10322,freighter,0
10323,french,0
10324,frenetic,0
10325,frenzied,0
10326,frenzy,0
10327,frequency,0
10328,frequent,0
10329,fresco,0
10330,frescoes,0
10331,fresh,0
10332,freshen,0
10333,freshener,0
10334,fresher,0
10335,freshers,0
10336,freshest,0
10337,freshly,0
10338,freshman,0
10339,freshmen,0
10340,freshness,0
10341,fret,0
10342,frets,0
10343,fretted,0
10344,fretting,0
10345,friar,0
10346,friars,0
10347,fricking,0
10348,friction,0
10349,fridge,0
10350,fridges,0
10351,fried,0
10352,friend,0
10353,friendly,0
10354,friends,0
10355,fries,0
10356,frieze,0
10357,frigate,0
10358,frigates,0
10359,frigging,0
10360,fright,0
10361,frighten,0
10362,frightens,0
10363,frightful,0
10364,frigid,0
10365,frills,0
10366,frilly,0
10367,fringe,0
10368,fringed,0
10369,fringes,0
10370,frisbee,0
10371,frisk,0
10372,frisky,0
10373,frith,0
10374,fritters,0
10375,fritz,0
10376,frivolous,0
10377,frizzy,0
10378,fro,0
10379,frock,0
10380,frog,0
10381,frogs,0
10382,frolic,0
10383,from,0
10384,fronds,0
10385,front,0
10386,frontage,0
10387,frontal,0
10388,fronted,0
10389,frontier,0
10390,frontiers,0
10391,fronting,0
10392,frontline,0
10393,frontman,0
10394,fronts,0
10395,frost,0
10396,frostbite,0
10397,frosted,0
10398,frosting,0
10399,frosts,0
10400,frosty,0
10401,froth,0
10402,frothy,0
10403,frown,0
10404,frowned,0
10405,frowning,0
10406,frowns,0
10407,froze,0
10408,frozen,0
10409,fructose,0
10410,frugal,0
10411,frugality,0
10412,fruit,0
10413,fruitful,0
10414,fruiting,0
10415,fruition,0
10416,fruitless,0
10417,fruits,0
10418,fruity,0
10419,frustrate,0
10420,fry,0
10421,fryer,0
10422,frying,0
10423,fuchsia,0
10424,fuck,1
10425,fucked,1
10426,fucker,1
10427,fuckers,1
10428,fucking,1
10429,fucks,1
10430,fudge,0
10431,fuel,0
10432,fueled,0
10433,fueling,0
10434,fuelled,0
10435,fuelling,0
10436,fuels,0
10437,fugitive,0
10438,fugitives,0
10439,fugue,0
10440,fuji,0
10441,fulcrum,0
10442,fulfil,0
10443,fulfill,0
10444,fulfilled,0
10445,fulfills,0
10446,fulfils,0
10447,fulham,0
10448,full,0
10449,fullback,0
10450,fullbacks,0
10451,fuller,0
10452,fullest,0
10453,fullness,0
10454,fully,0
10455,fumble,0
10456,fumbled,0
10457,fumbles,0
10458,fumbling,0
10459,fume,0
10460,fumes,0
10461,fuming,0
10462,fun,0
10463,function,0
10464,functions,0
10465,fund,0
10466,funded,0
10467,funder,0
10468,funders,0
10469,funding,0
10470,funds,0
10471,funeral,0
10472,funerals,0
10473,funerary,0
10474,fung,0
10475,fungal,0
10476,fungi,0
10477,fungus,0
10478,funk,0
10479,funky,0
10480,funnel,0
10481,funneled,0
10482,funneling,0
10483,funnels,0
10484,funnier,0
10485,funniest,0
10486,funnily,0
10487,funny,0
10488,fur,0
10489,furies,0
10490,furious,0
10491,furiously,0
10492,furlong,0
10493,furlongs,0
10494,furlough,0
10495,furnace,0
10496,furnaces,0
10497,furnish,0
10498,furnished,0
10499,furniture,0
10500,furor,0
10501,furries,0
10502,furrow,0
10503,furry,0
10504,furs,0
10505,further,0
10506,furthered,0
10507,furthers,0
10508,furthest,0
10509,fury,0
10510,fuse,0
10511,fused,0
10512,fuselage,0
10513,fuses,0
10514,fusiliers,0
10515,fusing,0
10516,fusion,0
10517,fusions,0
10518,fuss,0
10519,fussed,0
10520,fussing,0
10521,fussy,0
10522,futile,0
10523,futility,0
10524,futon,0
10525,futsal,0
10526,future,0
10527,futures,0
10528,futurist,0
10529,fuzz,0
10530,fuzzy,0
10531,gab,0
10532,gabby,0
10533,gable,0
10534,gables,0
10535,gaby,0
10536,gad,0
10537,gadget,0
10538,gadgets,0
10539,gaff,0
10540,gaffe,0
10541,gaffer,0
10542,gag,0
10543,gaga,0
10544,gage,0
10545,gagged,0
10546,gagging,0
10547,gaggle,0
10548,gags,0
10549,gaiety,0
10550,gain,0
10551,gained,0
10552,gainer,0
10553,gaining,0
10554,gains,0
10555,gait,0
10556,gal,1
10557,gala,0
10558,galactic,0
10559,galapagos,0
10560,galaxies,0
10561,galaxy,0
10562,gale,0
10563,galena,0
10564,gales,0
10565,galilee,0
10566,gall,0
10567,gallant,0
10568,gallantry,0
10569,galleon,0
10570,galleria,0
10571,galleries,0
10572,gallery,0
10573,galley,0
10574,galleys,0
10575,gallic,0
10576,galling,0
10577,gallium,0
10578,gallon,0
10579,gallons,0
10580,gallop,0
10581,galloping,0
10582,gallows,0
10583,galore,0
10584,gals,0
10585,gam,0
10586,gama,0
10587,gambia,0
10588,gambit,0
10589,gamble,0
10590,gambled,0
10591,gambler,0
10592,gamblers,0
10593,gambling,0
10594,game,0
10595,gamecocks,0
10596,gameplay,0
10597,gamer,0
10598,gamers,0
10599,games,0
10600,gaming,0
10601,gamma,0
10602,gammon,0
10603,gamut,0
10604,gan,0
10605,gander,0
10606,gang,0
10607,gangbang,1
10608,gangland,0
10609,ganglia,0
10610,ganglion,0
10611,gangrene,0
10612,gangs,0
10613,gangsta,0
10614,gangster,0
10615,gangsters,0
10616,gangway,0
10617,ganja,1
10618,gant,0
10619,gantry,0
10620,ganymede,0
10621,gaol,0
10622,gap,0
10623,gape,0
10624,gaping,0
10625,gaps,0
10626,gar,0
10627,garage,0
10628,garages,0
10629,garb,0
10630,garbage,0
10631,garbled,0
10632,garbo,0
10633,garcinia,0
10634,garda,0
10635,garden,0
10636,gardener,0
10637,gardeners,0
10638,gardening,0
10639,gardens,0
10640,gare,0
10641,gargoyle,0
10642,gargoyles,0
10643,garibaldi,0
10644,garish,0
10645,garland,0
10646,garlands,0
10647,garlic,0
10648,garment,0
10649,garments,0
10650,garner,0
10651,garnered,0
10652,garnering,0
10653,garnet,0
10654,garnish,0
10655,garnished,0
10656,garret,0
10657,garrison,0
10658,garrisons,0
10659,garter,0
10660,garth,0
10661,garuda,0
10662,garvey,0
10663,gas,0
10664,gaseous,0
10665,gases,0
10666,gash,0
10667,gasket,0
10668,gaskets,0
10669,gaslight,0
10670,gasoline,0
10671,gasp,0
10672,gasped,0
10673,gasping,0
10674,gasps,0
10675,gassed,0
10676,gasses,0
10677,gassing,0
10678,gastric,0
10679,gat,0
10680,gate,0
10681,gated,0
10682,gatehouse,0
10683,gates,0
10684,gateway,0
10685,gateways,0
10686,gather,0
10687,gathered,0
10688,gatherer,0
10689,gatherers,0
10690,gathering,0
10691,gathers,0
10692,gating,0
10693,gator,0
10694,gators,0
10695,gauche,0
10696,gaudy,0
10697,gauge,0
10698,gauges,0
10699,gauging,0
10700,gaunt,0
10701,gauntlet,0
10702,gauss,0
10703,gaussian,0
10704,gauze,0
10705,gave,0
10706,gavel,0
10707,gawd,0
10708,gawker,0
10709,gay,1
10710,gays,1
10711,gaze,0
10712,gazebo,0
10713,gazed,0
10714,gazelle,0
10715,gazes,0
10716,gazette,0
10717,gazing,0
10718,gear,0
10719,gearbox,0
10720,geared,0
10721,gearing,0
10722,gears,0
10723,gecko,0
10724,ged,0
10725,gee,0
10726,geek,0
10727,geeks,0
10728,geeky,0
10729,gees,0
10730,geese,0
10731,geez,0
10732,geezer,0
10733,geisha,0
10734,geist,0
10735,gel,0
10736,gelatin,0
10737,gelato,0
10738,gelding,0
10739,gels,0
10740,gem,0
10741,gemini,0
10742,gemma,0
10743,gems,0
10744,gemstone,0
10745,gemstones,0
10746,gen,0
10747,gender,0
10748,gendered,0
10749,genders,0
10750,gene,0
10751,genealogy,0
10752,genera,0
10753,general,0
10754,generale,0
10755,generally,0
10756,generals,0
10757,generate,0
10758,generated,0
10759,generates,0
10760,generator,0
10761,generic,0
10762,generics,0
10763,generous,0
10764,genes,0
10765,genesis,0
10766,genetic,0
10767,genetics,0
10768,geneva,0
10769,genial,0
10770,genie,0
10771,genital,0
10772,genitalia,0
10773,genitals,0
10774,genitive,0
10775,genius,0
10776,geniuses,0
10777,genoa,0
10778,genocidal,0
10779,genocide,0
10780,genome,0
10781,genomes,0
10782,genomic,0
10783,genomics,0
10784,genotype,0
10785,genotypes,0
10786,genre,0
10787,genres,0
10788,gens,0
10789,gent,0
10790,genteel,0
10791,gentile,0
10792,gentiles,0
10793,gentle,0
10794,gentleman,0
10795,gentlemen,0
10796,gentler,0
10797,gently,0
10798,gentry,0
10799,gents,0
10800,genuine,0
10801,genuinely,0
10802,genus,0
10803,geo,0
10804,geodetic,0
10805,geography,0
10806,geologic,0
10807,geologist,0
10808,geology,0
10809,geometric,0
10810,geometry,0
10811,georgette,0
10812,ger,0
10813,geranium,0
10814,gere,0
10815,geriatric,0
10816,germ,0
10817,germain,0
10818,germaine,0
10819,german,0
10820,germanic,0
10821,germans,0
10822,germinate,0
10823,germs,0
10824,geronimo,0
10825,gert,0
10826,gestalt,0
10827,gestapo,0
10828,gestation,0
10829,gesture,0
10830,gestured,0
10831,gestures,0
10832,gesturing,0
10833,get,0
10834,getaway,0
10835,gets,0
10836,getter,0
10837,getting,0
10838,getup,0
10839,geyser,0
10840,geysers,0
10841,ghastly,0
10842,ghazi,0
10843,ghee,0
10844,ghetto,0
10845,ghettos,0
10846,ghibli,0
10847,ghost,0
10848,ghosted,0
10849,ghosting,0
10850,ghostly,0
10851,ghosts,0
10852,ghoul,0
10853,ghouls,0
10854,giant,0
10855,giants,0
10856,gib,0
10857,gibberish,0
10858,gibbon,0
10859,gibbons,0
10860,gibson,0
10861,giddy,0
10862,gif,0
10863,gift,0
10864,gifted,0
10865,gifting,0
10866,gifts,0
10867,gig,0
10868,giga,0
10869,gigabit,0
10870,gigabyte,0
10871,gigabytes,0
10872,gigantic,0
10873,giggle,0
10874,giggled,0
10875,giggles,0
10876,giggling,0
10877,gigs,0
10878,gila,0
10879,gilbert,0
10880,gilded,0
10881,gilding,0
10882,gill,0
10883,gillies,0
10884,gills,0
10885,gilly,0
10886,gilt,0
10887,gimme,0
10888,gimmick,0
10889,gimmicks,0
10890,gimp,0
10891,gin,0
10892,ginger,0
10893,gingerly,0
10894,ginn,0
10895,ginny,0
10896,ginseng,0
10897,gio,0
10898,gipsy,0
10899,giraffe,0
10900,giraffes,0
10901,girder,0
10902,girders,0
10903,girdle,0
10904,girl,0
10905,girlie,0
10906,girls,0
10907,girly,0
10908,giro,0
10909,girth,0
10910,gis,0
10911,gist,0
10912,git,0
10913,give,0
10914,giveaway,0
10915,giveaways,0
10916,given,0
10917,givens,0
10918,giver,0
10919,givers,0
10920,gives,0
10921,giving,0
10922,gizmo,0
10923,glabrous,0
10924,glacial,0
10925,glacier,0
10926,glaciers,0
10927,glad,0
10928,glade,0
10929,glades,0
10930,gladiator,0
10931,gladly,0
10932,gladstone,0
10933,glam,0
10934,glamorous,0
10935,glamour,0
10936,glance,0
10937,glanced,0
10938,glances,0
10939,glancing,0
10940,gland,0
10941,glands,0
10942,glandular,0
10943,glare,0
10944,glared,0
10945,glaring,0
10946,glass,0
10947,glasses,0
10948,glassware,0
10949,glassy,0
10950,glaucoma,0
10951,glaze,0
10952,glazed,0
10953,glazer,0
10954,glazing,0
10955,gleam,0
10956,gleaming,0
10957,glean,0
10958,gleaned,0
10959,glebe,0
10960,glee,0
10961,gleefully,0
10962,glen,0
10963,glens,0
10964,glib,0
10965,glide,0
10966,glider,0
10967,gliders,0
10968,glides,0
10969,gliding,0
10970,glimmer,0
10971,glimpse,0
10972,glimpsed,0
10973,glimpses,0
10974,glint,0
10975,glitch,0
10976,glitches,0
10977,glitter,0
10978,glitters,0
10979,glittery,0
10980,glitz,0
10981,gloat,0
10982,gloating,0
10983,global,0
10984,globalism,0
10985,globalist,0
10986,globally,0
10987,globe,0
10988,globes,0
10989,globular,0
10990,gloom,0
10991,gloomy,0
10992,gloria,0
10993,glories,0
10994,glorified,0
10995,glorify,0
10996,glorious,0
10997,glory,0
10998,gloss,0
10999,glossary,0
11000,glossed,0
11001,glosses,0
11002,glossy,0
11003,glove,0
11004,gloved,0
11005,glover,0
11006,gloves,0
11007,glow,0
11008,glowed,0
11009,glowing,0
11010,glows,0
11011,glucose,0
11012,glue,0
11013,glued,0
11014,gluing,0
11015,glum,0
11016,glut,0
11017,glutamate,0
11018,glutamine,0
11019,gluten,0
11020,glutes,0
11021,gluttony,0
11022,glycerin,0
11023,glycerol,0
11024,glycine,0
11025,glycogen,0
11026,glycol,0
11027,glyph,0
11028,glyphs,0
11029,gnarly,0
11030,gnaw,0
11031,gnawing,0
11032,gnocchi,0
11033,gnome,0
11034,gnomes,0
11035,gnostic,0
11036,gnu,0
11037,goa,0
11038,goad,0
11039,goal,0
11040,goalie,0
11041,goalies,0
11042,goalless,0
11043,goalposts,0
11044,goals,0
11045,goat,0
11046,goatee,0
11047,goats,0
11048,gob,0
11049,gobble,0
11050,gobbled,0
11051,gobbling,0
11052,gobi,0
11053,goblet,0
11054,goblin,0
11055,goblins,0
11056,god,1
11057,goddam,1
11058,goddamn,1
11059,goddamned,1
11060,goddess,0
11061,goddesses,0
11062,godfather,0
11063,godhead,0
11064,godless,0
11065,godlike,0
11066,godliness,0
11067,godly,0
11068,godmother,0
11069,gods,0
11070,godsend,0
11071,godson,0
11072,godspeed,0
11073,goer,0
11074,goers,0
11075,goes,0
11076,goff,0
11077,goggles,0
11078,gogo,0
11079,going,0
11080,goings,0
11081,gold,0
11082,golden,0
11083,goldeneye,0
11084,goldfish,0
11085,golds,0
11086,goldsmith,0
11087,golem,0
11088,golf,0
11089,golfer,0
11090,golfers,0
11091,golfing,0
11092,goliath,0
11093,golly,0
11094,gon,0
11095,gondola,0
11096,gone,0
11097,gong,0
11098,gonna,0
11099,gonorrhea,0
11100,gonzo,0
11101,goo,0
11102,good,0
11103,goodbye,0
11104,goodbyes,0
11105,goodie,0
11106,goodies,0
11107,goodman,0
11108,goodness,0
11109,goodnight,0
11110,goods,0
11111,goodwill,0
11112,goody,0
11113,goodyear,0
11114,gooey,0
11115,goof,0
11116,goofball,0
11117,goofing,0
11118,goofy,0
11119,google,0
11120,googled,0
11121,googles,0
11122,googling,0
11123,googly,0
11124,goon,0
11125,goons,0
11126,goop,0
11127,goose,0
11128,gopher,0
11129,gophers,0
11130,gor,0
11131,gore,0
11132,gorge,0
11133,gorgeous,0
11134,gorges,0
11135,gorgon,0
11136,gorilla,0
11137,gorillas,0
11138,goring,0
11139,gory,0
11140,gosh,0
11141,gosling,0
11142,gospel,0
11143,gospels,0
11144,goss,0
11145,gossip,0
11146,gossiping,0
11147,gossips,0
11148,got,0
11149,gotcha,0
11150,goth,0
11151,gothic,0
11152,goths,0
11153,gotta,0
11154,gotten,0
11155,gouge,0
11156,gouged,0
11157,gouging,0
11158,gourd,0
11159,gourmet,0
11160,gout,0
11161,gov,0
11162,govern,0
11163,governed,0
11164,governess,0
11165,governing,0
11166,governor,0
11167,governors,0
11168,governs,0
11169,gown,0
11170,gowns,0
11171,grab,0
11172,grabbed,0
11173,grabber,0
11174,grabbing,0
11175,grabs,0
11176,grace,0
11177,graced,0
11178,graceful,0
11179,graces,0
11180,gracing,0
11181,gracious,0
11182,grad,0
11183,grade,0
11184,graded,0
11185,grader,0
11186,graders,0
11187,grades,0
11188,gradient,0
11189,gradients,0
11190,grading,0
11191,grads,0
11192,gradual,0
11193,gradually,0
11194,graduate,0
11195,graduated,0
11196,graduates,0
11197,graff,0
11198,graffiti,0
11199,graft,0
11200,grafted,0
11201,grafting,0
11202,grafts,0
11203,graham,0
11204,grail,0
11205,grain,0
11206,grained,0
11207,grains,0
11208,grainy,0
11209,gram,0
11210,grammar,0
11211,grammars,0
11212,gramps,0
11213,grams,0
11214,gran,0
11215,granary,0
11216,grand,0
11217,grandad,0
11218,granddad,0
11219,grande,0
11220,grander,0
11221,grandest,0
11222,grandeur,0
11223,grandiose,0
11224,grandkids,0
11225,grandma,0
11226,grandmas,0
11227,grandpa,0
11228,grands,0
11229,grandson,0
11230,grandsons,0
11231,grange,0
11232,granger,0
11233,granite,0
11234,grannies,0
11235,granny,0
11236,granola,0
11237,grant,0
11238,granted,0
11239,granting,0
11240,grants,0
11241,granular,0
11242,granules,0
11243,grape,0
11244,grapes,0
11245,grapevine,0
11246,graph,0
11247,graphene,0
11248,graphic,0
11249,graphical,0
11250,graphics,0
11251,graphing,0
11252,graphite,0
11253,graphs,0
11254,grapple,0
11255,grappled,0
11256,grappling,0
11257,grasp,0
11258,grasped,0
11259,grasping,0
11260,grass,0
11261,grasses,0
11262,grassland,0
11263,grassy,0
11264,grate,0
11265,grated,0
11266,grateful,0
11267,grater,0
11268,grates,0
11269,gratified,0
11270,grating,0
11271,gratis,0
11272,gratitude,0
11273,gratuity,0
11274,grave,0
11275,gravel,0
11276,gravelly,0
11277,gravely,0
11278,graves,0
11279,gravest,0
11280,graveyard,0
11281,gravitas,0
11282,gravitate,0
11283,gravity,0
11284,gravy,0
11285,gray,0
11286,grayish,0
11287,grayling,0
11288,grays,0
11289,graze,0
11290,grazed,0
11291,grazing,0
11292,grease,0
11293,greased,0
11294,greasy,0
11295,great,0
11296,greater,0
11297,greatest,0
11298,greatly,0
11299,greatness,0
11300,greats,0
11301,greaves,0
11302,greece,0
11303,greed,0
11304,greedy,0
11305,greek,0
11306,green,0
11307,greenback,0
11308,greenbelt,0
11309,greener,0
11310,greenery,0
11311,greening,0
11312,greenish,0
11313,greens,0
11314,greenway,0
11315,greenwood,0
11316,greet,0
11317,greeted,0
11318,greeting,0
11319,greetings,0
11320,greets,0
11321,gremlin,0
11322,gremlins,0
11323,grenade,0
11324,grenades,0
11325,grenadier,0
11326,grew,0
11327,grey,0
11328,greyhound,0
11329,greyish,0
11330,greys,0
11331,grid,0
11332,griddle,0
11333,gridiron,0
11334,gridlock,0
11335,grids,0
11336,grief,0
11337,grievance,0
11338,grieve,0
11339,grieved,0
11340,grieves,0
11341,grieving,0
11342,grievous,0
11343,griff,0
11344,griffin,0
11345,grill,0
11346,grille,0
11347,grilled,0
11348,grilling,0
11349,grills,0
11350,grim,0
11351,grimace,0
11352,grime,0
11353,grimes,0
11354,grimly,0
11355,grimy,0
11356,grin,0
11357,grinch,0
11358,grind,0
11359,grinder,0
11360,grinders,0
11361,grinding,0
11362,grinds,0
11363,gringo,1
11364,grinned,0
11365,grinning,0
11366,grins,0
11367,grip,0
11368,gripe,0
11369,gripes,0
11370,gripped,0
11371,gripping,0
11372,grips,0
11373,gris,0
11374,grisly,0
11375,grist,0
11376,grit,0
11377,grits,0
11378,gritty,0
11379,grizzled,0
11380,grizzlies,0
11381,grizzly,0
11382,groan,0
11383,groaned,0
11384,groaning,0
11385,groans,0
11386,grocer,0
11387,groceries,0
11388,grocers,0
11389,grocery,0
11390,grog,0
11391,groggy,0
11392,groin,0
11393,groom,0
11394,groomed,0
11395,grooming,0
11396,grooms,0
11397,groove,0
11398,grooved,0
11399,grooves,0
11400,groovy,0
11401,grope,0
11402,groped,0
11403,groping,0
11404,gross,0
11405,grossed,0
11406,grosser,0
11407,grosses,0
11408,grossing,0
11409,grossly,0
11410,grotesque,0
11411,grotto,0
11412,grouchy,0
11413,ground,0
11414,grounded,0
11415,groundhog,0
11416,grounding,0
11417,grounds,0
11418,group,0
11419,grouped,0
11420,grouper,0
11421,groupie,0
11422,groupies,0
11423,grouping,0
11424,groupings,0
11425,groups,0
11426,grouse,0
11427,grout,0
11428,grove,0
11429,groves,0
11430,grow,0
11431,grower,0
11432,growers,0
11433,growing,0
11434,growl,0
11435,growled,0
11436,growling,0
11437,growls,0
11438,grown,0
11439,grownup,0
11440,grownups,0
11441,grows,0
11442,growth,0
11443,growths,0
11444,grub,0
11445,grubby,0
11446,grudge,0
11447,grudges,0
11448,grueling,0
11449,gruelling,0
11450,gruesome,0
11451,gruff,0
11452,grumble,0
11453,grumbling,0
11454,grumpy,0
11455,grunge,0
11456,grunt,0
11457,grunting,0
11458,grunts,0
11459,guacamole,0
11460,guan,0
11461,guano,0
11462,guarantee,0
11463,guarantor,0
11464,guaranty,0
11465,guard,0
11466,guarded,0
11467,guardian,0
11468,guardians,0
11469,guarding,0
11470,guards,0
11471,guardsman,0
11472,guardsmen,0
11473,guava,0
11474,guerilla,0
11475,guernsey,0
11476,guerrilla,0
11477,guess,0
11478,guessed,0
11479,guesses,0
11480,guessing,0
11481,guesswork,0
11482,guest,0
11483,guests,0
11484,guidance,0
11485,guide,0
11486,guidebook,0
11487,guided,0
11488,guideline,0
11489,guides,0
11490,guiding,0
11491,guild,0
11492,guildhall,0
11493,guilds,0
11494,guile,0
11495,guilt,0
11496,guilty,0
11497,guinea,0
11498,guineas,0
11499,guise,0
11500,guises,0
11501,guitar,0
11502,guitarist,0
11503,guitars,0
11504,gul,0
11505,gulag,0
11506,gulch,0
11507,gulf,0
11508,gull,0
11509,gullible,0
11510,gulls,0
11511,gully,0
11512,gulp,0
11513,gum,0
11514,gumball,0
11515,gumbo,0
11516,gummy,0
11517,gump,0
11518,gums,0
11519,gun,0
11520,gunboats,0
11521,gunfight,0
11522,gunfire,0
11523,gung,0
11524,gunman,0
11525,gunmen,0
11526,gunned,0
11527,gunner,0
11528,gunners,0
11529,gunnery,0
11530,gunning,0
11531,gunpoint,0
11532,gunpowder,0
11533,guns,0
11534,gunship,0
11535,gunships,0
11536,gunshot,0
11537,gunshots,0
11538,gunter,0
11539,gurgling,0
11540,gurl,0
11541,gurney,0
11542,guru,0
11543,gurus,0
11544,gus,0
11545,gush,0
11546,gushed,0
11547,gushing,0
11548,gust,0
11549,gusting,0
11550,gusto,0
11551,gusts,0
11552,gusty,0
11553,gut,0
11554,gutless,0
11555,guts,0
11556,gutsy,0
11557,gutted,0
11558,gutter,0
11559,gutters,0
11560,gutting,0
11561,guttural,0
11562,guy,0
11563,guys,0
11564,gym,0
11565,gymnasium,0
11566,gymnast,0
11567,gymnastic,0
11568,gymnasts,0
11569,gyms,0
11570,gypsies,0
11571,gypsum,0
11572,gypsy,0
11573,gyro,0
11574,gyroscope,0
11575,gyrus,0
11576,habit,0
11577,habitable,0
11578,habitat,0
11579,habitats,0
11580,habits,0
11581,habitual,0
11582,hacienda,0
11583,hack,0
11584,hacked,0
11585,hacker,0
11586,hackers,0
11587,hacking,0
11588,hackney,0
11589,hacks,0
11590,hacksaw,0
11591,had,0
11592,haddock,0
11593,hades,0
11594,hadith,0
11595,hadron,0
11596,hae,0
11597,hafiz,0
11598,hag,0
11599,haggard,0
11600,haggis,0
11601,haggle,0
11602,haggling,0
11603,hah,0
11604,haha,0
11605,haiku,0
11606,hail,0
11607,hailed,0
11608,hailing,0
11609,hails,0
11610,hain,0
11611,hair,0
11612,haircut,0
11613,haircuts,0
11614,hairdo,0
11615,haired,0
11616,hairless,0
11617,hairline,0
11618,hairpin,0
11619,hairs,0
11620,hairspray,0
11621,hairstyle,0
11622,hairy,0
11623,haj,0
11624,haji,0
11625,hajj,0
11626,hakeem,0
11627,hakim,0
11628,halal,0
11629,halcyon,0
11630,hale,0
11631,hales,0
11632,half,0
11633,halfback,0
11634,halfpenny,0
11635,halftime,0
11636,halfway,0
11637,halibut,0
11638,halide,0
11639,hall,0
11640,hallmark,0
11641,hallmarks,0
11642,hallo,0
11643,hallowed,0
11644,hallows,0
11645,halls,0
11646,hallway,0
11647,hallways,0
11648,halo,0
11649,halogen,0
11650,halos,0
11651,halt,0
11652,halted,0
11653,halter,0
11654,halting,0
11655,halts,0
11656,halve,0
11657,halved,0
11658,halves,0
11659,halving,0
11660,ham,0
11661,hamburg,0
11662,hamburger,0
11663,hamlet,0
11664,hamlets,0
11665,hammam,0
11666,hammer,0
11667,hammered,0
11668,hammering,0
11669,hammers,0
11670,hammock,0
11671,hammocks,0
11672,hammy,0
11673,hamper,0
11674,hampered,0
11675,hampering,0
11676,hampers,0
11677,hams,0
11678,hamster,0
11679,hamsters,0
11680,hamstring,0
11681,hamza,0
11682,han,0
11683,hand,0
11684,handbag,0
11685,handbags,0
11686,handball,0
11687,handbook,0
11688,handbooks,0
11689,handbrake,0
11690,handcuff,0
11691,handcuffs,0
11692,handed,0
11693,hander,0
11694,handful,0
11695,handfuls,0
11696,handgun,0
11697,handguns,0
11698,handheld,0
11699,handicap,0
11700,handicaps,0
11701,handily,0
11702,handing,0
11703,handiwork,0
11704,handjob,1
11705,handle,0
11706,handlebar,0
11707,handled,0
11708,handler,0
11709,handlers,0
11710,handles,0
11711,handling,0
11712,handmade,0
11713,handoff,0
11714,handout,0
11715,handouts,0
11716,handover,0
11717,hands,0
11718,handset,0
11719,handsets,0
11720,handshake,0
11721,handsome,0
11722,handy,0
11723,handyman,0
11724,hang,0
11725,hangar,0
11726,hangars,0
11727,hanged,0
11728,hanger,0
11729,hangers,0
11730,hanging,0
11731,hangings,0
11732,hangman,0
11733,hangout,0
11734,hangouts,0
11735,hangover,0
11736,hangovers,0
11737,hangs,0
11738,hank,0
11739,hankering,0
11740,hanks,0
11741,hansel,0
11742,hanuman,0
11743,hao,0
11744,hap,0
11745,haphazard,0
11746,hapless,0
11747,happen,0
11748,happened,0
11749,happening,0
11750,happens,0
11751,happier,0
11752,happiest,0
11753,happily,0
11754,happiness,0
11755,happy,0
11756,haram,0
11757,harass,0
11758,harassed,0
11759,harassing,0
11760,harbinger,0
11761,harbor,0
11762,harbored,0
11763,harboring,0
11764,harbors,0
11765,harbour,0
11766,harbours,0
11767,hard,0
11768,hardback,0
11769,hardball,0
11770,hardcore,0
11771,hardcover,0
11772,harden,0
11773,hardened,0
11774,hardening,0
11775,hardens,0
11776,harder,0
11777,hardest,0
11778,hardiness,0
11779,hardline,0
11780,hardly,0
11781,hardman,0
11782,hardness,0
11783,hardship,0
11784,hardships,0
11785,hardware,0
11786,hardwired,0
11787,hardwood,0
11788,hardwoods,0
11789,hardy,0
11790,hare,0
11791,harem,0
11792,hares,0
11793,hark,0
11794,harlequin,0
11795,harlot,0
11796,harm,0
11797,harman,0
11798,harmed,0
11799,harmful,0
11800,harming,0
11801,harmless,0
11802,harmonic,0
11803,harmonica,0
11804,harmonics,0
11805,harmonies,0
11806,harmonize,0
11807,harmony,0
11808,harms,0
11809,harness,0
11810,harnessed,0
11811,harnesses,0
11812,harp,0
11813,harper,0
11814,harpers,0
11815,harping,0
11816,harpoon,0
11817,harps,0
11818,harpy,0
11819,harrier,0
11820,harrow,0
11821,harrowing,0
11822,harry,0
11823,harsh,0
11824,harsher,0
11825,harshest,0
11826,harshly,0
11827,harshness,0
11828,hart,0
11829,harvest,0
11830,harvested,0
11831,harvester,0
11832,harvests,0
11833,has,0
11834,hash,0
11835,hashing,0
11836,hashish,0
11837,hashtag,0
11838,hashtags,0
11839,hassle,0
11840,hassles,0
11841,hast,0
11842,hasta,0
11843,haste,0
11844,hasten,0
11845,hastened,0
11846,hastily,0
11847,hastings,0
11848,hasty,0
11849,hat,0
11850,hatch,0
11851,hatchback,0
11852,hatched,0
11853,hatcher,0
11854,hatchery,0
11855,hatches,0
11856,hatchet,0
11857,hatching,0
11858,hate,0
11859,hated,0
11860,hateful,0
11861,hater,0
11862,haters,0
11863,hates,0
11864,hath,0
11865,hating,0
11866,hatred,0
11867,hats,0
11868,hatter,0
11869,haughty,0
11870,haul,0
11871,haulage,0
11872,hauled,0
11873,hauling,0
11874,hauls,0
11875,haunt,0
11876,haunted,0
11877,haunting,0
11878,haunts,0
11879,haut,0
11880,haute,0
11881,have,0
11882,havelock,0
11883,haven,0
11884,havens,0
11885,haves,0
11886,having,0
11887,havoc,0
11888,haw,0
11889,hawk,0
11890,hawker,0
11891,hawking,0
11892,hawks,0
11893,hawthorn,0
11894,hay,0
11895,hays,0
11896,haystack,0
11897,hayward,0
11898,haywire,0
11899,hazard,0
11900,hazardous,0
11901,hazards,0
11902,haze,0
11903,hazel,0
11904,hazelnut,0
11905,hazing,0
11906,hazmat,0
11907,hazy,0
11908,head,0
11909,headache,0
11910,headaches,0
11911,headband,0
11912,headboard,0
11913,headdress,0
11914,headed,0
11915,header,0
11916,headers,0
11917,headfirst,0
11918,headgear,0
11919,heading,0
11920,headings,0
11921,headlamp,0
11922,headlamps,0
11923,headland,0
11924,headless,0
11925,headlight,0
11926,headline,0
11927,headlined,0
11928,headliner,0
11929,headlines,0
11930,headlong,0
11931,headphone,0
11932,headroom,0
11933,heads,0
11934,headscarf,0
11935,headset,0
11936,headsets,0
11937,headshot,0
11938,headshots,0
11939,headspace,0
11940,headstone,0
11941,headway,0
11942,heady,0
11943,heal,0
11944,healed,0
11945,healer,0
11946,healers,0
11947,healing,0
11948,heals,0
11949,health,0
11950,healthful,0
11951,healthier,0
11952,healthily,0
11953,healthy,0
11954,heap,0
11955,heaped,0
11956,heaping,0
11957,heaps,0
11958,hear,0
11959,heard,0
11960,hearing,0
11961,hearings,0
11962,hears,0
11963,hearsay,0
11964,hearse,0
11965,heart,0
11966,heartache,0
11967,heartbeat,0
11968,heartburn,0
11969,hearted,0
11970,heartfelt,0
11971,hearth,0
11972,heartily,0
11973,heartland,0
11974,heartless,0
11975,hearts,0
11976,hearty,0
11977,heat,0
11978,heated,0
11979,heater,0
11980,heaters,0
11981,heath,0
11982,heathen,0
11983,heathens,0
11984,heather,0
11985,heating,0
11986,heats,0
11987,heatwave,0
11988,heave,0
11989,heaven,0
11990,heavenly,0
11991,heavens,0
11992,heavier,0
11993,heaviest,0
11994,heavily,0
11995,heaviness,0
11996,heaving,0
11997,heavy,0
11998,hecht,0
11999,heck,0
12000,heckler,0
12001,heckling,0
12002,hectare,0
12003,hectares,0
12004,hectic,0
12005,hector,0
12006,hedge,0
12007,hedged,0
12008,hedgehog,0
12009,hedgehogs,0
12010,hedges,0
12011,hedging,0
12012,hedonism,0
12013,heed,0
12014,heeded,0
12015,heel,0
12016,heeled,0
12017,heels,0
12018,heft,0
12019,hefty,0
12020,hegemonic,0
12021,hegemony,0
12022,heh,0
12023,heifer,0
12024,height,0
12025,heighten,0
12026,heights,0
12027,heil,0
12028,heinous,0
12029,heir,0
12030,heiress,0
12031,heirloom,0
12032,heirlooms,0
12033,heirs,0
12034,heist,0
12035,heists,0
12036,held,0
12037,helical,0
12038,helios,0
12039,helipad,0
12040,helium,0
12041,helix,0
12042,hell,1
12043,hellcat,0
12044,heller,0
12045,hellfire,0
12046,hellhole,0
12047,hellish,0
12048,hello,0
12049,hells,0
12050,helluva,0
12051,helm,0
12052,helmed,0
12053,helmer,0
12054,helmet,0
12055,helmets,0
12056,helms,0
12057,helmsman,0
12058,helo,0
12059,help,0
12060,helped,0
12061,helper,0
12062,helpers,0
12063,helpful,0
12064,helpfully,0
12065,helping,0
12066,helpless,0
12067,helpline,0
12068,helps,0
12069,hem,0
12070,hematoma,0
12071,hemlock,0
12072,hemmed,0
12073,hemming,0
12074,hemp,1
12075,hen,0
12076,hence,0
12077,henchman,0
12078,henchmen,0
12079,henley,0
12080,henna,0
12081,henning,0
12082,henny,0
12083,henry,0
12084,hens,0
12085,hep,0
12086,heparin,0
12087,hepatic,0
12088,hepatitis,0
12089,her,0
12090,herald,0
12091,heralded,0
12092,heralds,0
12093,herb,0
12094,herbal,0
12095,herbarium,0
12096,herbicide,0
12097,herbs,0
12098,herculean,0
12099,hercules,0
12100,herd,0
12101,herded,0
12102,herder,0
12103,herders,0
12104,herding,0
12105,herds,0
12106,here,0
12107,hereafter,0
12108,hereby,0
12109,heredity,0
12110,herein,0
12111,hereof,0
12112,heres,0
12113,heresy,0
12114,heretic,0
12115,heretical,0
12116,heretics,0
12117,hereunder,0
12118,heritage,0
12119,hermetic,0
12120,hermit,0
12121,hermitage,0
12122,hernia,0
12123,hero,0
12124,heroes,0
12125,heroic,0
12126,heroics,0
12127,heroin,1
12128,heroine,0
12129,heroines,0
12130,heroism,0
12131,heron,0
12132,herons,0
12133,heros,0
12134,herpes,1
12135,herring,0
12136,herrings,0
12137,hers,0
12138,herself,0
12139,hertz,0
12140,hes,0
12141,hesitant,0
12142,hesitate,0
12143,hesitated,0
12144,hesitates,0
12145,hessian,0
12146,het,0
12147,hetero,0
12148,heuristic,0
12149,hew,0
12150,hewn,0
12151,hex,0
12152,hexagon,0
12153,hexagonal,0
12154,hey,0
12155,heyday,0
12156,hiatus,0
12157,hibernate,0
12158,hibiscus,0
12159,hic,0
12160,hiccup,0
12161,hiccups,0
12162,hick,0
12163,hickey,0
12164,hickory,0
12165,hicks,0
12166,hid,0
12167,hidalgo,0
12168,hidden,0
12169,hide,0
12170,hideaway,0
12171,hideous,0
12172,hideout,0
12173,hides,0
12174,hiding,0
12175,hie,0
12176,hierarchy,0
12177,high,0
12178,higher,0
12179,highest,0
12180,highland,0
12181,highlands,0
12182,highlight,0
12183,highly,0
12184,highness,0
12185,highs,0
12186,hight,0
12187,highway,0
12188,highways,0
12189,hijab,0
12190,hijack,0
12191,hijacked,0
12192,hijacker,0
12193,hijackers,0
12194,hijacking,0
12195,hike,0
12196,hiked,0
12197,hiker,0
12198,hikers,0
12199,hikes,0
12200,hiking,0
12201,hilarious,0
12202,hilarity,0
12203,hill,0
12204,hillbilly,0
12205,hillcrest,0
12206,hiller,0
12207,hillier,0
12208,hills,0
12209,hillside,0
12210,hillsides,0
12211,hilltop,0
12212,hilly,0
12213,hilt,0
12214,him,0
12215,himself,0
12216,hin,0
12217,hind,0
12218,hinder,0
12219,hindered,0
12220,hindering,0
12221,hinders,0
12222,hindrance,0
12223,hinds,0
12224,hindsight,0
12225,hing,0
12226,hinge,0
12227,hinged,0
12228,hinges,0
12229,hint,0
12230,hinted,0
12231,hinting,0
12232,hints,0
12233,hip,0
12234,hippie,0
12235,hippies,0
12236,hippo,0
12237,hippos,0
12238,hippy,0
12239,hips,0
12240,hipster,0
12241,hipsters,0
12242,hire,0
12243,hired,0
12244,hires,0
12245,hiring,0
12246,his,0
12247,hiss,0
12248,hissed,0
12249,hissing,0
12250,hist,0
12251,histamine,0
12252,histogram,0
12253,histology,0
12254,histone,0
12255,historian,0
12256,historic,0
12257,histories,0
12258,history,0
12259,hit,0
12260,hitch,0
12261,hitched,0
12262,hitching,0
12263,hither,0
12264,hitherto,0
12265,hitman,0
12266,hits,0
12267,hitter,0
12268,hitters,0
12269,hitting,0
12270,hive,0
12271,hives,0
12272,hiya,0
12273,hoa,0
12274,hoard,0
12275,hoarded,0
12276,hoarder,0
12277,hoarding,0
12278,hoards,0
12279,hoarse,0
12280,hoax,0
12281,hoaxes,0
12282,hob,0
12283,hobbies,0
12284,hobbit,0
12285,hobbits,0
12286,hobbled,0
12287,hobby,0
12288,hobbyist,0
12289,hobbyists,0
12290,hobo,0
12291,hoc,0
12292,hock,0
12293,hockey,0
12294,hocking,0
12295,hocus,0
12296,hod,0
12297,hoe,0
12298,hoes,0
12299,hog,0
12300,hogan,0
12301,hogg,0
12302,hogging,0
12303,hogs,0
12304,hoh,0
12305,hoi,0
12306,hoist,0
12307,hoisted,0
12308,hoisting,0
12309,hoke,0
12310,hokey,0
12311,hold,0
12312,holden,0
12313,holder,0
12314,holders,0
12315,holding,0
12316,holdings,0
12317,holds,0
12318,hole,0
12319,holed,0
12320,holes,0
12321,holiday,0
12322,holidays,0
12323,holier,0
12324,holiest,0
12325,holiness,0
12326,holistic,0
12327,holla,0
12328,holland,0
12329,holler,0
12330,hollering,0
12331,hollow,0
12332,hollowed,0
12333,hollows,0
12334,holly,0
12335,holm,0
12336,holocaust,0
12337,holocene,0
12338,hologram,0
12339,holograms,0
12340,holotype,0
12341,holstein,0
12342,holster,0
12343,holt,0
12344,holy,0
12345,hom,0
12346,homage,0
12347,hombre,0
12348,home,0
12349,homeboy,0
12350,homebrew,0
12351,homegrown,0
12352,homeland,0
12353,homelands,0
12354,homeless,0
12355,homely,0
12356,homemade,0
12357,homemaker,0
12358,homeowner,0
12359,homepage,0
12360,homer,0
12361,homeric,0
12362,homeroom,0
12363,homers,0
12364,homes,0
12365,homesick,0
12366,homestead,0
12367,hometown,0
12368,homeward,0
12369,homework,0
12370,homey,1
12371,homicidal,0
12372,homicide,0
12373,homicides,0
12374,homie,0
12375,homies,0
12376,homily,0
12377,homing,0
12378,homme,0
12379,homo,1
12380,homology,0
12381,homophobe,0
12382,homs,0
12383,hon,0
12384,honda,0
12385,hone,0
12386,honed,0
12387,honest,0
12388,honestly,0
12389,honesty,0
12390,honey,0
12391,honeybee,0
12392,honeybees,0
12393,honeycomb,0
12394,honeymoon,0
12395,hong,0
12396,honing,0
12397,honk,0
12398,honking,0
12399,honky,1
12400,honor,0
12401,honorable,0
12402,honorably,0
12403,honorary,0
12404,honored,0
12405,honorees,0
12406,honoring,0
12407,honors,0
12408,honour,0
12409,honoured,0
12410,honouring,0
12411,honours,0
12412,hons,0
12413,hoo,0
12414,hooch,1
12415,hood,0
12416,hooded,0
12417,hoodie,0
12418,hoodies,0
12419,hoodoo,0
12420,hoods,0
12421,hoof,0
12422,hook,0
12423,hookah,1
12424,hooked,0
12425,hooker,1
12426,hookers,0
12427,hooking,0
12428,hooks,0
12429,hookup,0
12430,hookups,0
12431,hooligan,0
12432,hooligans,0
12433,hoon,0
12434,hoop,0
12435,hooper,0
12436,hoopla,0
12437,hoops,0
12438,hooray,0
12439,hoot,0
12440,hooters,1
12441,hoover,0
12442,hooves,0
12443,hop,0
12444,hope,0
12445,hoped,0
12446,hopeful,0
12447,hopefully,0
12448,hopefuls,0
12449,hopeless,0
12450,hopes,0
12451,hoping,0
12452,hopped,0
12453,hopper,0
12454,hoppers,0
12455,hopping,0
12456,hoppy,0
12457,hops,0
12458,hora,0
12459,horde,0
12460,hordes,0
12461,horizon,0
12462,horizons,0
12463,hormonal,0
12464,hormone,0
12465,hormones,0
12466,horn,0
12467,horned,0
12468,horner,0
12469,hornet,0
12470,hornets,0
12471,horns,0
12472,horny,1
12473,horoscope,0
12474,horrible,0
12475,horribly,0
12476,horrid,0
12477,horrific,0
12478,horrified,0
12479,horror,0
12480,horrors,0
12481,hors,0
12482,horse,0
12483,horseback,0
12484,horseman,0
12485,horsemen,0
12486,horses,0
12487,horseshit,0
12488,horseshoe,0
12489,horst,0
12490,hos,0
12491,hose,0
12492,hosed,0
12493,hoses,0
12494,hosiery,0
12495,hospice,0
12496,hospital,0
12497,hospitals,0
12498,hoss,0
12499,host,0
12500,hostage,0
12501,hostages,0
12502,hosted,0
12503,hostel,0
12504,hostels,0
12505,hostess,0
12506,hostile,0
12507,hostility,0
12508,hosting,0
12509,hosts,0
12510,hot,0
12511,hotbed,0
12512,hotdog,0
12513,hotdogs,0
12514,hotel,0
12515,hotels,0
12516,hotline,0
12517,hotly,0
12518,hotness,0
12519,hots,0
12520,hotshot,0
12521,hotspot,0
12522,hotspots,0
12523,hotspur,0
12524,hotter,0
12525,hottest,0
12526,hottie,0
12527,hotties,0
12528,hough,0
12529,hound,0
12530,hounded,0
12531,hounding,0
12532,hounds,0
12533,hour,0
12534,hourglass,0
12535,hourly,0
12536,hours,0
12537,house,0
12538,houseboat,0
12539,housed,0
12540,household,0
12541,housemaid,0
12542,housemate,0
12543,houses,0
12544,housewife,0
12545,housework,0
12546,housing,0
12547,hove,0
12548,hover,0
12549,hovered,0
12550,hovering,0
12551,hovers,0
12552,how,0
12553,howdy,0
12554,howe,0
12555,howes,0
12556,however,0
12557,howl,0
12558,howler,0
12559,howling,0
12560,howls,0
12561,hows,0
12562,hoy,0
12563,hoya,0
12564,hoyle,0
12565,hub,0
12566,hubbub,0
12567,hubby,0
12568,hubris,0
12569,hubs,0
12570,huck,0
12571,huddle,0
12572,huddled,0
12573,hue,0
12574,hued,0
12575,hues,0
12576,huff,0
12577,huffing,0
12578,hug,0
12579,huge,0
12580,hugely,0
12581,hugged,0
12582,hugging,0
12583,hugs,0
12584,huh,0
12585,hui,0
12586,hula,0
12587,hulk,0
12588,hulking,0
12589,hull,0
12590,hulls,0
12591,hum,0
12592,huma,0
12593,human,0
12594,humane,0
12595,humanely,0
12596,humanism,0
12597,humanist,0
12598,humanists,0
12599,humanity,0
12600,humankind,0
12601,humanly,0
12602,humanoid,0
12603,humanoids,0
12604,humans,0
12605,humble,0
12606,humbled,0
12607,humbling,0
12608,humbly,0
12609,humbug,0
12610,humerus,0
12611,humid,0
12612,humidity,0
12613,humiliate,0
12614,humility,0
12615,hummel,0
12616,hummels,0
12617,hummer,0
12618,humming,0
12619,hummus,0
12620,humongous,0
12621,humor,0
12622,humorous,0
12623,humour,0
12624,hump,1
12625,humpback,0
12626,humping,1
12627,humps,0
12628,humpty,0
12629,hun,0
12630,hunch,0
12631,hunchback,0
12632,hunched,0
12633,hundred,0
12634,hundreds,0
12635,hundredth,0
12636,hung,0
12637,hunger,0
12638,hungover,0
12639,hungry,0
12640,hunk,0
12641,hunks,0
12642,hunky,0
12643,huns,0
12644,hunt,0
12645,hunted,0
12646,hunter,0
12647,hunters,0
12648,hunting,0
12649,huntress,0
12650,hunts,0
12651,huntsman,0
12652,hurdle,0
12653,hurdles,0
12654,hurl,0
12655,hurled,0
12656,hurley,0
12657,hurling,0
12658,hurrah,0
12659,hurray,0
12660,hurricane,0
12661,hurried,0
12662,hurriedly,0
12663,hurry,0
12664,hurrying,0
12665,hurst,0
12666,hurt,0
12667,hurtful,0
12668,hurting,0
12669,hurtling,0
12670,hurts,0
12671,husband,0
12672,husbandry,0
12673,husbands,0
12674,hush,0
12675,hushed,0
12676,husk,0
12677,huskies,0
12678,husks,0
12679,husky,0
12680,hustle,0
12681,hustled,0
12682,hustler,0
12683,hustlers,0
12684,hustling,0
12685,hut,0
12686,hutch,0
12687,huts,0
12688,hwan,0
12689,hyacinth,0
12690,hybrid,0
12691,hybrids,0
12692,hydra,0
12693,hydrant,0
12694,hydrate,0
12695,hydrated,0
12696,hydrating,0
12697,hydration,0
12698,hydraulic,0
12699,hydride,0
12700,hydro,0
12701,hydrogen,0
12702,hydrology,0
12703,hydroxide,0
12704,hydroxy,0
12705,hydroxyl,0
12706,hye,0
12707,hyena,0
12708,hyenas,0
12709,hygiene,0
12710,hygienic,0
12711,hygienist,0
12712,hymen,1
12713,hymn,0
12714,hymns,0
12715,hype,0
12716,hyped,0
12717,hyper,0
12718,hyperbole,0
12719,hypertext,0
12720,hyphen,0
12721,hyping,0
12722,hypnosis,0
12723,hypnotic,0
12724,hypnotist,0
12725,hypnotize,0
12726,hypo,0
12727,hypocrisy,0
12728,hypocrite,0
12729,hypoxia,0
12730,hysteria,0
12731,hysterics,0
12732,ibis,0
12733,ibuprofen,0
12734,ice,0
12735,iceberg,0
12736,icebergs,0
12737,iced,0
12738,iceman,0
12739,ices,0
12740,ich,0
12741,icing,0
12742,ick,0
12743,icky,0
12744,icon,0
12745,iconic,0
12746,icons,0
12747,icy,0
12748,ide,0
12749,idea,0
12750,ideal,0
12751,idealism,0
12752,idealist,0
12753,idealized,0
12754,ideally,0
12755,ideals,0
12756,ideas,0
12757,ideation,0
12758,identical,0
12759,identify,0
12760,identity,0
12761,ideology,0
12762,ides,0
12763,idiocy,0
12764,idiom,0
12765,idioms,0
12766,idiot,0
12767,idiotic,0
12768,idiots,0
12769,idle,0
12770,idling,0
12771,idly,0
12772,idol,0
12773,idolatry,0
12774,idolized,0
12775,idols,0
12776,ids,0
12777,idyllic,0
12778,iff,0
12779,iffy,0
12780,ifs,0
12781,igg,0
12782,igloo,0
12783,igneous,0
12784,ignite,0
12785,ignited,0
12786,ignites,0
12787,igniting,0
12788,ignition,0
12789,ignorance,0
12790,ignorant,0
12791,ignore,0
12792,ignored,0
12793,ignores,0
12794,ignoring,0
12795,iguana,0
12796,iliad,0
12797,ilk,0
12798,ill,0
12799,illawarra,0
12800,illegal,0
12801,illegally,0
12802,illegals,0
12803,illegible,0
12804,illicit,0
12805,illness,0
12806,illnesses,0
12807,illogical,0
12808,ills,0
12809,illusion,0
12810,illusions,0
12811,illusory,0
12812,image,0
12813,imaged,0
12814,imagery,0
12815,images,0
12816,imaginary,0
12817,imagine,0
12818,imagined,0
12819,imagines,0
12820,imaging,0
12821,imagining,0
12822,imam,0
12823,imams,0
12824,imbalance,0
12825,imbecile,0
12826,imbeciles,0
12827,imbued,0
12828,imitate,0
12829,imitated,0
12830,imitates,0
12831,imitating,0
12832,imitation,0
12833,imitators,0
12834,immature,0
12835,immediacy,0
12836,immediate,0
12837,immense,0
12838,immensely,0
12839,immerse,0
12840,immersed,0
12841,immersing,0
12842,immersion,0
12843,immersive,0
12844,immigrant,0
12845,immigrate,0
12846,imminent,0
12847,immobile,0
12848,immoral,0
12849,immortal,0
12850,immortals,0
12851,immovable,0
12852,immune,0
12853,immunity,0
12854,immutable,0
12855,imp,0
12856,impact,0
12857,impacted,0
12858,impactful,0
12859,impacting,0
12860,impacts,0
12861,impair,0
12862,impaired,0
12863,impairs,0
12864,impala,0
12865,impaled,0
12866,impart,0
12867,imparted,0
12868,impartial,0
12869,imparting,0
12870,imparts,0
12871,impasse,0
12872,impatient,0
12873,impeach,0
12874,impeached,0
12875,impedance,0
12876,impede,0
12877,impeded,0
12878,impeding,0
12879,impending,0
12880,imperfect,0
12881,imperial,0
12882,imperious,0
12883,imperium,0
12884,impetuous,0
12885,impetus,0
12886,implant,0
12887,implanted,0
12888,implants,0
12889,implement,0
12890,implicate,0
12891,implicit,0
12892,implied,0
12893,implies,0
12894,implode,0
12895,imploded,0
12896,imploding,0
12897,implore,0
12898,implored,0
12899,imploring,0
12900,implosion,0
12901,imply,0
12902,implying,0
12903,impolite,0
12904,import,0
12905,important,0
12906,imported,0
12907,importer,0
12908,importers,0
12909,importing,0
12910,imports,0
12911,impose,0
12912,imposed,0
12913,imposes,0
12914,imposing,0
12915,imposter,0
12916,impostor,0
12917,impotence,0
12918,impotent,0
12919,impounded,0
12920,imprecise,0
12921,impress,0
12922,impressed,0
12923,impresses,0
12924,imprint,0
12925,imprinted,0
12926,imprints,0
12927,imprison,0
12928,impromptu,0
12929,improper,0
12930,improv,0
12931,improve,0
12932,improved,0
12933,improves,0
12934,improving,0
12935,improvise,0
12936,imps,0
12937,impulse,0
12938,impulses,0
12939,impulsive,0
12940,impunity,0
12941,impure,0
12942,impurity,0
12943,inability,0
12944,inaction,0
12945,inactive,0
12946,inane,0
12947,inanimate,0
12948,inasmuch,0
12949,inaudible,0
12950,inaugural,0
12951,inbound,0
12952,inbox,0
12953,inbred,1
12954,incapable,0
12955,incarnate,0
12956,incase,0
12957,incense,0
12958,incensed,0
12959,incentive,0
12960,inception,0
12961,incessant,0
12962,incest,1
12963,inch,0
12964,inches,0
12965,inching,0
12966,incidence,0
12967,incident,0
12968,incidents,0
12969,incipient,0
12970,incised,0
12971,incision,0
12972,incisions,0
12973,incisive,0
12974,incisors,0
12975,incite,0
12976,incited,0
12977,incites,0
12978,inciting,0
12979,inclement,0
12980,incline,0
12981,inclined,0
12982,include,0
12983,included,0
12984,includes,0
12985,including,0
12986,inclusion,0
12987,inclusive,0
12988,incognito,0
12989,income,0
12990,incomes,0
12991,incoming,0
12992,incorrect,0
12993,increase,0
12994,increased,0
12995,increases,0
12996,increment,0
12997,incubated,0
12998,incubator,0
12999,incubus,0
13000,incumbent,0
13001,incur,0
13002,incurable,0
13003,incurred,0
13004,incurring,0
13005,incurs,0
13006,incursion,0
13007,indebted,0
13008,indecency,0
13009,indecent,0
13010,indeed,0
13011,indelible,0
13012,indemnify,0
13013,indemnity,0
13014,indented,0
13015,indenture,0
13016,index,0
13017,indexed,0
13018,indexes,0
13019,indexing,0
13020,india,0
13021,indicate,0
13022,indicated,0
13023,indicates,0
13024,indicator,0
13025,indices,0
13026,indict,0
13027,indicted,0
13028,indie,0
13029,indies,0
13030,indigent,0
13031,indignant,0
13032,indignity,0
13033,indigo,0
13034,indirect,0
13035,indoor,0
13036,indoors,0
13037,induce,0
13038,induced,0
13039,induces,0
13040,inducing,0
13041,inducted,0
13042,inductees,0
13043,induction,0
13044,inductive,0
13045,indulge,0
13046,indulged,0
13047,indulgent,0
13048,indulging,0
13049,industry,0
13050,inedible,0
13051,inept,0
13052,inequity,0
13053,inert,0
13054,inertia,0
13055,inertial,0
13056,infamous,0
13057,infamy,0
13058,infancy,0
13059,infant,0
13060,infantile,0
13061,infantry,0
13062,infants,0
13063,infect,0
13064,infected,0
13065,infecting,0
13066,infection,0
13067,infects,0
13068,infer,0
13069,inference,0
13070,inferior,0
13071,infernal,0
13072,inferno,0
13073,inferred,0
13074,inferring,0
13075,infertile,0
13076,infest,0
13077,infested,0
13078,infidel,0
13079,infidels,0
13080,infield,0
13081,infielder,0
13082,infill,0
13083,infinite,0
13084,infinity,0
13085,infirm,0
13086,infirmary,0
13087,inflame,0
13088,inflamed,0
13089,inflate,0
13090,inflated,0
13091,inflating,0
13092,inflation,0
13093,inflected,0
13094,inflict,0
13095,inflicted,0
13096,inflicts,0
13097,inflow,0
13098,inflows,0
13099,influence,0
13100,influenza,0
13101,influx,0
13102,info,0
13103,inform,0
13104,informal,0
13105,informant,0
13106,informed,0
13107,informer,0
13108,informers,0
13109,informing,0
13110,informs,0
13111,infos,0
13112,infra,0
13113,infrared,0
13114,infringe,0
13115,infringed,0
13116,infringes,0
13117,infuse,0
13118,infused,0
13119,infusing,0
13120,infusion,0
13121,infusions,0
13122,ing,0
13123,ingenious,0
13124,ingenuity,0
13125,ingest,0
13126,ingested,0
13127,ingesting,0
13128,ingestion,0
13129,ingles,0
13130,ingots,0
13131,ingrained,0
13132,ingram,0
13133,ingress,0
13134,ings,0
13135,inhabit,0
13136,inhabited,0
13137,inhabits,0
13138,inhale,0
13139,inhaled,0
13140,inhaler,0
13141,inhales,0
13142,inhaling,0
13143,inherent,0
13144,inherit,0
13145,inherited,0
13146,inherits,0
13147,inhibit,0
13148,inhibited,0
13149,inhibitor,0
13150,inhibits,0
13151,inhuman,0
13152,inhumane,0
13153,iniquity,0
13154,initial,0
13155,initially,0
13156,initials,0
13157,initiate,0
13158,initiated,0
13159,initiates,0
13160,initiator,0
13161,inject,0
13162,injected,0
13163,injecting,0
13164,injection,0
13165,injector,0
13166,injectors,0
13167,injects,0
13168,injure,0
13169,injured,0
13170,injures,0
13171,injuries,0
13172,injuring,0
13173,injurious,0
13174,injury,0
13175,injustice,0
13176,ink,0
13177,inked,0
13178,inking,0
13179,inkjet,0
13180,inkling,0
13181,inks,0
13182,inky,0
13183,inlaid,0
13184,inland,0
13185,inlay,0
13186,inlet,0
13187,inlets,0
13188,inmate,0
13189,inmates,0
13190,inn,0
13191,innards,0
13192,innate,0
13193,inner,0
13194,innermost,0
13195,inning,0
13196,innings,0
13197,innit,0
13198,innkeeper,0
13199,innocence,0
13200,innocent,0
13201,innocents,0
13202,innocuous,0
13203,innovate,0
13204,innovator,0
13205,inns,0
13206,innuendo,0
13207,inorganic,0
13208,inpatient,0
13209,input,0
13210,inputs,0
13211,inquest,0
13212,inquire,0
13213,inquired,0
13214,inquirer,0
13215,inquires,0
13216,inquiries,0
13217,inquiring,0
13218,inquiry,0
13219,inroads,0
13220,ins,0
13221,insane,0
13222,insanely,0
13223,insanity,0
13224,inscribed,0
13225,insect,0
13226,insects,0
13227,insecure,0
13228,insert,0
13229,inserted,0
13230,inserting,0
13231,insertion,0
13232,inserts,0
13233,inset,0
13234,inshore,0
13235,inside,0
13236,insider,0
13237,insiders,0
13238,insides,0
13239,insidious,0
13240,insight,0
13241,insights,0
13242,insignia,0
13243,insincere,0
13244,insinuate,0
13245,insipid,0
13246,insist,0
13247,insisted,0
13248,insistent,0
13249,insisting,0
13250,insists,0
13251,insofar,0
13252,insolence,0
13253,insolent,0
13254,insoluble,0
13255,insolvent,0
13256,insomnia,0
13257,insomniac,0
13258,inspect,0
13259,inspected,0
13260,inspector,0
13261,inspects,0
13262,inspire,0
13263,inspired,0
13264,inspires,0
13265,inspiring,0
13266,install,0
13267,installed,0
13268,installer,0
13269,installs,0
13270,instance,0
13271,instances,0
13272,instant,0
13273,instantly,0
13274,instead,0
13275,instigate,0
13276,instill,0
13277,instilled,0
13278,instinct,0
13279,instincts,0
13280,institute,0
13281,instruct,0
13282,instructs,0
13283,insular,0
13284,insulate,0
13285,insulated,0
13286,insulator,0
13287,insulin,0
13288,insult,0
13289,insulted,0
13290,insulting,0
13291,insults,0
13292,insurance,0
13293,insure,0
13294,insured,0
13295,insurer,0
13296,insurers,0
13297,insures,0
13298,insurgent,0
13299,insuring,0
13300,intact,0
13301,intake,0
13302,intakes,0
13303,integer,0
13304,integers,0
13305,integral,0
13306,integrals,0
13307,integrate,0
13308,integrity,0
13309,intel,0
13310,intellect,0
13311,intend,0
13312,intended,0
13313,intending,0
13314,intends,0
13315,intense,0
13316,intensely,0
13317,intensify,0
13318,intensity,0
13319,intensive,0
13320,intent,0
13321,intention,0
13322,intently,0
13323,intents,0
13324,inter,0
13325,interact,0
13326,interacts,0
13327,interbank,0
13328,intercede,0
13329,intercept,0
13330,intercity,0
13331,intercom,0
13332,interest,0
13333,interests,0
13334,interface,0
13335,interfere,0
13336,interim,0
13337,interior,0
13338,interiors,0
13339,interlock,0
13340,interlude,0
13341,interment,0
13342,intern,0
13343,internal,0
13344,internals,0
13345,interned,0
13346,internet,0
13347,interns,0
13348,interplay,0
13349,interpret,0
13350,interred,0
13351,interrupt,0
13352,intersect,0
13353,intersex,0
13354,interval,0
13355,intervals,0
13356,intervene,0
13357,interview,0
13358,intestine,0
13359,intifada,0
13360,intimacy,0
13361,intimate,0
13362,intimated,0
13363,into,0
13364,intra,0
13365,intraday,0
13366,intranet,0
13367,intrepid,0
13368,intricate,0
13369,intrigue,0
13370,intrigued,0
13371,intrigues,0
13372,intrinsic,0
13373,intro,0
13374,introduce,0
13375,intros,0
13376,introvert,0
13377,intrude,0
13378,intruder,0
13379,intruders,0
13380,intruding,0
13381,intrusion,0
13382,intrusive,0
13383,intuition,0
13384,intuitive,0
13385,inundated,0
13386,invade,0
13387,invaded,0
13388,invader,0
13389,invaders,0
13390,invades,0
13391,invading,0
13392,invalid,0
13393,invariant,0
13394,invasion,0
13395,invasions,0
13396,invasive,0
13397,invent,0
13398,invented,0
13399,inventing,0
13400,invention,0
13401,inventive,0
13402,inventor,0
13403,inventors,0
13404,inventory,0
13405,invents,0
13406,inverness,0
13407,inverse,0
13408,inversely,0
13409,inversion,0
13410,invert,0
13411,inverted,0
13412,inverter,0
13413,inverting,0
13414,invest,0
13415,invested,0
13416,investing,0
13417,investor,0
13418,investors,0
13419,invests,0
13420,invisible,0
13421,invite,0
13422,invited,0
13423,invites,0
13424,inviting,0
13425,invoice,0
13426,invoices,0
13427,invoke,0
13428,invoked,0
13429,invokes,0
13430,invoking,0
13431,involve,0
13432,involved,0
13433,involves,0
13434,involving,0
13435,inward,0
13436,inwardly,0
13437,inwards,0
13438,iodide,0
13439,iodine,0
13440,ion,0
13441,ionic,0
13442,ionized,0
13443,ionizing,0
13444,ions,0
13445,ios,0
13446,iota,0
13447,irate,0
13448,ire,0
13449,iridium,0
13450,iris,0
13451,irises,0
13452,irked,0
13453,irks,0
13454,iron,0
13455,ironclad,0
13456,ironed,0
13457,ironic,0
13458,ironing,0
13459,ironman,0
13460,irons,0
13461,irony,0
13462,irregular,0
13463,irrigate,0
13464,irrigated,0
13465,irritable,0
13466,irritant,0
13467,irritate,0
13468,irritated,0
13469,irritates,0
13470,isabel,0
13471,isabella,0
13472,ischemia,0
13473,ischemic,0
13474,ish,0
13475,island,0
13476,islander,0
13477,islanders,0
13478,islands,0
13479,isle,0
13480,isles,0
13481,islet,0
13482,islets,0
13483,ism,0
13484,iso,0
13485,isolate,0
13486,isolated,0
13487,isolates,0
13488,isolating,0
13489,isolation,0
13490,isometric,0
13491,isotope,0
13492,isotopes,0
13493,isotopic,0
13494,isotropic,0
13495,issuance,0
13496,issue,0
13497,issued,0
13498,issuer,0
13499,issuers,0
13500,issues,0
13501,issuing,0
13502,isthmus,0
13503,ita,0
13504,italic,0
13505,italics,0
13506,itch,0
13507,itches,0
13508,itching,0
13509,itchy,0
13510,item,0
13511,itemized,0
13512,items,0
13513,iterate,0
13514,iteration,0
13515,iterative,0
13516,itinerant,0
13517,itinerary,0
13518,its,0
13519,itself,0
13520,ivory,0
13521,ivy,0
13522,jab,0
13523,jabs,0
13524,jack,0
13525,jackal,0
13526,jackals,0
13527,jackass,1
13528,jacked,0
13529,jacket,0
13530,jackets,0
13531,jacking,0
13532,jackman,0
13533,jackpot,0
13534,jacks,0
13535,jacky,0
13536,jacquard,0
13537,jacuzzi,0
13538,jade,0
13539,jaded,0
13540,jaeger,0
13541,jaffa,0
13542,jag,0
13543,jager,0
13544,jagged,0
13545,jagger,0
13546,jags,0
13547,jaguar,0
13548,jaguars,0
13549,jai,0
13550,jail,0
13551,jailbreak,0
13552,jailed,0
13553,jailer,0
13554,jailhouse,0
13555,jailing,0
13556,jails,0
13557,jak,0
13558,jake,0
13559,jakes,0
13560,jalapeno,0
13561,jam,0
13562,jamaat,0
13563,jamboree,0
13564,james,0
13565,jammed,0
13566,jammer,0
13567,jamming,0
13568,jams,0
13569,jane,0
13570,janes,0
13571,janitor,0
13572,janitors,0
13573,jap,1
13574,japan,0
13575,jar,0
13576,jargon,0
13577,jarred,0
13578,jarring,0
13579,jars,0
13580,jasmin,0
13581,jasmine,0
13582,jasper,0
13583,jaundice,0
13584,jaunt,0
13585,jaunty,0
13586,java,0
13587,javelin,0
13588,jaw,0
13589,jawbone,0
13590,jawed,0
13591,jawline,0
13592,jaws,0
13593,jay,0
13594,jays,0
13595,jazz,0
13596,jazzy,0
13597,jealous,0
13598,jealously,0
13599,jealousy,0
13600,jean,0
13601,jeanette,0
13602,jeans,0
13603,jedi,0
13604,jee,0
13605,jeep,0
13606,jeeps,0
13607,jeez,0
13608,jeff,0
13609,jell,0
13610,jellies,0
13611,jello,0
13612,jelly,0
13613,jellyfish,0
13614,jemima,0
13615,jenny,0
13616,jeon,0
13617,jeopardy,0
13618,jerk,1
13619,jerked,1
13620,jerking,0
13621,jerks,0
13622,jerky,0
13623,jerry,0
13624,jersey,0
13625,jerseys,0
13626,jess,0
13627,jesse,0
13628,jessie,0
13629,jest,0
13630,jester,0
13631,jesuit,0
13632,jesuits,0
13633,jesus,0
13634,jet,0
13635,jets,0
13636,jettison,0
13637,jetty,0
13638,jew,0
13639,jewel,0
13640,jeweler,0
13641,jewelers,0
13642,jeweller,0
13643,jewellers,0
13644,jewellery,0
13645,jewelry,0
13646,jewels,0
13647,jews,0
13648,jezebel,0
13649,jib,0
13650,jiffy,0
13651,jig,0
13652,jiggle,0
13653,jigs,0
13654,jigsaw,0
13655,jihad,0
13656,jihadi,0
13657,jihadis,0
13658,jihadist,0
13659,jihadists,0
13660,jill,0
13661,jilted,0
13662,jimmie,0
13663,jimmy,0
13664,jin,0
13665,jingle,0
13666,jingles,0
13667,jinn,0
13668,jinx,0
13669,jitters,0
13670,jittery,0
13671,jive,0
13672,jizz,1
13673,joanna,0
13674,job,0
13675,jobless,0
13676,jobs,0
13677,jock,0
13678,jockey,0
13679,jockeys,0
13680,jocks,0
13681,jodhpur,0
13682,joe,0
13683,joes,0
13684,joey,0
13685,jog,0
13686,jogged,0
13687,jogger,0
13688,joggers,0
13689,jogging,0
13690,johannes,0
13691,john,0
13692,johnnie,0
13693,johnny,0
13694,johns,0
13695,johnson,0
13696,johnsons,0
13697,join,0
13698,joined,0
13699,joiner,0
13700,joinery,0
13701,joining,0
13702,joins,0
13703,joint,0
13704,jointed,0
13705,jointly,0
13706,joints,0
13707,joists,0
13708,joke,0
13709,joked,0
13710,joker,0
13711,jokers,0
13712,jokes,0
13713,joking,0
13714,jokingly,0
13715,jolly,0
13716,jolt,0
13717,jones,0
13718,jong,0
13719,jor,0
13720,jordan,0
13721,jordans,0
13722,joseph,0
13723,josh,0
13724,joss,0
13725,jot,0
13726,jour,0
13727,journal,0
13728,journals,0
13729,journey,0
13730,journeyed,0
13731,journeys,0
13732,jousting,0
13733,jovial,0
13734,joy,0
13735,joyful,0
13736,joyfully,0
13737,joyous,0
13738,joyride,0
13739,joys,0
13740,joystick,0
13741,juba,0
13742,jubilant,0
13743,jubilee,0
13744,jud,0
13745,judas,0
13746,judge,0
13747,judged,0
13748,judgement,0
13749,judges,0
13750,judging,0
13751,judgment,0
13752,judgments,0
13753,judicial,0
13754,judiciary,0
13755,judicious,0
13756,judo,0
13757,judy,0
13758,jug,0
13759,juggle,0
13760,juggler,0
13761,juggling,0
13762,jughead,0
13763,jugs,0
13764,jugular,0
13765,juice,0
13766,juiced,0
13767,juicer,0
13768,juices,0
13769,juicing,0
13770,juicy,0
13771,juju,0
13772,juke,0
13773,jukebox,0
13774,juliet,0
13775,jumble,0
13776,jumbled,0
13777,jumbo,0
13778,jump,0
13779,jumped,0
13780,jumper,0
13781,jumpers,0
13782,jumping,0
13783,jumps,0
13784,jumpsuit,0
13785,jumpy,0
13786,jun,0
13787,junction,0
13788,junctions,0
13789,juncture,0
13790,jungle,0
13791,jungles,0
13792,junior,0
13793,juniors,0
13794,juniper,0
13795,junk,0
13796,junkie,1
13797,junkies,0
13798,junkyard,0
13799,junta,0
13800,jura,0
13801,jurassic,0
13802,jure,0
13803,juries,0
13804,jurist,0
13805,jurists,0
13806,juror,0
13807,jurors,0
13808,jury,0
13809,jus,0
13810,just,0
13811,justice,0
13812,justices,0
13813,justified,0
13814,justifies,0
13815,justify,0
13816,justly,0
13817,jut,0
13818,jute,0
13819,jutting,0
13820,juve,0
13821,juvenile,0
13822,juveniles,0
13823,kabbalah,0
13824,kabuki,0
13825,kai,0
13826,kain,0
13827,kaiser,0
13828,kaka,0
13829,kale,0
13830,kali,0
13831,kam,0
13832,kama,0
13833,kamala,0
13834,kami,0
13835,kamikaze,0
13836,kana,0
13837,kandy,0
13838,kane,0
13839,kang,0
13840,kangaroo,0
13841,kangaroos,0
13842,kanji,0
13843,kant,0
13844,kappa,0
13845,kara,0
13846,karaoke,0
13847,karat,0
13848,karate,0
13849,karma,0
13850,karmic,0
13851,karo,0
13852,karst,0
13853,kart,0
13854,karting,0
13855,karts,0
13856,kashmir,0
13857,kat,0
13858,kata,0
13859,katana,0
13860,kay,0
13861,kayak,0
13862,kayaking,0
13863,kayaks,0
13864,kea,0
13865,kebab,0
13866,kebabs,0
13867,keck,0
13868,keel,0
13869,keeled,0
13870,keeler,0
13871,keen,0
13872,keener,0
13873,keenly,0
13874,keep,0
13875,keeper,0
13876,keepers,0
13877,keeping,0
13878,keeps,0
13879,keepsake,0
13880,keg,0
13881,kegs,0
13882,keir,0
13883,kell,0
13884,kelly,0
13885,kelp,0
13886,kelvin,0
13887,kemp,0
13888,kemper,0
13889,ken,0
13890,kennel,0
13891,kennels,0
13892,kenner,0
13893,kennett,0
13894,kent,0
13895,kept,0
13896,keratin,0
13897,kerb,0
13898,kern,0
13899,kernel,0
13900,kernels,0
13901,kerosene,0
13902,kerry,0
13903,ket,0
13904,ketamine,0
13905,ketchup,0
13906,keto,0
13907,ketone,0
13908,ketones,0
13909,kettle,0
13910,kettles,0
13911,key,0
13912,keyboard,0
13913,keyboards,0
13914,keyed,0
13915,keyhole,0
13916,keying,0
13917,keynote,0
13918,keypad,0
13919,keys,0
13920,keystone,0
13921,keyword,0
13922,keywords,0
13923,khaki,0
13924,khakis,0
13925,khalifa,0
13926,khan,0
13927,khans,0
13928,kibbutz,0
13929,kick,0
13930,kickback,0
13931,kickbacks,0
13932,kicked,0
13933,kicker,0
13934,kickers,0
13935,kicking,0
13936,kickoff,0
13937,kicks,0
13938,kickstart,0
13939,kid,0
13940,kidder,0
13941,kiddie,0
13942,kiddies,0
13943,kidding,0
13944,kiddo,0
13945,kiddos,0
13946,kidnap,0
13947,kidnapped,0
13948,kidnapper,0
13949,kidnaps,0
13950,kidney,0
13951,kidneys,0
13952,kids,0
13953,kiev,0
13954,kill,1
13955,killed,0
13956,killer,0
13957,killers,0
13958,killing,0
13959,killings,0
13960,kills,0
13961,kiln,0
13962,kilns,0
13963,kilo,0
13964,kilogram,0
13965,kilograms,0
13966,kilometer,0
13967,kilometre,0
13968,kilos,0
13969,kilowatt,0
13970,kilt,0
13971,kimchi,0
13972,kimono,0
13973,kin,0
13974,kinase,0
13975,kinases,0
13976,kind,0
13977,kinda,0
13978,kinder,0
13979,kindest,0
13980,kindle,0
13981,kindling,0
13982,kindly,0
13983,kindness,0
13984,kindred,0
13985,kinds,0
13986,kinetic,0
13987,kinetics,0
13988,king,0
13989,kingdom,0
13990,kingdoms,0
13991,kingpin,0
13992,kings,0
13993,kingship,0
13994,kink,0
13995,kinks,0
13996,kinky,1
13997,kino,0
13998,kinship,0
13999,kinsman,0
14000,kiosk,0
14001,kiosks,0
14002,kip,0
14003,kirby,0
14004,kirk,0
14005,kirkman,0
14006,kiss,0
14007,kissed,0
14008,kisser,0
14009,kisses,0
14010,kissing,0
14011,kit,0
14012,kitchen,0
14013,kitchener,0
14014,kitchens,0
14015,kite,0
14016,kites,0
14017,kits,0
14018,kitsch,0
14019,kitten,0
14020,kittens,0
14021,kitties,0
14022,kitty,0
14023,kiwi,0
14024,kiwis,0
14025,kleenex,0
14026,klondike,0
14027,knack,0
14028,knackered,0
14029,knave,0
14030,knead,0
14031,knee,0
14032,kneecap,0
14033,kneel,0
14034,kneeling,0
14035,kneels,0
14036,knees,0
14037,knell,0
14038,knelt,0
14039,knesset,0
14040,knew,0
14041,knickers,0
14042,knicks,0
14043,knife,0
14044,knight,0
14045,knighted,0
14046,knights,0
14047,knit,0
14048,knits,0
14049,knitted,0
14050,knitting,0
14051,knitwear,0
14052,knives,0
14053,knob,1
14054,knobs,0
14055,knock,0
14056,knockdown,0
14057,knocked,0
14058,knocking,0
14059,knockout,0
14060,knockouts,0
14061,knocks,0
14062,knoll,0
14063,knot,0
14064,knots,0
14065,knotted,0
14066,knotty,0
14067,know,0
14068,knowing,0
14069,knowingly,0
14070,knowledge,0
14071,known,0
14072,knows,0
14073,knuckle,0
14074,knuckles,0
14075,knut,0
14076,koala,0
14077,koalas,0
14078,kobo,0
14079,kohl,0
14080,koi,0
14081,koji,0
14082,kola,0
14083,kon,0
14084,kondo,0
14085,kook,0
14086,kooky,0
14087,kop,0
14088,kor,0
14089,kors,0
14090,kos,0
14091,kosher,0
14092,kraft,0
14093,kraken,0
14094,kremlin,0
14095,krill,0
14096,kris,0
14097,kroner,0
14098,krypton,0
14099,kudos,0
14100,kundalini,0
14101,kyle,0
14102,kylie,0
14103,kyrie,0
14104,kyu,0
14105,lab,0
14106,label,0
14107,labeled,0
14108,labeling,0
14109,labelled,0
14110,labelling,0
14111,labels,0
14112,labia,1
14113,labor,0
14114,labored,0
14115,laborer,0
14116,laborers,0
14117,laboring,0
14118,laborious,0
14119,labors,0
14120,labour,0
14121,laboured,0
14122,labourer,0
14123,labourers,0
14124,labouring,0
14125,labours,0
14126,labrador,0
14127,labs,0
14128,labyrinth,0
14129,lac,0
14130,lace,0
14131,laced,0
14132,laces,0
14133,lacey,0
14134,lacing,0
14135,lack,0
14136,lacked,0
14137,lackey,0
14138,lacking,0
14139,lacks,0
14140,lacquer,0
14141,lacrosse,0
14142,lacs,0
14143,lactate,0
14144,lactating,0
14145,lactation,0
14146,lactic,0
14147,lactose,0
14148,lacy,0
14149,lad,0
14150,ladder,0
14151,ladders,0
14152,laden,0
14153,ladies,0
14154,ladle,0
14155,lads,0
14156,lady,0
14157,ladybird,0
14158,ladybug,0
14159,ladyship,0
14160,lag,0
14161,lager,0
14162,lagged,0
14163,lagging,0
14164,lagoon,0
14165,lagoons,0
14166,lags,0
14167,laguna,0
14168,lah,0
14169,laid,0
14170,lain,0
14171,lair,0
14172,laird,0
14173,laity,0
14174,lake,0
14175,lakefront,0
14176,lakeland,0
14177,laker,0
14178,lakers,0
14179,lakes,0
14180,lakeshore,0
14181,lakeside,0
14182,lakh,0
14183,lakhs,0
14184,lam,0
14185,lama,0
14186,lamas,0
14187,lamb,0
14188,lambda,0
14189,lambert,0
14190,lambs,0
14191,lame,0
14192,lament,0
14193,lamented,0
14194,lamenting,0
14195,laments,0
14196,laminar,0
14197,laminate,0
14198,laminated,0
14199,lamp,0
14200,lamps,0
14201,lana,0
14202,lance,0
14203,lancer,0
14204,lancers,0
14205,lances,0
14206,lancet,0
14207,land,0
14208,landau,0
14209,landed,0
14210,lander,0
14211,landers,0
14212,landfall,0
14213,landfill,0
14214,landfills,0
14215,landing,0
14216,landings,0
14217,landlady,0
14218,landless,0
14219,landline,0
14220,landlines,0
14221,landlord,0
14222,landlords,0
14223,landmark,0
14224,landmarks,0
14225,landmass,0
14226,landmines,0
14227,landowner,0
14228,lands,0
14229,landscape,0
14230,landslide,0
14231,lane,0
14232,lanes,0
14233,lang,0
14234,langer,0
14235,langley,0
14236,language,0
14237,languages,0
14238,languid,0
14239,languish,0
14240,lanky,0
14241,lantern,0
14242,lanterns,0
14243,lanyard,0
14244,lap,0
14245,lapel,0
14246,lapis,0
14247,lapped,0
14248,lapping,0
14249,laps,0
14250,lapse,0
14251,lapsed,0
14252,lapses,0
14253,laptop,0
14254,laptops,0
14255,lar,0
14256,larceny,0
14257,larch,0
14258,lard,0
14259,larder,0
14260,large,0
14261,largely,0
14262,larger,0
14263,largest,0
14264,largo,0
14265,lark,0
14266,lars,0
14267,larva,0
14268,larvae,0
14269,larval,0
14270,larynx,0
14271,las,0
14272,lasagna,0
14273,lasagne,0
14274,laser,0
14275,lasers,0
14276,lash,0
14277,lashed,0
14278,lashes,0
14279,lashing,0
14280,lass,0
14281,lassie,0
14282,lasso,0
14283,last,0
14284,lasted,0
14285,lasting,0
14286,lastly,0
14287,lasts,0
14288,lat,0
14289,latch,0
14290,latched,0
14291,latches,0
14292,latching,0
14293,late,0
14294,lately,0
14295,latency,0
14296,latent,0
14297,later,0
14298,lateral,0
14299,laterally,0
14300,latest,0
14301,latex,0
14302,lathe,0
14303,lather,0
14304,latina,0
14305,latinas,0
14306,latino,0
14307,latinos,0
14308,latitude,0
14309,latitudes,0
14310,latrine,0
14311,latrines,0
14312,latte,0
14313,latter,0
14314,latterly,0
14315,lattes,0
14316,lattice,0
14317,laud,0
14318,laudable,0
14319,lauded,0
14320,lauder,0
14321,lauds,0
14322,laugh,0
14323,laughable,0
14324,laughed,0
14325,laughing,0
14326,laughs,0
14327,laughter,0
14328,launch,0
14329,launched,0
14330,launcher,0
14331,launchers,0
14332,launches,0
14333,launching,0
14334,launchpad,0
14335,launder,0
14336,laundered,0
14337,laundry,0
14338,laura,0
14339,laureate,0
14340,laureates,0
14341,laurel,0
14342,laurels,0
14343,lav,0
14344,lava,0
14345,lavatory,0
14346,lavender,0
14347,laver,0
14348,lavish,0
14349,lavished,0
14350,lavishly,0
14351,law,0
14352,lawful,0
14353,lawfully,0
14354,lawless,0
14355,lawmaker,0
14356,lawmakers,0
14357,lawn,0
14358,lawnmower,0
14359,lawns,0
14360,laws,0
14361,lawsuit,0
14362,lawsuits,0
14363,lawyer,0
14364,lawyers,0
14365,lax,0
14366,laxative,0
14367,laxatives,0
14368,lay,0
14369,layer,0
14370,layered,0
14371,layering,0
14372,layers,0
14373,laying,0
14374,layman,0
14375,laymen,0
14376,layoff,0
14377,layoffs,0
14378,layout,0
14379,layouts,0
14380,layover,0
14381,lays,0
14382,layup,0
14383,lazar,0
14384,lazily,0
14385,laziness,0
14386,lazy,0
14387,lea,0
14388,leach,0
14389,leaching,0
14390,lead,0
14391,leaded,0
14392,leader,0
14393,leaders,0
14394,leading,0
14395,leadoff,0
14396,leads,0
14397,leaf,0
14398,leaflet,0
14399,leaflets,0
14400,leafs,0
14401,leafy,0
14402,league,0
14403,leagues,0
14404,leak,0
14405,leakage,0
14406,leaked,0
14407,leaker,0
14408,leaking,0
14409,leaks,0
14410,leaky,0
14411,lean,0
14412,leaned,0
14413,leaner,0
14414,leaning,0
14415,leanings,0
14416,leans,0
14417,leap,0
14418,leaped,0
14419,leapfrog,0
14420,leaping,0
14421,leaps,0
14422,leapt,0
14423,lear,0
14424,learn,0
14425,learned,0
14426,learner,0
14427,learners,0
14428,learning,0
14429,learns,0
14430,learnt,0
14431,leary,0
14432,lease,0
14433,leased,0
14434,leasehold,0
14435,leases,0
14436,leash,0
14437,leasing,0
14438,least,0
14439,leather,0
14440,leathers,0
14441,leathery,0
14442,leave,0
14443,leaved,0
14444,leavers,0
14445,leaves,0
14446,leaving,0
14447,lech,1
14448,lecture,0
14449,lectured,0
14450,lecturer,0
14451,lecturers,0
14452,lectures,0
14453,lecturing,0
14454,led,0
14455,ledge,0
14456,ledger,0
14457,ledgers,0
14458,ledges,0
14459,lee,0
14460,leech,0
14461,leeches,0
14462,leed,0
14463,leek,0
14464,leeks,0
14465,leer,0
14466,leery,0
14467,lees,0
14468,leeward,0
14469,leeway,0
14470,left,0
14471,lefties,0
14472,leftist,0
14473,leftists,0
14474,leftover,0
14475,leftovers,0
14476,lefty,0
14477,leg,0
14478,legacies,0
14479,legacy,0
14480,legal,0
14481,legalised,0
14482,legality,0
14483,legalize,0
14484,legalized,0
14485,legally,0
14486,legate,0
14487,legation,0
14488,legend,0
14489,legendary,0
14490,legends,0
14491,leger,0
14492,legged,0
14493,leggings,0
14494,legible,0
14495,legion,0
14496,legions,0
14497,legislate,0
14498,legit,0
14499,legs,0
14500,legume,0
14501,legumes,0
14502,legwork,0
14503,lei,0
14504,leisure,0
14505,leisurely,0
14506,lemma,0
14507,lemmings,0
14508,lemon,0
14509,lemonade,0
14510,lemons,0
14511,lemur,0
14512,lemurs,0
14513,lend,0
14514,lender,0
14515,lenders,0
14516,lending,0
14517,lends,0
14518,leng,0
14519,length,0
14520,lengthen,0
14521,lengths,0
14522,lengthy,0
14523,leniency,0
14524,lenient,0
14525,leno,0
14526,lens,0
14527,lenses,0
14528,lent,0
14529,lenten,0
14530,lentil,0
14531,lentils,0
14532,leone,0
14533,leopard,0
14534,leopards,0
14535,leotard,0
14536,leper,1
14537,lepers,0
14538,leprosy,0
14539,les,0
14540,lesbian,0
14541,lesbians,1
14542,lesion,0
14543,lesions,0
14544,less,0
14545,lessee,0
14546,lessen,0
14547,lessened,0
14548,lessening,0
14549,lessens,0
14550,lesser,0
14551,lesson,0
14552,lessons,0
14553,lest,0
14554,let,0
14555,letdown,0
14556,lethal,0
14557,lethality,0
14558,lethargic,0
14559,lethargy,0
14560,lets,0
14561,letter,0
14562,letterbox,0
14563,lettered,0
14564,lettering,0
14565,letterman,0
14566,letters,0
14567,letting,0
14568,lettres,0
14569,lettuce,0
14570,leukaemia,0
14571,leukemia,0
14572,lev,0
14573,levant,0
14574,levee,0
14575,levees,0
14576,level,0
14577,leveled,0
14578,leveling,0
14579,levelled,0
14580,levelling,0
14581,levels,0
14582,lever,0
14583,leverage,0
14584,leveraged,0
14585,levers,0
14586,leviathan,0
14587,levied,0
14588,levies,0
14589,levin,0
14590,levis,0
14591,levitate,0
14592,levity,0
14593,levy,0
14594,lew,0
14595,lewd,0
14596,lewis,0
14597,lex,0
14598,lexical,0
14599,lexicon,0
14600,ley,0
14601,liability,0
14602,liable,0
14603,liaise,0
14604,liaison,0
14605,liaisons,0
14606,liana,0
14607,liang,0
14608,liar,0
14609,liars,0
14610,lib,0
14611,libel,0
14612,liber,0
14613,liberal,0
14614,liberally,0
14615,liberals,0
14616,liberate,0
14617,liberated,0
14618,liberator,0
14619,liberties,0
14620,libertine,0
14621,liberty,0
14622,libido,0
14623,libra,0
14624,librarian,0
14625,libraries,0
14626,library,0
14627,libretto,0
14628,libs,0
14629,lice,0
14630,licence,0
14631,licences,0
14632,license,0
14633,licensed,0
14634,licensee,0
14635,licensees,0
14636,licenses,0
14637,licensing,0
14638,licensure,0
14639,lich,0
14640,lichen,0
14641,lichens,0
14642,lick,0
14643,licked,0
14644,licking,0
14645,licks,0
14646,licorice,0
14647,lid,0
14648,lidar,0
14649,lido,0
14650,lidocaine,0
14651,lids,0
14652,lie,0
14653,lied,0
14654,liege,0
14655,lien,0
14656,liens,0
14657,lies,0
14658,lieu,0
14659,life,0
14660,lifeblood,0
14661,lifeboat,0
14662,lifeboats,0
14663,lifeguard,0
14664,lifeless,0
14665,lifelike,0
14666,lifeline,0
14667,lifelong,0
14668,lifes,0
14669,lifesaver,0
14670,lifespan,0
14671,lifestyle,0
14672,lifetime,0
14673,lifetimes,0
14674,lift,0
14675,lifted,0
14676,lifter,0
14677,lifters,0
14678,lifting,0
14679,liftoff,0
14680,lifts,0
14681,ligament,0
14682,ligaments,0
14683,ligand,0
14684,ligands,0
14685,ligation,0
14686,ligature,0
14687,light,0
14688,lightbulb,0
14689,lighted,0
14690,lighten,0
14691,lightened,0
14692,lighter,0
14693,lighters,0
14694,lightest,0
14695,lighting,0
14696,lightly,0
14697,lightness,0
14698,lightning,0
14699,lights,0
14700,likable,0
14701,like,0
14702,likeable,0
14703,liked,0
14704,likely,0
14705,liken,0
14706,likened,0
14707,likeness,0
14708,likens,0
14709,likes,0
14710,likewise,0
14711,liking,0
14712,lilac,0
14713,lilies,0
14714,lilo,0
14715,lily,0
14716,lima,0
14717,limb,0
14718,limbo,0
14719,limbs,0
14720,lime,0
14721,limelight,0
14722,limerick,0
14723,limes,0
14724,limestone,0
14725,limit,0
14726,limited,0
14727,limiter,0
14728,limiting,0
14729,limitless,0
14730,limits,0
14731,limo,0
14732,limousine,0
14733,limp,0
14734,limped,0
14735,limping,0
14736,lin,0
14737,lind,0
14738,linden,0
14739,lindy,0
14740,line,0
14741,lineage,0
14742,lineages,0
14743,linear,0
14744,linearity,0
14745,linearly,0
14746,lined,0
14747,lineman,0
14748,linemen,0
14749,linen,0
14750,linens,0
14751,liner,0
14752,liners,0
14753,lines,0
14754,linesman,0
14755,lineup,0
14756,lineups,0
14757,ling,0
14758,linger,0
14759,lingered,0
14760,lingerie,0
14761,lingering,0
14762,lingers,0
14763,lingo,0
14764,lingua,0
14765,lingual,0
14766,linguist,0
14767,linguists,0
14768,lining,0
14769,linings,0
14770,link,0
14771,linkage,0
14772,linkages,0
14773,linked,0
14774,linker,0
14775,linking,0
14776,links,0
14777,linn,0
14778,lino,0
14779,linoleum,0
14780,lint,0
14781,linux,0
14782,lion,0
14783,lionel,0
14784,lioness,0
14785,lions,0
14786,lip,0
14787,lipa,0
14788,lipid,0
14789,lipids,0
14790,lipped,0
14791,lips,0
14792,lipstick,0
14793,lipsticks,0
14794,liquefied,0
14795,liqueur,0
14796,liquid,0
14797,liquidate,0
14798,liquidity,0
14799,liquids,0
14800,liquor,0
14801,liquors,0
14802,lira,0
14803,lire,0
14804,lis,0
14805,lisle,0
14806,lisp,0
14807,list,0
14808,listed,0
14809,listen,0
14810,listened,0
14811,listener,0
14812,listeners,0
14813,listening,0
14814,listens,0
14815,lister,0
14816,listeria,0
14817,listing,0
14818,listings,0
14819,listless,0
14820,lists,0
14821,lit,0
14822,litany,0
14823,lite,0
14824,liter,0
14825,literacy,0
14826,literal,0
14827,literally,0
14828,literary,0
14829,literate,0
14830,liters,0
14831,lithium,0
14832,litigants,0
14833,litmus,0
14834,litre,0
14835,litres,0
14836,litter,0
14837,littered,0
14838,littering,0
14839,litters,0
14840,little,0
14841,littlest,0
14842,littoral,0
14843,liturgy,0
14844,livable,0
14845,live,0
14846,lived,0
14847,lively,0
14848,liven,0
14849,liver,0
14850,livers,0
14851,livery,0
14852,lives,0
14853,livestock,0
14854,livid,0
14855,living,0
14856,lizard,0
14857,lizards,0
14858,lizzie,0
14859,llama,0
14860,llamas,0
14861,load,0
14862,loaded,0
14863,loader,0
14864,loaders,0
14865,loading,0
14866,loads,0
14867,loaf,0
14868,loafers,0
14869,loam,0
14870,loan,0
14871,loaned,0
14872,loaning,0
14873,loans,0
14874,loath,0
14875,loathe,0
14876,loathed,0
14877,loathing,0
14878,loathsome,0
14879,loaves,0
14880,lob,0
14881,lobbied,0
14882,lobbies,0
14883,lobby,0
14884,lobbying,0
14885,lobbyist,0
14886,lobbyists,0
14887,lobe,0
14888,lobed,0
14889,lobes,0
14890,lobo,0
14891,lobos,0
14892,lobster,0
14893,lobsters,0
14894,loca,0
14895,local,0
14896,locale,0
14897,locales,0
14898,localised,0
14899,locality,0
14900,localize,0
14901,localized,0
14902,locally,0
14903,locals,0
14904,locate,0
14905,located,0
14906,locates,0
14907,locating,0
14908,location,0
14909,locations,0
14910,locator,0
14911,loch,0
14912,loci,0
14913,lock,0
14914,lockdown,0
14915,locked,0
14916,locker,0
14917,lockers,0
14918,locket,0
14919,locking,0
14920,lockout,0
14921,lockouts,0
14922,locks,0
14923,locksmith,0
14924,lockup,0
14925,loco,0
14926,locum,0
14927,locus,0
14928,locust,0
14929,locusts,0
14930,lod,0
14931,lode,0
14932,lodge,0
14933,lodged,0
14934,lodger,0
14935,lodges,0
14936,lodging,0
14937,lodgings,0
14938,loft,0
14939,lofts,0
14940,lofty,0
14941,log,0
14942,logan,0
14943,logarithm,0
14944,logbook,0
14945,logged,0
14946,logger,0
14947,loggers,0
14948,logging,0
14949,logic,0
14950,logical,0
14951,logically,0
14952,logics,0
14953,logie,0
14954,login,0
14955,logistic,0
14956,logistics,0
14957,logo,0
14958,logos,0
14959,logs,0
14960,lohan,0
14961,loin,1
14962,loins,1
14963,loitering,0
14964,lollipop,0
14965,lollipops,0
14966,lolly,0
14967,loma,0
14968,lone,0
14969,loneliest,0
14970,lonely,0
14971,loner,0
14972,lonesome,0
14973,long,0
14974,longed,0
14975,longer,0
14976,longest,0
14977,longevity,0
14978,longhorn,0
14979,longhorns,0
14980,longing,0
14981,longitude,0
14982,longs,0
14983,longtime,0
14984,loo,0
14985,look,0
14986,lookalike,0
14987,looked,0
14988,looker,0
14989,looking,0
14990,lookout,0
14991,looks,0
14992,lookup,0
14993,loom,0
14994,loomed,0
14995,looming,0
14996,looms,0
14997,loon,0
14998,looney,0
14999,loons,0
15000,loony,0
15001,loop,0
15002,looped,0
15003,looper,0
15004,loophole,0
15005,loopholes,0
15006,looping,0
15007,loops,0
15008,loopy,0
15009,loos,0
15010,loose,0
15011,loosely,0
15012,loosen,0
15013,loosened,0
15014,loosening,0
15015,looser,0
15016,loosing,0
15017,loot,0
15018,looted,0
15019,looters,0
15020,looting,0
15021,lop,0
15022,lope,0
15023,lopes,0
15024,lopsided,0
15025,lor,0
15026,lord,0
15027,lords,0
15028,lordship,0
15029,lordy,0
15030,lore,0
15031,loring,0
15032,lorries,0
15033,lorry,0
15034,los,0
15035,lose,0
15036,loser,0
15037,losers,0
15038,loses,0
15039,losing,0
15040,loss,0
15041,losses,0
15042,lossless,0
15043,lost,0
15044,lot,0
15045,lotion,0
15046,lotions,0
15047,lots,0
15048,lotte,0
15049,lotteries,0
15050,lottery,0
15051,lotto,0
15052,lotus,0
15053,lou,0
15054,loud,0
15055,louder,0
15056,loudest,0
15057,loudly,0
15058,loudness,0
15059,lough,0
15060,louie,0
15061,louis,0
15062,lounge,0
15063,lounges,0
15064,lounging,0
15065,louse,0
15066,lousy,0
15067,louvre,0
15068,lovable,0
15069,love,0
15070,loveable,0
15071,lovebirds,0
15072,loved,0
15073,loveless,0
15074,loveliest,0
15075,lovely,0
15076,lover,0
15077,lovers,0
15078,loves,0
15079,lovey,0
15080,loving,0
15081,lovingly,0
15082,low,0
15083,lowdown,0
15084,lowe,0
15085,lower,0
15086,lowercase,0
15087,lowered,0
15088,lowering,0
15089,lowers,0
15090,lowery,0
15091,lowes,0
15092,lowest,0
15093,lowland,0
15094,lowlands,0
15095,lowly,0
15096,lowry,0
15097,lows,0
15098,lox,0
15099,loy,0
15100,loyal,0
15101,loyalist,0
15102,loyalists,0
15103,loyalties,0
15104,loyalty,0
15105,lube,1
15106,lubricant,0
15107,luce,0
15108,lucent,0
15109,lucerne,0
15110,lucid,0
15111,lucifer,0
15112,luck,0
15113,lucked,0
15114,luckier,0
15115,luckiest,0
15116,luckily,0
15117,lucky,0
15118,lucrative,0
15119,ludicrous,0
15120,lug,0
15121,luge,0
15122,luger,0
15123,luggage,0
15124,lugging,0
15125,lugs,0
15126,luke,0
15127,lukewarm,0
15128,lull,0
15129,lullabies,0
15130,lullaby,0
15131,lulu,0
15132,lum,0
15133,lumbar,0
15134,lumber,0
15135,lumbering,0
15136,lumen,0
15137,lumens,0
15138,luminance,0
15139,luminous,0
15140,lump,0
15141,lumped,0
15142,lumps,0
15143,lumpy,0
15144,luna,0
15145,lunacy,0
15146,lunar,0
15147,lunatic,0
15148,lunatics,0
15149,lunch,0
15150,lunchbox,0
15151,luncheon,0
15152,lunches,0
15153,lunchtime,0
15154,lune,0
15155,lung,0
15156,lunge,0
15157,lunged,0
15158,lunges,0
15159,lungs,0
15160,lupin,0
15161,lupus,0
15162,lurch,0
15163,lure,0
15164,lured,0
15165,lures,0
15166,lurid,0
15167,luring,0
15168,lurk,0
15169,lurked,0
15170,lurking,0
15171,lurks,0
15172,luscious,0
15173,lush,0
15174,lust,1
15175,luster,0
15176,lustful,0
15177,lustre,0
15178,lustrous,0
15179,lusty,1
15180,lute,0
15181,lutz,0
15182,luv,0
15183,lux,0
15184,luxe,0
15185,luxuries,0
15186,luxurious,0
15187,luxury,0
15188,luz,0
15189,lyceum,0
15190,lycra,0
15191,lye,0
15192,lying,0
15193,lyme,0
15194,lymph,0
15195,lymphatic,0
15196,lymphoma,0
15197,lynch,0
15198,lynched,0
15199,lynching,0
15200,lynx,0
15201,lyra,0
15202,lyre,0
15203,lyric,0
15204,lyrical,0
15205,lyrically,0
15206,lyricism,0
15207,lyricist,0
15208,lyrics,0
15209,lysine,0
15210,maa,0
15211,maas,0
15212,mac,0
15213,macabre,0
15214,macadamia,0
15215,macaroni,0
15216,mace,0
15217,mach,0
15218,machete,0
15219,machi,0
15220,machine,0
15221,machined,0
15222,machinery,0
15223,machines,0
15224,machining,0
15225,machinist,0
15226,macho,0
15227,macintosh,0
15228,mack,0
15229,mackerel,0
15230,macon,0
15231,macro,0
15232,macron,0
15233,macros,0
15234,macs,0
15235,macular,0
15236,mad,0
15237,madam,0
15238,madame,0
15239,madden,0
15240,maddening,0
15241,madder,0
15242,made,0
15243,madeira,0
15244,madeleine,0
15245,madge,0
15246,madhouse,0
15247,madison,0
15248,madly,0
15249,madman,0
15250,madmen,0
15251,madness,0
15252,madonna,0
15253,madras,0
15254,madre,0
15255,mads,0
15256,maduro,0
15257,mae,0
15258,maelstrom,0
15259,maestro,0
15260,mafia,0
15261,mag,0
15262,magazine,0
15263,magazines,0
15264,magdalen,0
15265,magdalene,0
15266,mage,0
15267,magenta,0
15268,mages,0
15269,maggie,0
15270,maggot,0
15271,maggots,0
15272,magi,0
15273,magic,0
15274,magical,0
15275,magically,0
15276,magician,0
15277,magicians,0
15278,magma,0
15279,magnate,0
15280,magnates,0
15281,magnesium,0
15282,magnet,0
15283,magnetic,0
15284,magnetism,0
15285,magnetite,0
15286,magneto,0
15287,magnets,0
15288,magnified,0
15289,magnify,0
15290,magnitude,0
15291,magnolia,0
15292,magnum,0
15293,magnus,0
15294,magpie,0
15295,magpies,0
15296,mags,0
15297,magus,0
15298,magyar,0
15299,maha,0
15300,maharaja,0
15301,mahatma,0
15302,mahjong,0
15303,mahogany,0
15304,maid,0
15305,maidan,0
15306,maiden,0
15307,maidens,0
15308,maids,0
15309,mail,0
15310,mailbox,0
15311,mailboxes,0
15312,mailed,0
15313,mailer,0
15314,mailing,0
15315,mailman,0
15316,mails,0
15317,maim,0
15318,maimed,0
15319,main,0
15320,mainframe,0
15321,mainland,0
15322,mainline,0
15323,mainly,0
15324,mains,0
15325,mainstay,0
15326,maintain,0
15327,maintains,0
15328,mair,0
15329,maize,0
15330,majestic,0
15331,majesty,0
15332,majlis,0
15333,major,0
15334,majored,0
15335,majoring,0
15336,majority,0
15337,majorly,0
15338,majors,0
15339,mak,0
15340,make,0
15341,makeover,0
15342,maker,0
15343,makers,0
15344,makes,0
15345,makeshift,0
15346,makeup,0
15347,maki,0
15348,making,0
15349,makings,0
15350,mako,0
15351,mal,0
15352,mala,0
15353,malacca,0
15354,maladies,0
15355,malady,0
15356,malaise,0
15357,malaria,0
15358,male,0
15359,males,0
15360,mali,0
15361,malibu,0
15362,malice,0
15363,malicious,0
15364,malign,0
15365,malignant,0
15366,maligned,0
15367,malik,0
15368,malkin,0
15369,mall,0
15370,mallard,0
15371,malleable,0
15372,mallet,0
15373,malls,0
15374,malt,0
15375,maltese,0
15376,malware,0
15377,mam,0
15378,mama,0
15379,mamas,0
15380,mamba,0
15381,mambo,0
15382,mamie,0
15383,mamma,0
15384,mammal,0
15385,mammalian,0
15386,mammals,0
15387,mammary,0
15388,mammoth,0
15389,mammoths,0
15390,mammy,0
15391,man,0
15392,mana,0
15393,manage,0
15394,managed,0
15395,manager,0
15396,managers,0
15397,manages,0
15398,managing,0
15399,manatee,0
15400,mandala,0
15401,mandarin,0
15402,mandate,0
15403,mandated,0
15404,mandates,0
15405,mandating,0
15406,mandatory,0
15407,mandi,0
15408,mandible,0
15409,mandir,0
15410,mandolin,0
15411,mandrake,0
15412,mane,0
15413,manet,0
15414,maneuver,0
15415,maneuvers,0
15416,mang,0
15417,manga,0
15418,manganese,0
15419,mange,0
15420,manger,0
15421,mangled,0
15422,mango,0
15423,mangoes,0
15424,mangrove,0
15425,mangroves,0
15426,manhattan,0
15427,manhole,0
15428,manhood,0
15429,manhunt,0
15430,mani,0
15431,mania,0
15432,maniac,0
15433,maniacal,0
15434,maniacs,0
15435,manic,0
15436,manicure,0
15437,manicured,0
15438,manifest,0
15439,manifesto,0
15440,manifests,0
15441,manifold,0
15442,manifolds,0
15443,manila,0
15444,mankind,0
15445,manliness,0
15446,manly,0
15447,manmade,0
15448,manna,0
15449,manned,0
15450,mannequin,0
15451,manner,0
15452,mannered,0
15453,manners,0
15454,manning,0
15455,mano,0
15456,manoeuvre,0
15457,manor,0
15458,manors,0
15459,manpower,0
15460,mans,0
15461,mansion,0
15462,mansions,0
15463,manta,0
15464,mantel,0
15465,mantis,0
15466,mantle,0
15467,mantra,0
15468,mantras,0
15469,mantua,0
15470,manual,0
15471,manually,0
15472,manuals,0
15473,manure,0
15474,manus,0
15475,many,0
15476,map,0
15477,maple,0
15478,maples,0
15479,mapped,0
15480,mapping,0
15481,mappings,0
15482,maps,0
15483,mar,0
15484,mara,0
15485,marathon,0
15486,marathons,0
15487,marauder,0
15488,marauders,0
15489,marauding,0
15490,marble,0
15491,marbled,0
15492,marbles,0
15493,marc,0
15494,marcel,0
15495,marcella,0
15496,march,0
15497,marched,0
15498,marchers,0
15499,marches,0
15500,marching,0
15501,marconi,0
15502,mare,0
15503,mares,0
15504,marg,0
15505,margarine,0
15506,margarita,0
15507,marge,0
15508,margin,0
15509,marginal,0
15510,margins,0
15511,maria,0
15512,mariachi,0
15513,marigold,0
15514,marijuana,0
15515,marina,0
15516,marinade,0
15517,marinara,0
15518,marinate,0
15519,marinated,0
15520,marine,0
15521,mariner,0
15522,mariners,0
15523,marines,0
15524,mariposa,0
15525,marital,0
15526,maritime,0
15527,mark,0
15528,marked,0
15529,markedly,0
15530,marker,0
15531,markers,0
15532,market,0
15533,marketed,0
15534,marketer,0
15535,marketers,0
15536,marketing,0
15537,markets,0
15538,marking,0
15539,markings,0
15540,marks,0
15541,marksman,0
15542,marksmen,0
15543,markup,0
15544,marl,0
15545,marlin,0
15546,marlins,0
15547,marmalade,0
15548,marmite,0
15549,maroon,0
15550,marooned,0
15551,maroons,0
15552,marque,0
15553,marquee,0
15554,marques,0
15555,marquess,0
15556,marquis,0
15557,marquise,0
15558,marred,0
15559,marriage,0
15560,marriages,0
15561,married,0
15562,marries,0
15563,marrow,0
15564,marry,0
15565,marrying,0
15566,mars,0
15567,marseille,0
15568,marsh,0
15569,marshal,0
15570,marshall,0
15571,marshalls,0
15572,marshals,0
15573,marshes,0
15574,marshy,0
15575,mart,0
15576,martel,0
15577,marten,0
15578,martens,0
15579,martial,0
15580,martian,0
15581,martians,0
15582,martin,0
15583,martini,0
15584,martinis,0
15585,martins,0
15586,martyr,0
15587,martyrdom,0
15588,martyred,0
15589,martyrs,0
15590,marvel,0
15591,marveled,0
15592,marvelous,0
15593,marvels,0
15594,mary,0
15595,mas,0
15596,masa,0
15597,masala,0
15598,mascara,0
15599,mascot,0
15600,mascots,0
15601,masculine,0
15602,mash,0
15603,mashed,0
15604,mashing,0
15605,mashup,0
15606,masjid,0
15607,mask,0
15608,masked,0
15609,masking,0
15610,masks,0
15611,mason,0
15612,masonic,0
15613,masonry,0
15614,masons,0
15615,masque,0
15616,mass,0
15617,massa,1
15618,massacre,0
15619,massacred,0
15620,massacres,0
15621,massage,0
15622,massaged,0
15623,massages,0
15624,massaging,0
15625,masse,0
15626,massed,0
15627,masses,0
15628,masseuse,0
15629,massif,0
15630,massing,0
15631,massive,0
15632,massively,0
15633,mast,0
15634,master,0
15635,mastered,0
15636,masterful,0
15637,mastering,0
15638,masters,0
15639,mastery,0
15640,mastiff,0
15641,mastodon,0
15642,masts,0
15643,mat,0
15644,matador,0
15645,match,0
15646,matchbox,0
15647,matched,0
15648,matches,0
15649,matching,0
15650,matchup,0
15651,matchups,0
15652,mate,0
15653,mated,0
15654,mater,0
15655,material,0
15656,materials,0
15657,materiel,0
15658,maternal,0
15659,maternity,0
15660,mates,0
15661,matey,0
15662,math,0
15663,maths,0
15664,matilda,0
15665,matinee,0
15666,mating,0
15667,matriarch,0
15668,matrices,0
15669,matrimony,0
15670,matrix,0
15671,matron,0
15672,mats,0
15673,matt,0
15674,matte,0
15675,matted,0
15676,matter,0
15677,mattered,0
15678,matters,0
15679,mattie,0
15680,mattress,0
15681,mature,0
15682,matured,0
15683,matures,0
15684,maturing,0
15685,maturity,0
15686,maud,0
15687,maul,0
15688,mauled,0
15689,mausoleum,0
15690,mauve,0
15691,maven,0
15692,maverick,0
15693,mavericks,0
15694,mavis,0
15695,maw,0
15696,mawr,0
15697,max,0
15698,maxed,0
15699,maxi,1
15700,maxillary,0
15701,maxim,0
15702,maxima,0
15703,maximal,0
15704,maximise,0
15705,maximize,0
15706,maximized,0
15707,maximizes,0
15708,maximum,0
15709,maximus,0
15710,maxwell,0
15711,may,0
15712,maya,0
15713,mayan,0
15714,maybe,0
15715,mayday,0
15716,mayflower,0
15717,mayhem,0
15718,mayo,0
15719,mayor,0
15720,mayoral,0
15721,mayors,0
15722,mays,0
15723,maze,0
15724,mazes,0
15725,mead,0
15726,meadow,0
15727,meadows,0
15728,meager,0
15729,meagre,0
15730,meal,0
15731,meals,0
15732,mean,0
15733,meander,0
15734,meaner,0
15735,meanest,0
15736,meaning,0
15737,meanings,0
15738,means,0
15739,meant,0
15740,meantime,0
15741,meanwhile,0
15742,measles,0
15743,measly,0
15744,measure,0
15745,measured,0
15746,measures,0
15747,measuring,0
15748,meat,0
15749,meatball,0
15750,meatballs,0
15751,meath,0
15752,meatloaf,0
15753,meats,0
15754,meaty,0
15755,mecca,0
15756,mechanic,0
15757,mechanics,0
15758,mechanism,0
15759,med,0
15760,medal,0
15761,medalist,0
15762,medalists,0
15763,medallion,0
15764,medallist,0
15765,medals,0
15766,meddle,0
15767,meddling,0
15768,media,0
15769,mediaeval,0
15770,medial,0
15771,median,0
15772,medias,0
15773,mediate,0
15774,mediated,0
15775,mediates,0
15776,mediating,0
15777,mediation,0
15778,mediator,0
15779,mediators,0
15780,medic,0
15781,medicaid,0
15782,medical,0
15783,medically,0
15784,medicare,0
15785,medicated,0
15786,medicinal,0
15787,medicine,0
15788,medicines,0
15789,medics,0
15790,medieval,0
15791,medina,0
15792,mediocre,0
15793,meditate,0
15794,meditated,0
15795,medium,0
15796,mediums,0
15797,medley,0
15798,meds,0
15799,medusa,0
15800,mee,0
15801,meek,0
15802,meeker,0
15803,meekly,0
15804,meer,0
15805,meet,0
15806,meeting,0
15807,meetings,0
15808,meets,0
15809,meg,0
15810,mega,0
15811,megaphone,0
15812,megapixel,0
15813,megawatt,0
15814,megawatts,0
15815,mein,0
15816,meiosis,0
15817,meister,0
15818,mel,0
15819,mela,0
15820,melanin,0
15821,melanoma,0
15822,melatonin,0
15823,meld,0
15824,melee,0
15825,mellow,0
15826,melodic,0
15827,melodies,0
15828,melodious,0
15829,melodrama,0
15830,melody,0
15831,melon,0
15832,melons,0
15833,melt,0
15834,meltdown,0
15835,meltdowns,0
15836,melted,0
15837,melting,0
15838,melton,0
15839,melts,0
15840,mem,0
15841,member,0
15842,members,0
15843,membrane,0
15844,membranes,0
15845,meme,0
15846,memento,0
15847,mementos,0
15848,memes,0
15849,memo,0
15850,memoir,0
15851,memoirs,0
15852,memorable,0
15853,memorial,0
15854,memorials,0
15855,memories,0
15856,memorize,0
15857,memorized,0
15858,memory,0
15859,memos,0
15860,mems,0
15861,men,0
15862,menace,0
15863,menacing,0
15864,menagerie,0
15865,mend,0
15866,mended,0
15867,mending,0
15868,meng,0
15869,menial,0
15870,meniscus,0
15871,menopause,0
15872,mensa,0
15873,mensch,0
15874,menstrual,0
15875,menswear,0
15876,ment,0
15877,mental,0
15878,mentality,0
15879,mentally,0
15880,menthol,0
15881,mention,0
15882,mentioned,0
15883,mentions,0
15884,mentor,0
15885,mentored,0
15886,mentoring,0
15887,mentors,0
15888,menu,0
15889,menus,0
15890,meow,0
15891,meowing,0
15892,merc,0
15893,mercenary,0
15894,mercer,0
15895,merch,0
15896,merchant,0
15897,merchants,0
15898,mercies,0
15899,merciful,0
15900,merciless,0
15901,mercurial,0
15902,mercury,0
15903,mercy,0
15904,mere,0
15905,merely,0
15906,merge,0
15907,merged,0
15908,merger,0
15909,mergers,0
15910,merges,0
15911,merging,0
15912,meri,0
15913,meridian,0
15914,meringue,0
15915,merino,0
15916,merit,0
15917,merited,0
15918,merits,0
15919,merle,0
15920,merlin,0
15921,merlot,0
15922,mermaid,0
15923,mermaids,0
15924,merrier,0
15925,merrily,0
15926,merriment,0
15927,merry,0
15928,mes,0
15929,mesa,0
15930,mesh,0
15931,meshes,0
15932,mesozoic,0
15933,mesquite,0
15934,mess,0
15935,message,0
15936,messaged,0
15937,messages,0
15938,messaging,0
15939,messed,0
15940,messenger,0
15941,messes,0
15942,messiah,0
15943,messianic,0
15944,messier,0
15945,messing,0
15946,messy,0
15947,met,0
15948,meta,0
15949,metabolic,0
15950,metadata,0
15951,metal,0
15952,metallic,0
15953,metals,0
15954,metaphor,0
15955,metaphors,0
15956,meted,0
15957,meteor,0
15958,meteoric,0
15959,meteorite,0
15960,meteors,0
15961,meter,0
15962,metered,0
15963,metering,0
15964,meters,0
15965,metformin,0
15966,meth,1
15967,methadone,0
15968,methane,0
15969,methanol,0
15970,methinks,0
15971,method,0
15972,methodism,0
15973,methodist,0
15974,methods,0
15975,methyl,0
15976,metre,0
15977,metres,0
15978,metric,0
15979,metrics,0
15980,metro,0
15981,metrology,0
15982,metronome,0
15983,metros,0
15984,mets,0
15985,mettle,0
15986,meu,0
15987,mew,0
15988,mews,0
15989,mezzanine,0
15990,mezzo,0
15991,mib,0
15992,mic,0
15993,mica,0
15994,mice,0
15995,mich,0
15996,michael,0
15997,michaels,0
15998,michigan,0
15999,mick,0
16000,mickey,0
16001,micky,0
16002,micro,0
16003,microbe,0
16004,microbes,0
16005,microbial,0
16006,microchip,0
16007,microcosm,0
16008,microfilm,0
16009,micron,0
16010,microns,0
16011,microwave,0
16012,mics,0
16013,mid,0
16014,midair,0
16015,midday,0
16016,middle,0
16017,middleman,0
16018,middlemen,0
16019,middling,0
16020,midfield,0
16021,midge,0
16022,midget,0
16023,midgets,0
16024,midi,0
16025,midland,0
16026,midlands,0
16027,midlife,0
16028,midline,0
16029,midnight,0
16030,midpoint,0
16031,midrange,0
16032,mids,0
16033,midsize,0
16034,midst,0
16035,midsummer,0
16036,midterm,0
16037,midterms,0
16038,midtown,0
16039,midway,0
16040,midweek,0
16041,midwife,0
16042,midwifery,0
16043,midwinter,0
16044,midwives,0
16045,miffed,0
16046,mig,0
16047,might,0
16048,mightier,0
16049,mightiest,0
16050,mightily,0
16051,mighty,0
16052,mignon,0
16053,migraine,0
16054,migraines,0
16055,migrant,0
16056,migrants,0
16057,migrate,0
16058,migrated,0
16059,migrating,0
16060,migration,0
16061,migratory,0
16062,mike,0
16063,mikes,0
16064,mil,0
16065,mild,0
16066,milder,0
16067,mildew,0
16068,mildly,0
16069,mile,0
16070,mileage,0
16071,miler,0
16072,miles,0
16073,milestone,0
16074,milf,1
16075,milfs,0
16076,milieu,0
16077,militancy,0
16078,militant,0
16079,militants,0
16080,military,0
16081,militia,0
16082,militias,0
16083,milk,0
16084,milked,0
16085,milking,0
16086,milkman,0
16087,milks,0
16088,milkshake,0
16089,milky,0
16090,mill,0
16091,mille,0
16092,milled,0
16093,millennia,0
16094,miller,0
16095,millers,0
16096,millet,0
16097,millie,0
16098,milling,0
16099,million,0
16100,millions,0
16101,millionth,0
16102,mills,0
16103,millstone,0
16104,milo,0
16105,milos,0
16106,milt,0
16107,mim,0
16108,mime,0
16109,mimic,0
16110,mimicked,0
16111,mimicking,0
16112,mimicry,0
16113,mimics,0
16114,mimosa,0
16115,mina,0
16116,minas,0
16117,mince,0
16118,minced,0
16119,mind,0
16120,minded,0
16121,mindful,0
16122,minding,0
16123,mindless,0
16124,minds,0
16125,mindset,0
16126,mindsets,0
16127,mine,0
16128,mined,0
16129,minefield,0
16130,miner,0
16131,mineral,0
16132,minerals,0
16133,miners,0
16134,mines,0
16135,ming,0
16136,mingle,0
16137,mingled,0
16138,mingling,0
16139,mini,0
16140,miniature,0
16141,minibus,0
16142,minima,0
16143,minimal,0
16144,minimally,0
16145,minimise,0
16146,minimize,0
16147,minimized,0
16148,minimizes,0
16149,minimum,0
16150,minimums,0
16151,mining,0
16152,minion,0
16153,minions,0
16154,minis,0
16155,miniscule,0
16156,minister,0
16157,ministers,0
16158,ministry,0
16159,minivan,0
16160,mink,0
16161,minnie,0
16162,minnow,0
16163,minnows,0
16164,mino,0
16165,minor,0
16166,minority,0
16167,minors,0
16168,minotaur,0
16169,minster,0
16170,minstrel,0
16171,mint,0
16172,minted,0
16173,mints,0
16174,minty,0
16175,minus,0
16176,minuscule,0
16177,minute,0
16178,minutemen,0
16179,minutes,0
16180,minutiae,0
16181,miocene,0
16182,mir,0
16183,miracle,0
16184,miracles,0
16185,mirage,0
16186,mire,0
16187,mired,0
16188,miri,0
16189,miro,0
16190,mirror,0
16191,mirrored,0
16192,mirroring,0
16193,mirrors,0
16194,mirth,0
16195,mirza,0
16196,mis,0
16197,misbehave,0
16198,mischief,0
16199,misdeeds,0
16200,mise,0
16201,miser,0
16202,miserable,0
16203,miserably,0
16204,miseries,0
16205,misery,0
16206,mises,0
16207,misfit,0
16208,misfits,0
16209,misguided,0
16210,mishap,0
16211,mishaps,0
16212,misjudged,0
16213,mislead,0
16214,misled,0
16215,mismatch,0
16216,misnomer,0
16217,miso,0
16218,misogyny,0
16219,misplaced,0
16220,misread,0
16221,miss,0
16222,missa,0
16223,missed,0
16224,misses,0
16225,misshapen,0
16226,missile,0
16227,missiles,0
16228,missing,0
16229,mission,0
16230,missions,0
16231,misstep,0
16232,missteps,0
16233,missus,0
16234,missy,0
16235,mist,0
16236,mistake,0
16237,mistaken,0
16238,mistakes,0
16239,mistaking,0
16240,mister,0
16241,mistletoe,0
16242,mistook,0
16243,mistral,0
16244,mistress,0
16245,mistrial,0
16246,mistrust,0
16247,mists,0
16248,misty,0
16249,misuse,0
16250,misused,0
16251,misusing,0
16252,mitch,0
16253,mite,0
16254,mites,0
16255,mitigate,0
16256,mitigated,0
16257,mitosis,0
16258,mitral,0
16259,mitre,0
16260,mitt,0
16261,mittens,0
16262,mitts,0
16263,mitzvah,0
16264,mix,0
16265,mixed,0
16266,mixer,0
16267,mixers,0
16268,mixes,0
16269,mixing,0
16270,mixture,0
16271,mixtures,0
16272,miz,0
16273,mnemonic,0
16274,moa,0
16275,moan,0
16276,moaned,0
16277,moaning,0
16278,moans,0
16279,moat,0
16280,mob,0
16281,mobbed,0
16282,mobile,0
16283,mobiles,0
16284,mobilise,0
16285,mobilised,0
16286,mobility,0
16287,mobilize,0
16288,mobilized,0
16289,mobs,0
16290,mobster,0
16291,mobsters,0
16292,moby,0
16293,moc,0
16294,moccasins,0
16295,mocha,0
16296,mock,0
16297,mocked,0
16298,mockery,0
16299,mocking,0
16300,mockingly,0
16301,mocks,0
16302,mockup,0
16303,mod,0
16304,modal,0
16305,modality,0
16306,modded,0
16307,modding,0
16308,mode,0
16309,model,0
16310,modeled,0
16311,modeling,0
16312,modelled,0
16313,modelling,0
16314,models,0
16315,modem,0
16316,modems,0
16317,modena,0
16318,moderate,0
16319,moderated,0
16320,moderates,0
16321,moderator,0
16322,modern,0
16323,moderne,0
16324,modernise,0
16325,modernism,0
16326,modernist,0
16327,modernity,0
16328,modernize,0
16329,modes,0
16330,modest,0
16331,modestly,0
16332,modesty,0
16333,modi,0
16334,modicum,0
16335,modified,0
16336,modifier,0
16337,modifiers,0
16338,modifies,0
16339,modify,0
16340,modifying,0
16341,mods,0
16342,modular,0
16343,modulate,0
16344,modulated,0
16345,modulator,0
16346,module,0
16347,modules,0
16348,modulus,0
16349,modus,0
16350,moe,0
16351,mofo,1
16352,mogul,0
16353,moguls,0
16354,mohawk,0
16355,mohr,0
16356,moi,0
16357,moiety,0
16358,moira,0
16359,moist,0
16360,moisture,0
16361,mojito,0
16362,mojo,0
16363,mol,0
16364,molar,0
16365,molars,0
16366,molasses,0
16367,mold,0
16368,molded,0
16369,molding,0
16370,molds,0
16371,moldy,0
16372,mole,0
16373,molecular,0
16374,molecule,0
16375,molecules,0
16376,moles,0
16377,molest,1
16378,molested,0
16379,molester,0
16380,molesting,0
16381,moline,0
16382,moll,0
16383,mollie,0
16384,molluscs,0
16385,mollusks,0
16386,molly,0
16387,molten,0
16388,moly,0
16389,mom,0
16390,moment,0
16391,momentary,0
16392,momentous,0
16393,moments,0
16394,momentum,0
16395,momma,0
16396,mommies,0
16397,mommy,0
16398,moms,0
16399,mon,0
16400,mona,0
16401,monarch,0
16402,monarchs,0
16403,monarchy,0
16404,monastery,0
16405,monastic,0
16406,monde,0
16407,mondo,0
16408,monetary,0
16409,monetize,0
16410,money,0
16411,moneys,0
16412,mong,0
16413,monger,0
16414,mongering,0
16415,mongo,0
16416,mongol,0
16417,mongolian,0
16418,mongols,0
16419,mongoose,0
16420,mongrel,0
16421,monies,0
16422,moniker,0
16423,monitor,0
16424,monitored,0
16425,monitors,0
16426,monk,0
16427,monkey,0
16428,monkeys,0
16429,monks,0
16430,mono,0
16431,monogamy,0
16432,monogram,0
16433,monograph,0
16434,monolith,0
16435,monologue,0
16436,monomer,0
16437,monomers,0
16438,monopoly,0
16439,monorail,0
16440,monotone,0
16441,monotony,0
16442,monoxide,0
16443,mons,0
16444,monsieur,0
16445,monsignor,0
16446,monsoon,0
16447,monster,0
16448,monsters,0
16449,monstrous,0
16450,montage,0
16451,monte,0
16452,monteith,0
16453,montero,0
16454,montes,0
16455,month,0
16456,monthly,0
16457,months,0
16458,monty,0
16459,monument,0
16460,monuments,0
16461,moo,0
16462,mood,0
16463,moods,0
16464,moody,0
16465,mook,0
16466,moon,0
16467,moonlight,0
16468,moonlit,0
16469,moons,0
16470,moonshine,0
16471,moonstone,0
16472,moor,0
16473,moored,0
16474,mooring,0
16475,moorings,0
16476,moorish,0
16477,moorland,0
16478,moors,0
16479,moose,0
16480,moot,0
16481,mooted,0
16482,mop,0
16483,moped,0
16484,mopping,0
16485,mops,0
16486,mor,0
16487,mora,0
16488,moraine,0
16489,moral,0
16490,morale,0
16491,morales,0
16492,morality,0
16493,morally,0
16494,morals,0
16495,moray,0
16496,morbid,0
16497,morbidity,0
16498,morbidly,0
16499,more,0
16500,morel,0
16501,morello,0
16502,moreover,0
16503,mores,0
16504,morgan,0
16505,morgue,0
16506,moria,0
16507,moribund,0
16508,morn,0
16509,morning,0
16510,mornings,0
16511,morocco,0
16512,moron,1
16513,moronic,0
16514,morons,0
16515,morph,0
16516,morphed,0
16517,morphine,0
16518,morphing,0
16519,morphs,0
16520,morrell,0
16521,morris,0
16522,morrow,0
16523,morse,0
16524,morsel,0
16525,mort,0
16526,mortal,0
16527,mortality,0
16528,mortally,0
16529,mortals,0
16530,mortar,0
16531,mortars,0
16532,mortgage,0
16533,mortgaged,0
16534,mortgages,0
16535,mortified,0
16536,mortuary,0
16537,mos,0
16538,mosaic,0
16539,mosaics,0
16540,mose,0
16541,moses,0
16542,mosh,0
16543,mosque,0
16544,mosques,0
16545,mosquito,0
16546,mosquitos,0
16547,moss,0
16548,mosses,0
16549,mossy,0
16550,most,0
16551,mostly,0
16552,mot,0
16553,mote,0
16554,motel,0
16555,motels,0
16556,moth,0
16557,mother,0
16558,mothering,0
16559,motherly,0
16560,mothers,0
16561,moths,0
16562,motif,0
16563,motifs,0
16564,motility,0
16565,motion,0
16566,motions,0
16567,motivate,0
16568,motivated,0
16569,motivates,0
16570,motivator,0
16571,motive,0
16572,motives,0
16573,motley,0
16574,motocross,0
16575,motor,0
16576,motorbike,0
16577,motorboat,0
16578,motorcade,0
16579,motoring,0
16580,motorised,0
16581,motorist,0
16582,motorists,0
16583,motorized,0
16584,motors,0
16585,motorway,0
16586,motorways,0
16587,mott,0
16588,motte,0
16589,mottled,0
16590,motto,0
16591,mou,0
16592,mould,0
16593,moulded,0
16594,moulding,0
16595,moulds,0
16596,moulin,0
16597,mound,0
16598,mounds,0
16599,mount,0
16600,mountain,0
16601,mountains,0
16602,mounted,0
16603,mounting,0
16604,mounts,0
16605,mourn,0
16606,mourned,0
16607,mourners,0
16608,mournful,0
16609,mourning,0
16610,mourns,0
16611,mouse,0
16612,mousse,0
16613,moustache,0
16614,mouth,0
16615,mouthed,0
16616,mouthful,0
16617,mouthing,0
16618,mouths,0
16619,mouthwash,0
16620,mouton,0
16621,movable,0
16622,move,0
16623,moveable,0
16624,moved,0
16625,movement,0
16626,movements,0
16627,mover,0
16628,movers,0
16629,moves,0
16630,movie,0
16631,movies,0
16632,moving,0
16633,mow,0
16634,mowed,0
16635,mower,0
16636,mowers,0
16637,mowing,0
16638,moxie,0
16639,moya,0
16640,moz,0
16641,much,0
16642,mucho,0
16643,muck,0
16644,mucking,0
16645,mucosa,0
16646,mucosal,0
16647,mucous,0
16648,mucus,0
16649,mud,0
16650,muddle,0
16651,muddled,0
16652,muddy,0
16653,muff,1
16654,muffin,0
16655,muffins,0
16656,muffled,0
16657,muffler,0
16658,mufti,0
16659,mug,0
16660,mugged,0
16661,mugging,0
16662,muggy,0
16663,mughal,0
16664,mugs,0
16665,mugshot,0
16666,muir,0
16667,mulatto,0
16668,mulberry,0
16669,mulch,0
16670,mule,0
16671,mules,0
16672,mull,0
16673,mullah,0
16674,mulled,0
16675,mullen,0
16676,muller,0
16677,mullet,0
16678,mulligan,0
16679,mulling,0
16680,multicast,0
16681,multiple,0
16682,multiples,0
16683,multiplex,0
16684,multiply,0
16685,multitask,0
16686,multitude,0
16687,mum,0
16688,mumble,0
16689,mumbled,0
16690,mumbles,0
16691,mumbling,0
16692,mummies,0
16693,mummified,0
16694,mummy,0
16695,mumps,0
16696,mums,0
16697,mun,0
16698,munch,0
16699,munchies,0
16700,munching,0
16701,munchkin,0
16702,mundane,0
16703,muni,0
16704,municipal,0
16705,munitions,0
16706,munster,0
16707,muppet,0
16708,muppets,0
16709,mural,0
16710,murals,0
16711,murder,1
16712,murdered,0
16713,murderer,0
16714,murderers,0
16715,murdering,0
16716,murderous,0
16717,murders,0
16718,murine,0
16719,murky,0
16720,murmur,0
16721,murmured,0
16722,murmuring,0
16723,murmurs,0
16724,murphy,0
16725,murray,0
16726,mus,0
16727,muscat,0
16728,muscle,0
16729,muscled,0
16730,muscles,0
16731,muscular,0
16732,muse,0
16733,mused,0
16734,muses,0
16735,museum,0
16736,museums,0
16737,mush,0
16738,mushroom,0
16739,mushrooms,0
16740,mushy,0
16741,music,0
16742,musical,0
16743,musically,0
16744,musicals,0
16745,musician,0
16746,musicians,0
16747,musing,0
16748,musings,0
16749,musk,0
16750,musket,0
16751,muskets,0
16752,muslin,0
16753,mussel,0
16754,mussels,0
16755,must,0
16756,mustache,0
16757,mustaches,0
16758,mustang,0
16759,mustangs,0
16760,mustard,0
16761,muster,0
16762,mustered,0
16763,musty,0
16764,mut,0
16765,mutant,0
16766,mutants,0
16767,mutate,0
16768,mutated,0
16769,mutation,0
16770,mutations,0
16771,mute,0
16772,muted,0
16773,mutilated,0
16774,muting,0
16775,mutiny,0
16776,mutt,0
16777,mutter,0
16778,muttered,0
16779,muttering,0
16780,mutters,0
16781,mutton,0
16782,mutual,0
16783,mutually,0
16784,muzzle,0
16785,mwah,0
16786,myc,0
16787,myelin,0
16788,myeloid,0
16789,myeloma,0
16790,myopia,0
16791,myopic,0
16792,myriad,0
16793,myrrh,0
16794,myrtle,0
16795,myself,0
16796,myspace,0
16797,mysteries,0
16798,mystery,0
16799,mystic,0
16800,mystical,0
16801,mysticism,0
16802,mystics,0
16803,mystified,0
16804,mystique,0
16805,myth,0
16806,mythic,0
16807,mythical,0
16808,mythology,0
16809,mythos,0
16810,myths,0
16811,naan,0
16812,nab,0
16813,nabbed,0
16814,nach,0
16815,nacho,0
16816,nachos,0
16817,nada,0
16818,nadir,0
16819,nae,0
16820,nag,0
16821,naga,0
16822,nagging,0
16823,nah,0
16824,naik,0
16825,nail,0
16826,nailed,0
16827,nailing,0
16828,nails,0
16829,naira,0
16830,naive,0
16831,naively,0
16832,naivety,0
16833,naked,1
16834,nakedness,0
16835,nala,0
16836,naloxone,0
16837,nam,0
16838,namaste,0
16839,name,0
16840,named,0
16841,nameless,0
16842,namely,0
16843,nameplate,0
16844,names,0
16845,namesake,0
16846,naming,0
16847,nan,0
16848,nana,0
16849,nance,0
16850,nancy,0
16851,nang,0
16852,nanna,0
16853,nannies,0
16854,nanny,0
16855,nanoscale,0
16856,nanotubes,0
16857,nap,0
16858,napa,0
16859,napalm,1
16860,nape,0
16861,napkin,0
16862,napkins,0
16863,napoleon,0
16864,nappies,0
16865,napping,0
16866,nappy,1
16867,naps,0
16868,narc,0
16869,narcissus,0
16870,narco,0
16871,narcotic,0
16872,narcotics,0
16873,narrate,0
16874,narrated,0
16875,narrates,0
16876,narrating,0
16877,narration,0
16878,narrative,0
16879,narrator,0
16880,narrators,0
16881,narrow,0
16882,narrowed,0
16883,narrower,0
16884,narrowest,0
16885,narrowing,0
16886,narrowly,0
16887,narrows,0
16888,nary,0
16889,nas,0
16890,nasal,0
16891,nascent,0
16892,nastiest,0
16893,nastiness,0
16894,nasty,0
16895,nat,0
16896,natal,0
16897,nation,0
16898,national,0
16899,nationals,0
16900,nations,0
16901,native,0
16902,natively,0
16903,natives,0
16904,nativity,0
16905,nats,0
16906,natty,0
16907,natura,0
16908,natural,0
16909,naturally,0
16910,naturals,0
16911,nature,0
16912,natured,0
16913,natures,0
16914,naught,0
16915,naughty,0
16916,nausea,0
16917,nauseous,0
16918,nautical,0
16919,nautilus,0
16920,naval,0
16921,nave,0
16922,navel,0
16923,navies,0
16924,navigable,0
16925,navigate,0
16926,navigated,0
16927,navigator,0
16928,navy,0
16929,naw,0
16930,nawab,0
16931,nay,0
16932,naysayers,0
16933,nazi,1
16934,nazir,0
16935,nazis,0
16936,neal,0
16937,near,0
16938,nearby,0
16939,neared,0
16940,nearer,0
16941,nearest,0
16942,nearing,0
16943,nearly,0
16944,nears,0
16945,neat,0
16946,neath,0
16947,neatly,0
16948,neb,0
16949,nebula,0
16950,nebulous,0
16951,necessary,0
16952,necessity,0
16953,neck,0
16954,necked,0
16955,necklace,0
16956,necklaces,0
16957,neckline,0
16958,necks,0
16959,necktie,0
16960,necrosis,0
16961,necrotic,0
16962,nectar,0
16963,ned,0
16964,nee,0
16965,need,0
16966,needed,0
16967,needful,0
16968,needing,0
16969,needle,0
16970,needles,0
16971,needless,0
16972,needs,0
16973,needy,0
16974,nefarious,0
16975,neg,0
16976,negate,0
16977,negated,0
16978,negates,0
16979,negating,0
16980,negation,0
16981,negative,0
16982,negatives,0
16983,neglect,0
16984,neglected,0
16985,neglects,0
16986,negligent,0
16987,negotiate,0
16988,negro,1
16989,negroes,0
16990,neighbor,0
16991,neighbors,0
16992,neighbour,0
16993,neither,0
16994,nellie,0
16995,nelly,0
16996,nelson,0
16997,nematode,0
16998,nematodes,0
16999,nemesis,0
17000,nene,0
17001,neocon,0
17002,neocons,0
17003,neolithic,0
17004,neon,0
17005,neonatal,0
17006,neoplasms,0
17007,neoprene,0
17008,nep,0
17009,nephew,0
17010,nephews,0
17011,nepotism,0
17012,nerd,0
17013,nerds,0
17014,nerdy,0
17015,nerve,0
17016,nerves,0
17017,nervous,0
17018,nervously,0
17019,ness,0
17020,nest,0
17021,nested,0
17022,nesting,0
17023,nestle,0
17024,nestled,0
17025,nestor,0
17026,nests,0
17027,net,0
17028,netball,0
17029,nether,0
17030,netizens,0
17031,nets,0
17032,netted,0
17033,netting,0
17034,nettle,0
17035,nettles,0
17036,network,0
17037,networked,0
17038,networks,0
17039,neural,0
17040,neurology,0
17041,neuron,0
17042,neuronal,0
17043,neurons,0
17044,neurosis,0
17045,neurotic,0
17046,neuter,0
17047,neutered,0
17048,neutral,0
17049,neutrals,0
17050,neutrino,0
17051,neutrinos,0
17052,neutron,0
17053,neutrons,0
17054,neve,0
17055,never,0
17056,nevermind,0
17057,neves,0
17058,new,0
17059,newbie,0
17060,newbies,0
17061,newborn,0
17062,newborns,0
17063,newcomer,0
17064,newcomers,0
17065,newell,0
17066,newer,0
17067,newest,0
17068,newfound,0
17069,newly,0
17070,newlywed,0
17071,newlyweds,0
17072,newmarket,0
17073,newness,0
17074,news,0
17075,newscast,0
17076,newsflash,0
17077,newspaper,0
17078,newsprint,0
17079,newsreel,0
17080,newsroom,0
17081,newsstand,0
17082,newswire,0
17083,newt,0
17084,newton,0
17085,next,0
17086,nexus,0
17087,niacin,0
17088,nib,0
17089,nibble,0
17090,nibbles,0
17091,nibbling,0
17092,nice,0
17093,nicely,0
17094,nicer,0
17095,nicest,0
17096,niceties,0
17097,niche,0
17098,niches,0
17099,nicht,0
17100,nick,0
17101,nicked,0
17102,nickel,0
17103,nickels,0
17104,nickname,0
17105,nicknamed,0
17106,nicknames,0
17107,nicks,0
17108,nicol,0
17109,nicotine,0
17110,nid,0
17111,nie,0
17112,niece,0
17113,nieces,0
17114,nifty,0
17115,niger,0
17116,nigger,1
17117,niggers,1
17118,nigh,0
17119,night,0
17120,nightclub,0
17121,nightfall,0
17122,nightgown,0
17123,nighthawk,0
17124,nightlife,0
17125,nightly,0
17126,nightmare,0
17127,nights,0
17128,nighttime,0
17129,nihilism,0
17130,nil,0
17131,nils,0
17132,nim,0
17133,nimble,0
17134,nimbus,0
17135,nimrod,1
17136,nine,0
17137,nines,0
17138,nineteen,0
17139,nineties,0
17140,ninety,0
17141,ninja,0
17142,ninjas,0
17143,ninth,0
17144,nip,0
17145,nipped,0
17146,nipping,0
17147,nipple,1
17148,nipples,1
17149,nips,0
17150,niqab,0
17151,nirvana,0
17152,nis,0
17153,nit,0
17154,nite,0
17155,nitrate,0
17156,nitrates,0
17157,nitric,0
17158,nitride,0
17159,nitrite,0
17160,nitro,0
17161,nitrogen,0
17162,nitrous,0
17163,nitty,0
17164,nix,0
17165,nizam,0
17166,noah,0
17167,nob,1
17168,nobility,0
17169,noble,0
17170,nobleman,0
17171,noblemen,0
17172,nobles,0
17173,noblest,0
17174,nobodies,0
17175,nobody,0
17176,nocturnal,0
17177,nocturne,0
17178,nod,0
17179,nodal,0
17180,nodded,0
17181,nodding,0
17182,node,0
17183,nodes,0
17184,nods,0
17185,nodules,0
17186,noel,0
17187,nog,0
17188,noggin,0
17189,noh,0
17190,noir,0
17191,noise,0
17192,noises,0
17193,noisy,0
17194,noll,0
17195,nom,0
17196,noma,0
17197,nomad,0
17198,nomadic,0
17199,nomads,0
17200,nome,0
17201,nominal,0
17202,nominally,0
17203,nominate,0
17204,nominated,0
17205,nominates,0
17206,nominee,0
17207,nominees,0
17208,non,0
17209,nona,0
17210,none,0
17211,nonhuman,0
17212,nonlinear,0
17213,nonprofit,0
17214,nonsense,0
17215,nonstop,0
17216,nonverbal,0
17217,nonzero,0
17218,noo,0
17219,noob,0
17220,noodle,0
17221,noodles,0
17222,nook,0
17223,nooks,0
17224,noon,0
17225,noose,0
17226,nope,0
17227,nor,0
17228,nordic,0
17229,nori,0
17230,norm,0
17231,norma,0
17232,normal,0
17233,normalcy,0
17234,normality,0
17235,normalize,0
17236,normally,0
17237,normals,0
17238,norman,0
17239,normans,0
17240,normative,0
17241,norms,0
17242,north,0
17243,northeast,0
17244,northerly,0
17245,northern,0
17246,northland,0
17247,northward,0
17248,northwest,0
17249,nos,0
17250,nose,0
17251,nosebleed,0
17252,nosed,0
17253,noses,0
17254,nosey,0
17255,nostalgia,0
17256,nostalgic,0
17257,nostril,0
17258,nostrils,0
17259,nosy,0
17260,not,0
17261,nota,0
17262,notable,0
17263,notables,0
17264,notably,0
17265,notary,0
17266,notation,0
17267,notations,0
17268,notch,0
17269,notched,0
17270,notches,0
17271,note,0
17272,notebook,0
17273,notebooks,0
17274,noted,0
17275,notepad,0
17276,notes,0
17277,nother,0
17278,nothing,0
17279,nothings,0
17280,notice,0
17281,noticed,0
17282,notices,0
17283,noticing,0
17284,notified,0
17285,notifies,0
17286,notify,0
17287,notifying,0
17288,noting,0
17289,notion,0
17290,notional,0
17291,notions,0
17292,notoriety,0
17293,notorious,0
17294,nott,0
17295,nougat,0
17296,nought,0
17297,noun,0
17298,nouns,0
17299,nourish,0
17300,nourished,0
17301,nous,0
17302,nouveau,0
17303,nouvelle,0
17304,nova,0
17305,novel,0
17306,novelist,0
17307,novelists,0
17308,novella,0
17309,novellas,0
17310,novels,0
17311,novelties,0
17312,novelty,0
17313,november,0
17314,novice,0
17315,novices,0
17316,now,0
17317,nowadays,0
17318,nowhere,0
17319,nox,0
17320,noxious,0
17321,noyes,0
17322,nozzle,0
17323,nozzles,0
17324,nth,0
17325,nuance,0
17326,nuanced,0
17327,nuances,0
17328,nub,0
17329,nuclear,0
17330,nuclei,0
17331,nucleic,0
17332,nucleus,0
17333,nude,1
17334,nudes,1
17335,nudge,0
17336,nudged,0
17337,nudging,0
17338,nudist,0
17339,nudity,0
17340,nuff,0
17341,nugget,0
17342,nuggets,0
17343,nuisance,0
17344,nuke,0
17345,nukes,0
17346,null,0
17347,nullified,0
17348,nullify,0
17349,numb,0
17350,number,0
17351,numbered,0
17352,numbering,0
17353,numbers,0
17354,numbing,0
17355,numbness,0
17356,numeracy,0
17357,numeral,0
17358,numerals,0
17359,numeric,0
17360,numerical,0
17361,numerous,0
17362,nun,0
17363,nunnery,0
17364,nuns,0
17365,nuptial,0
17366,nuptials,0
17367,nur,0
17368,nurse,0
17369,nursed,0
17370,nurseries,0
17371,nursery,0
17372,nurses,0
17373,nursing,0
17374,nurture,0
17375,nurtured,0
17376,nurturing,0
17377,nus,0
17378,nut,0
17379,nutmeg,0
17380,nutrient,0
17381,nutrients,0
17382,nutrition,0
17383,nuts,0
17384,nutshell,0
17385,nutter,0
17386,nutty,0
17387,nye,0
17388,nylon,0
17389,nymph,0
17390,nymphs,0
17391,nys,0
17392,oak,0
17393,oaks,0
17394,oar,0
17395,oars,0
17396,oasis,0
17397,oat,0
17398,oath,0
17399,oaths,0
17400,oatmeal,0
17401,oats,0
17402,oba,0
17403,obe,0
17404,obedience,0
17405,obedient,0
17406,obelisk,0
17407,obese,0
17408,obesity,0
17409,obey,0
17410,obeyed,0
17411,obeying,0
17412,obeys,0
17413,obi,0
17414,obituary,0
17415,object,0
17416,objected,0
17417,objecting,0
17418,objection,0
17419,objective,0
17420,objector,0
17421,objectors,0
17422,objects,0
17423,oblast,0
17424,obligate,0
17425,obligated,0
17426,oblige,0
17427,obliged,0
17428,obliging,0
17429,oblique,0
17430,obliquely,0
17431,oblivion,0
17432,oblivious,0
17433,oblong,0
17434,obnoxious,0
17435,oboe,0
17436,obs,0
17437,obscene,0
17438,obscenity,0
17439,obscure,0
17440,obscured,0
17441,obscures,0
17442,obscuring,0
17443,obscurity,0
17444,observant,0
17445,observe,0
17446,observed,0
17447,observer,0
17448,observers,0
17449,observes,0
17450,observing,0
17451,obsess,0
17452,obsessed,0
17453,obsessing,0
17454,obsession,0
17455,obsessive,0
17456,obsidian,0
17457,obsolete,0
17458,obstacle,0
17459,obstacles,0
17460,obstetric,0
17461,obstinate,0
17462,obstruct,0
17463,obtain,0
17464,obtained,0
17465,obtaining,0
17466,obtains,0
17467,obtuse,0
17468,obverse,0
17469,obvious,0
17470,obviously,0
17471,occasion,0
17472,occasions,0
17473,occipital,0
17474,occlusion,0
17475,occult,0
17476,occupancy,0
17477,occupant,0
17478,occupants,0
17479,occupied,0
17480,occupier,0
17481,occupiers,0
17482,occupies,0
17483,occupy,0
17484,occupying,0
17485,occur,0
17486,occurred,0
17487,occurring,0
17488,occurs,0
17489,ocean,0
17490,oceanic,0
17491,oceans,0
17492,och,0
17493,ochre,0
17494,octagon,0
17495,octagonal,0
17496,octane,0
17497,octave,0
17498,octaves,0
17499,octopus,0
17500,ocular,0
17501,oculus,0
17502,oda,0
17503,odd,0
17504,oddball,0
17505,oddest,0
17506,oddities,0
17507,oddity,0
17508,oddly,0
17509,odds,0
17510,ode,0
17511,odeon,0
17512,odes,0
17513,odious,0
17514,odor,0
17515,odors,0
17516,odour,0
17517,odyssey,0
17518,oeuvre,0
17519,oeuvres,0
17520,off,0
17521,offal,0
17522,offbeat,0
17523,offence,0
17524,offences,0
17525,offend,0
17526,offended,0
17527,offender,0
17528,offenders,0
17529,offending,0
17530,offends,0
17531,offense,0
17532,offenses,0
17533,offensive,0
17534,offer,0
17535,offered,0
17536,offering,0
17537,offerings,0
17538,offers,0
17539,offhand,0
17540,office,0
17541,officer,0
17542,officers,0
17543,offices,0
17544,official,0
17545,officials,0
17546,officiate,0
17547,offing,0
17548,offline,0
17549,offload,0
17550,offs,0
17551,offseason,0
17552,offset,0
17553,offsets,0
17554,offshoot,0
17555,offshore,0
17556,offside,0
17557,offspring,0
17558,offstage,0
17559,oft,0
17560,often,0
17561,ogle,0
17562,ogre,0
17563,ohm,0
17564,ohms,0
17565,oil,0
17566,oiled,0
17567,oilers,0
17568,oilfield,0
17569,oils,0
17570,oily,0
17571,ointment,0
17572,oka,0
17573,okay,0
17574,okra,0
17575,old,0
17576,olde,0
17577,olden,0
17578,older,0
17579,oldest,0
17580,oldie,0
17581,oldies,0
17582,olds,0
17583,ole,0
17584,olfactory,0
17585,oligarch,0
17586,oligarchs,0
17587,oligarchy,0
17588,oliphant,0
17589,olive,0
17590,oliver,0
17591,olives,0
17592,ollie,0
17593,olympiad,0
17594,olympics,0
17595,ombre,0
17596,ombudsman,0
17597,omega,0
17598,omelet,0
17599,omelette,0
17600,omen,0
17601,omens,0
17602,omer,0
17603,ominous,0
17604,ominously,0
17605,omission,0
17606,omissions,0
17607,omit,0
17608,omits,0
17609,omitted,0
17610,omitting,0
17611,omnibus,0
17612,omnium,0
17613,onboard,0
17614,once,0
17615,oncology,0
17616,oncoming,0
17617,one,0
17618,oneness,0
17619,onerous,0
17620,ones,0
17621,oneself,0
17622,onetime,0
17623,ongoing,0
17624,onion,0
17625,onions,0
17626,online,0
17627,onlookers,0
17628,only,0
17629,ono,0
17630,ons,0
17631,onscreen,0
17632,onset,0
17633,onshore,0
17634,onside,0
17635,onslaught,0
17636,onstage,0
17637,onto,0
17638,ontology,0
17639,onus,0
17640,onward,0
17641,onwards,0
17642,onyx,0
17643,oof,0
17644,oomph,0
17645,oop,0
17646,oops,0
17647,oot,0
17648,ooze,0
17649,oozes,0
17650,oozing,0
17651,opacity,0
17652,opal,0
17653,opaque,0
17654,ope,0
17655,open,0
17656,opened,0
17657,opener,0
17658,openers,0
17659,opening,0
17660,openings,0
17661,openly,0
17662,openness,0
17663,opens,0
17664,opera,0
17665,operable,0
17666,operas,0
17667,operate,0
17668,operated,0
17669,operates,0
17670,operatic,0
17671,operating,0
17672,operation,0
17673,operative,0
17674,operator,0
17675,operators,0
17676,opiate,1
17677,opiates,0
17678,opined,0
17679,opinion,0
17680,opinions,0
17681,opioid,0
17682,opioids,0
17683,opium,1
17684,oppo,0
17685,opponent,0
17686,opponents,0
17687,opportune,0
17688,oppose,0
17689,opposed,0
17690,opposes,0
17691,opposing,0
17692,opposite,0
17693,opposites,0
17694,oppress,0
17695,oppressed,0
17696,oppressor,0
17697,ops,0
17698,opt,0
17699,opted,0
17700,optic,0
17701,optical,0
17702,optically,0
17703,optics,0
17704,optimal,0
17705,optimally,0
17706,optimise,0
17707,optimised,0
17708,optimism,0
17709,optimist,0
17710,optimize,0
17711,optimized,0
17712,optimum,0
17713,opting,0
17714,option,0
17715,optional,0
17716,optioned,0
17717,options,0
17718,optometry,0
17719,opts,0
17720,opulence,0
17721,opulent,0
17722,opus,0
17723,ora,0
17724,oracle,0
17725,oracles,0
17726,oral,1
17727,orally,1
17728,orang,0
17729,orange,0
17730,oranges,0
17731,orangutan,0
17732,oration,0
17733,orator,0
17734,oratorio,0
17735,oratory,0
17736,orb,0
17737,orbit,0
17738,orbital,0
17739,orbitals,0
17740,orbiter,0
17741,orbiting,0
17742,orbits,0
17743,orbs,0
17744,orc,0
17745,orca,0
17746,orcas,0
17747,orchard,0
17748,orchards,0
17749,orchestra,0
17750,orchid,0
17751,orchids,0
17752,orcs,0
17753,ord,0
17754,ordained,0
17755,ordeal,0
17756,order,0
17757,ordered,0
17758,ordering,0
17759,orderly,0
17760,orders,0
17761,ordinal,0
17762,ordinance,0
17763,ordinary,0
17764,ordinate,0
17765,ordinated,0
17766,ordinates,0
17767,ordnance,0
17768,ore,0
17769,oregano,0
17770,ores,0
17771,organ,1
17772,organic,0
17773,organics,0
17774,organise,0
17775,organised,0
17776,organiser,0
17777,organises,0
17778,organism,0
17779,organisms,0
17780,organist,0
17781,organize,0
17782,organized,0
17783,organizer,0
17784,organizes,0
17785,organs,0
17786,orgasm,1
17787,orgasmic,1
17788,orgasms,1
17789,orgies,1
17790,orgy,1
17791,orient,0
17792,oriental,0
17793,oriented,0
17794,orifice,0
17795,origami,0
17796,origin,0
17797,original,0
17798,originals,0
17799,originate,0
17800,origins,0
17801,orioles,0
17802,orleans,0
17803,ornament,0
17804,ornaments,0
17805,ornate,0
17806,orphan,0
17807,orphanage,0
17808,orphaned,0
17809,orphans,0
17810,ors,0
17811,ortho,0
17812,orthodox,0
17813,orthodoxy,0
17814,oryx,0
17815,oscar,0
17816,oscars,0
17817,osmosis,0
17818,osprey,0
17819,ospreys,0
17820,ostrich,0
17821,otaku,0
17822,other,0
17823,others,0
17824,otherwise,0
17825,otter,0
17826,otters,0
17827,otto,0
17828,ottoman,0
17829,ottomans,0
17830,ouch,0
17831,ought,0
17832,ouija,0
17833,ould,0
17834,ounce,0
17835,ounces,0
17836,our,0
17837,ours,0
17838,ourself,0
17839,ourselves,0
17840,oust,0
17841,ousted,0
17842,ouster,0
17843,ousting,0
17844,out,0
17845,outage,0
17846,outages,0
17847,outback,0
17848,outbid,0
17849,outboard,0
17850,outbound,0
17851,outbreak,0
17852,outbreaks,0
17853,outburst,0
17854,outbursts,0
17855,outcast,0
17856,outcasts,0
17857,outcome,0
17858,outcomes,0
17859,outcrop,0
17860,outcrops,0
17861,outcry,0
17862,outdated,0
17863,outdo,0
17864,outdone,0
17865,outdoor,0
17866,outdoors,0
17867,outed,0
17868,outer,0
17869,outermost,0
17870,outerwear,0
17871,outfield,0
17872,outfit,0
17873,outfits,0
17874,outfitted,0
17875,outflow,0
17876,outflows,0
17877,outgoing,0
17878,outgrow,0
17879,outgrown,0
17880,outgrowth,0
17881,outhouse,0
17882,outing,0
17883,outings,0
17884,outlander,0
17885,outlast,0
17886,outlaw,0
17887,outlawed,0
17888,outlawing,0
17889,outlaws,0
17890,outlay,0
17891,outlet,0
17892,outlets,0
17893,outlier,0
17894,outliers,0
17895,outline,0
17896,outlined,0
17897,outlines,0
17898,outlining,0
17899,outlive,0
17900,outlived,0
17901,outlook,0
17902,outlooks,0
17903,outlying,0
17904,outmoded,0
17905,outnumber,0
17906,outplayed,0
17907,outpost,0
17908,outposts,0
17909,output,0
17910,outputs,0
17911,outrage,0
17912,outraged,0
17913,outreach,0
17914,outright,0
17915,outro,0
17916,outrun,0
17917,outs,0
17918,outscored,0
17919,outset,0
17920,outshine,0
17921,outside,0
17922,outsider,0
17923,outsiders,0
17924,outskirts,0
17925,outsmart,0
17926,outsource,0
17927,outspoken,0
17928,outtakes,0
17929,outward,0
17930,outwardly,0
17931,outwards,0
17932,outweigh,0
17933,outweighs,0
17934,ova,0
17935,oval,0
17936,ovarian,0
17937,ovaries,0
17938,ovary,1
17939,ovate,0
17940,ovation,0
17941,oven,0
17942,ovens,0
17943,over,0
17944,overall,0
17945,overalls,0
17946,overblown,0
17947,overboard,0
17948,overcame,0
17949,overcast,0
17950,overcoat,0
17951,overcome,0
17952,overcomes,0
17953,overdo,0
17954,overdoing,0
17955,overdone,0
17956,overdose,0
17957,overdosed,0
17958,overdoses,0
17959,overdraft,0
17960,overdrive,0
17961,overdue,0
17962,overflow,0
17963,overflows,0
17964,overgrown,0
17965,overhang,0
17966,overhaul,0
17967,overhead,0
17968,overheads,0
17969,overhear,0
17970,overheard,0
17971,overheat,0
17972,overjoyed,0
17973,overkill,0
17974,overlaid,0
17975,overland,0
17976,overlap,0
17977,overlaps,0
17978,overlay,0
17979,overlays,0
17980,overload,0
17981,overlook,0
17982,overlooks,0
17983,overlord,0
17984,overlords,0
17985,overly,0
17986,overlying,0
17987,overnight,0
17988,overpaid,0
17989,overpass,0
17990,overpower,0
17991,overran,0
17992,overrated,0
17993,overreach,0
17994,overreact,0
17995,override,0
17996,overrides,0
17997,overrule,0
17998,overruled,0
17999,overrun,0
18000,overruns,0
18001,overs,0
18002,oversaw,0
18003,overseas,0
18004,oversee,0
18005,overseen,0
18006,overseer,0
18007,overseers,0
18008,oversees,0
18009,overshoot,0
18010,oversight,0
18011,oversize,0
18012,oversized,0
18013,overstate,0
18014,overt,0
18015,overtake,0
18016,overtaken,0
18017,overtakes,0
18018,overthink,0
18019,overthrew,0
18020,overthrow,0
18021,overtime,0
18022,overtly,0
18023,overtones,0
18024,overtook,0
18025,overture,0
18026,overtures,0
18027,overturn,0
18028,overuse,0
18029,overused,0
18030,overview,0
18031,overwatch,0
18032,overwhelm,0
18033,overwork,0
18034,ovulation,0
18035,owe,0
18036,owed,0
18037,owes,0
18038,owing,0
18039,owl,0
18040,owls,0
18041,own,0
18042,owned,0
18043,owner,0
18044,owners,0
18045,ownership,0
18046,owning,0
18047,owns,0
18048,oxen,0
18049,oxford,0
18050,oxidase,0
18051,oxidation,0
18052,oxidative,0
18053,oxide,0
18054,oxides,0
18055,oxidized,0
18056,oxidizing,0
18057,oxo,0
18058,oxy,0
18059,oxycodone,0
18060,oxygen,0
18061,oxymoron,0
18062,oxytocin,0
18063,oye,0
18064,oyster,0
18065,oysters,0
18066,ozone,0
18067,ozzie,0
18068,pac,0
18069,pace,0
18070,paced,0
18071,pacemaker,0
18072,pacer,0
18073,pacers,0
18074,paces,0
18075,pacific,0
18076,pacifier,0
18077,pacifism,0
18078,pacifist,0
18079,pacify,0
18080,pacing,0
18081,pack,0
18082,package,0
18083,packaged,0
18084,packages,0
18085,packaging,0
18086,packed,0
18087,packer,0
18088,packers,0
18089,packet,0
18090,packets,0
18091,packing,0
18092,packs,0
18093,paco,0
18094,pacs,0
18095,pact,0
18096,pacts,0
18097,pad,0
18098,padded,0
18099,padding,0
18100,paddle,0
18101,paddled,0
18102,paddles,0
18103,paddling,0
18104,paddock,0
18105,paddocks,0
18106,paddy,1
18107,padlock,0
18108,padma,0
18109,padre,0
18110,padres,0
18111,pads,0
18112,paella,0
18113,pagan,0
18114,paganism,0
18115,pagans,0
18116,page,0
18117,pageant,0
18118,pageantry,0
18119,pageants,0
18120,pager,0
18121,pages,0
18122,paging,0
18123,pagoda,0
18124,pah,0
18125,paid,0
18126,pail,0
18127,pain,0
18128,pained,0
18129,painful,0
18130,painfully,0
18131,painless,0
18132,pains,0
18133,paint,0
18134,paintball,0
18135,painted,0
18136,painter,0
18137,painters,0
18138,painting,0
18139,paintings,0
18140,paints,0
18141,pair,0
18142,paired,0
18143,pairing,0
18144,pairings,0
18145,pairs,0
18146,pais,0
18147,paisley,0
18148,pajama,0
18149,pajamas,0
18150,pal,0
18151,palace,0
18152,palaces,0
18153,paladin,0
18154,paladins,0
18155,palais,0
18156,palatable,0
18157,palate,0
18158,palatial,0
18159,palatine,0
18160,palazzo,0
18161,pale,0
18162,paleozoic,0
18163,paler,0
18164,pales,0
18165,palette,0
18166,palettes,0
18167,palisade,0
18168,palisades,0
18169,pall,0
18170,palladium,0
18171,pallet,0
18172,pallets,0
18173,palm,0
18174,palmer,0
18175,palmetto,0
18176,palms,0
18177,palmyra,0
18178,palpable,0
18179,pals,0
18180,palsy,0
18181,paltry,0
18182,pam,0
18183,pamper,0
18184,pampered,0
18185,pampering,0
18186,pamphlet,0
18187,pamphlets,0
18188,pan,0
18189,panacea,0
18190,panache,0
18191,panama,0
18192,pancake,0
18193,pancakes,0
18194,panchayat,0
18195,pancreas,0
18196,panda,0
18197,pandas,0
18198,pandemic,0
18199,pander,0
18200,pandering,0
18201,pandit,0
18202,pandora,0
18203,pane,0
18204,panel,0
18205,paneled,0
18206,paneling,0
18207,panelist,0
18208,panelists,0
18209,panelled,0
18210,panelling,0
18211,panels,0
18212,panes,0
18213,pang,0
18214,pangs,0
18215,panhandle,0
18216,panic,0
18217,panicked,0
18218,panicking,0
18219,panicky,0
18220,panics,0
18221,panini,0
18222,panned,0
18223,panning,0
18224,panorama,0
18225,panoramic,0
18226,pans,0
18227,pansy,0
18228,pant,0
18229,pantheon,0
18230,panther,0
18231,panthers,0
18232,panties,1
18233,panting,0
18234,pantomime,0
18235,pantry,0
18236,pants,0
18237,panty,1
18238,pantyhose,0
18239,panzer,0
18240,paolo,0
18241,pap,0
18242,papa,0
18243,papacy,0
18244,papal,0
18245,paparazzi,0
18246,papaya,0
18247,pape,0
18248,paper,0
18249,paperback,0
18250,papers,0
18251,paperwork,0
18252,papillon,0
18253,pappy,0
18254,paprika,0
18255,papyrus,0
18256,par,0
18257,para,0
18258,parable,0
18259,parables,0
18260,parabolic,0
18261,parachute,0
18262,parade,0
18263,paraded,0
18264,parades,0
18265,paradigm,0
18266,paradigms,0
18267,parading,0
18268,paradise,0
18269,paradox,0
18270,paradoxes,0
18271,paraffin,0
18272,paragon,0
18273,paragraph,0
18274,paralegal,0
18275,parallax,0
18276,parallel,0
18277,parallels,0
18278,paralysed,0
18279,paralysis,0
18280,paralyze,0
18281,paralyzed,0
18282,paramedic,0
18283,parameter,0
18284,paramount,0
18285,paranoia,0
18286,paranoid,0
18287,parapet,0
18288,paras,0
18289,parasite,0
18290,parasites,0
18291,parasitic,0
18292,parasol,0
18293,parcel,0
18294,parcels,0
18295,parched,0
18296,parchment,0
18297,pardon,0
18298,pardoned,0
18299,pardons,0
18300,pare,0
18301,pared,0
18302,parent,0
18303,parentage,0
18304,parental,0
18305,parenting,0
18306,parents,0
18307,pariah,0
18308,parietal,0
18309,paring,0
18310,paris,0
18311,parish,0
18312,parishes,0
18313,parity,0
18314,park,0
18315,parka,0
18316,parked,0
18317,parker,0
18318,parkin,0
18319,parking,0
18320,parkland,0
18321,parkour,0
18322,parks,0
18323,parkway,0
18324,parlance,0
18325,parlay,0
18326,parley,0
18327,parlor,0
18328,parlors,0
18329,parlour,0
18330,parmesan,0
18331,parochial,0
18332,parodied,0
18333,parodies,0
18334,parody,0
18335,parole,0
18336,paroled,0
18337,parr,0
18338,parra,0
18339,parrot,0
18340,parrots,0
18341,parry,0
18342,pars,0
18343,parse,0
18344,parser,0
18345,parsing,0
18346,parsley,0
18347,parson,0
18348,parsonage,0
18349,parsons,0
18350,part,0
18351,partake,0
18352,partaking,0
18353,parted,0
18354,parti,0
18355,partial,0
18356,partially,0
18357,particle,0
18358,particles,0
18359,partied,0
18360,parties,0
18361,parting,0
18362,partisan,0
18363,partisans,0
18364,partition,0
18365,partly,0
18366,partner,0
18367,partnered,0
18368,partners,0
18369,parton,0
18370,partridge,0
18371,parts,0
18372,party,0
18373,partying,0
18374,pas,0
18375,pascal,0
18376,paschal,0
18377,pasha,0
18378,pass,0
18379,passable,0
18380,passage,0
18381,passages,0
18382,passe,0
18383,passed,0
18384,passenger,0
18385,passer,0
18386,passerby,0
18387,passers,0
18388,passersby,0
18389,passes,0
18390,passing,0
18391,passion,0
18392,passions,0
18393,passive,0
18394,passively,0
18395,passivity,0
18396,passover,0
18397,passport,0
18398,passports,0
18399,password,0
18400,passwords,0
18401,past,0
18402,pasta,0
18403,paste,0
18404,pasted,0
18405,pastel,0
18406,pastels,0
18407,pastiche,0
18408,pastime,0
18409,pastimes,0
18410,pasting,0
18411,pastor,0
18412,pastoral,0
18413,pastors,0
18414,pastries,0
18415,pastry,0
18416,pasts,0
18417,pasture,0
18418,pastures,0
18419,pasty,1
18420,pat,0
18421,patch,0
18422,patched,0
18423,patches,0
18424,patching,0
18425,patchwork,0
18426,patchy,0
18427,pate,0
18428,patent,0
18429,patented,0
18430,patently,0
18431,patents,0
18432,pater,0
18433,paternal,0
18434,paternity,0
18435,path,0
18436,pathetic,0
18437,pathogen,0
18438,pathogens,0
18439,pathology,0
18440,pathos,0
18441,paths,0
18442,pathway,0
18443,pathways,0
18444,patience,0
18445,patient,0
18446,patiently,0
18447,patients,0
18448,patina,0
18449,patio,0
18450,patriarch,0
18451,patrician,0
18452,patrick,0
18453,patrimony,0
18454,patriot,0
18455,patriotic,0
18456,patriots,0
18457,patrol,0
18458,patrolled,0
18459,patrolman,0
18460,patrols,0
18461,patron,0
18462,patronage,0
18463,patronize,0
18464,patrons,0
18465,pats,0
18466,patsy,0
18467,patted,0
18468,patten,0
18469,patter,0
18470,pattern,0
18471,patterned,0
18472,patterns,0
18473,patties,0
18474,patting,0
18475,patty,0
18476,paucity,0
18477,paul,0
18478,pauls,0
18479,pauper,0
18480,pause,0
18481,paused,0
18482,pauses,0
18483,pausing,0
18484,pave,0
18485,paved,0
18486,pavement,0
18487,pavements,0
18488,paves,0
18489,pavilion,0
18490,pavilions,0
18491,paving,0
18492,paw,0
18493,pawn,1
18494,pawnee,0
18495,pawns,0
18496,paws,0
18497,pax,0
18498,pay,0
18499,payable,0
18500,payback,0
18501,paycheck,0
18502,paychecks,0
18503,payday,0
18504,payed,0
18505,payer,0
18506,payers,0
18507,paying,0
18508,payload,0
18509,payloads,0
18510,payment,0
18511,payments,0
18512,payoff,0
18513,payoffs,0
18514,payout,0
18515,payouts,0
18516,payroll,0
18517,payrolls,0
18518,pays,0
18519,pea,0
18520,peace,0
18521,peaceful,0
18522,peacetime,0
18523,peach,0
18524,peaches,0
18525,peachy,0
18526,peacock,0
18527,peacocks,0
18528,peak,0
18529,peaked,0
18530,peaking,0
18531,peaks,0
18532,peanut,0
18533,peanuts,0
18534,pear,0
18535,pearce,0
18536,pearl,0
18537,pearls,0
18538,pearly,0
18539,pears,0
18540,peas,0
18541,peasant,0
18542,peasantry,0
18543,peasants,0
18544,pease,0
18545,peat,0
18546,pebble,0
18547,pebbles,0
18548,pec,0
18549,pecan,0
18550,pecans,0
18551,peck,0
18552,pecker,1
18553,pecking,0
18554,pecs,0
18555,pectoral,0
18556,peculiar,0
18557,ped,0
18558,pedagogy,0
18559,pedal,0
18560,pedaling,0
18561,pedals,0
18562,pedantic,0
18563,peddle,0
18564,peddler,0
18565,peddling,0
18566,pedestal,0
18567,pediatric,0
18568,pedicure,0
18569,pedigree,0
18570,pedophile,1
18571,pedro,0
18572,peds,0
18573,pee,1
18574,peed,0
18575,peeing,0
18576,peek,0
18577,peeked,0
18578,peeking,0
18579,peeks,0
18580,peel,0
18581,peeled,0
18582,peeling,0
18583,peels,0
18584,peep,0
18585,peeping,0
18586,peeps,0
18587,peer,0
18588,peerage,0
18589,peered,0
18590,peering,0
18591,peerless,0
18592,peers,0
18593,pees,0
18594,peeve,0
18595,peeves,0
18596,peg,0
18597,pegasus,0
18598,pegged,0
18599,pegging,0
18600,peggy,0
18601,pegs,0
18602,pelagic,0
18603,pele,0
18604,pelham,0
18605,pelican,0
18606,pelicans,0
18607,pell,0
18608,pellet,0
18609,pellets,0
18610,peloton,0
18611,pelt,0
18612,pelted,0
18613,pelts,0
18614,pelvic,0
18615,pelvis,0
18616,pembroke,0
18617,pen,0
18618,penal,0
18619,penalised,0
18620,penalize,0
18621,penalized,0
18622,penalties,0
18623,penalty,0
18624,penance,0
18625,penang,0
18626,pence,0
18627,penchant,0
18628,pencil,0
18629,pencils,0
18630,pendant,0
18631,pendants,0
18632,pending,0
18633,pendulum,0
18634,penetrate,1
18635,penguin,0
18636,penguins,0
18637,penile,1
18638,peninsula,0
18639,penis,1
18640,penises,0
18641,penitent,0
18642,pennant,0
18643,penned,0
18644,penner,0
18645,pennies,0
18646,penniless,0
18647,penning,0
18648,penny,0
18649,pens,0
18650,pension,0
18651,pensioner,0
18652,pensions,0
18653,pensive,0
18654,pent,0
18655,pentagon,0
18656,pentagram,0
18657,penthouse,0
18658,peony,0
18659,people,0
18660,peoples,0
18661,pep,0
18662,pepper,0
18663,peppered,0
18664,pepperoni,0
18665,peppers,0
18666,peppy,0
18667,peptide,0
18668,peptides,0
18669,per,0
18670,perceive,0
18671,perceived,0
18672,perceives,0
18673,percent,0
18674,perch,0
18675,perchance,0
18676,perched,0
18677,perches,0
18678,perdue,0
18679,pere,0
18680,peregrine,0
18681,pereira,0
18682,perennial,0
18683,peres,0
18684,perfect,0
18685,perfected,0
18686,perfectly,0
18687,perform,0
18688,performed,0
18689,performer,0
18690,performs,0
18691,perfume,0
18692,perfumed,0
18693,perfumes,0
18694,perfusion,0
18695,perhaps,0
18696,peri,0
18697,peridot,0
18698,peril,0
18699,perilous,0
18700,perils,0
18701,perimeter,0
18702,perinatal,0
18703,period,0
18704,periodic,0
18705,periods,0
18706,periphery,0
18707,periscope,0
18708,perish,0
18709,perished,0
18710,perjury,0
18711,perk,0
18712,perkins,0
18713,perks,0
18714,perky,0
18715,perm,0
18716,permanent,0
18717,permeable,0
18718,permeate,0
18719,permeated,0
18720,permeates,0
18721,permian,0
18722,permit,0
18723,permits,0
18724,permitted,0
18725,peroxide,0
18726,perp,0
18727,perpetual,0
18728,perplexed,0
18729,perry,0
18730,persecute,0
18731,persevere,0
18732,persimmon,0
18733,persist,0
18734,persisted,0
18735,persists,0
18736,person,0
18737,persona,0
18738,personal,0
18739,personals,0
18740,personas,0
18741,personnel,0
18742,persons,0
18743,persuade,0
18744,persuaded,0
18745,persuades,0
18746,pert,0
18747,pertain,0
18748,pertains,0
18749,pertinent,0
18750,perturbed,0
18751,pertussis,0
18752,peruse,0
18753,perusing,0
18754,perv,0
18755,pervades,0
18756,pervasive,0
18757,perverse,0
18758,pervert,0
18759,perverted,0
18760,perverts,0
18761,pes,0
18762,pesky,0
18763,peso,0
18764,pesos,0
18765,pessimism,0
18766,pessimist,0
18767,pest,0
18768,pester,0
18769,pestering,0
18770,pesticide,0
18771,pestle,0
18772,pesto,0
18773,pests,0
18774,pet,0
18775,petal,0
18776,petals,0
18777,peter,0
18778,peters,0
18779,petit,0
18780,petite,0
18781,petition,0
18782,petitions,0
18783,petri,0
18784,petrified,0
18785,petrol,0
18786,petroleum,0
18787,pets,0
18788,petticoat,0
18789,pettiness,0
18790,petting,0
18791,petty,0
18792,petulant,0
18793,pew,0
18794,pews,0
18795,pewter,0
18796,peyote,1
18797,phage,0
18798,phalanx,0
18799,phallic,1
18800,phallus,0
18801,phantom,0
18802,phantoms,0
18803,pharaoh,0
18804,pharaohs,0
18805,pharisees,0
18806,pharma,0
18807,pharmacy,0
18808,phase,0
18809,phased,0
18810,phases,0
18811,phasing,0
18812,phat,0
18813,pheasant,0
18814,pheasants,0
18815,phenol,0
18816,phenolic,0
18817,phenom,0
18818,phenomena,0
18819,phenotype,0
18820,pheromone,0
18821,phew,0
18822,phi,0
18823,philology,0
18824,phishing,0
18825,phlegm,0
18826,pho,0
18827,phobia,0
18828,phobias,0
18829,phobic,0
18830,phoebe,0
18831,phoenix,0
18832,phone,0
18833,phoned,0
18834,phonemes,0
18835,phones,0
18836,phonetic,0
18837,phonetics,0
18838,phoney,0
18839,phonics,0
18840,phoning,0
18841,phonology,0
18842,phony,0
18843,phosphate,0
18844,phosphor,0
18845,photo,0
18846,photocopy,0
18847,photon,0
18848,photonic,0
18849,photonics,0
18850,photons,0
18851,photos,0
18852,photoshop,0
18853,phrase,0
18854,phrased,0
18855,phrases,0
18856,phrasing,0
18857,phylogeny,0
18858,physic,0
18859,physical,0
18860,physician,0
18861,physicist,0
18862,physics,0
18863,physio,0
18864,physique,0
18865,pia,0
18866,pianist,0
18867,pianists,0
18868,piano,0
18869,pianos,0
18870,piazza,0
18871,pic,0
18872,pica,0
18873,piccolo,0
18874,pick,0
18875,picked,0
18876,picker,0
18877,pickers,0
18878,picket,0
18879,picketing,0
18880,pickets,0
18881,pickin,0
18882,picking,0
18883,pickings,0
18884,pickle,0
18885,pickled,0
18886,pickles,0
18887,picks,0
18888,pickup,0
18889,pickups,0
18890,picky,0
18891,picnic,0
18892,picnics,0
18893,pics,0
18894,pictorial,0
18895,picture,0
18896,pictured,0
18897,pictures,0
18898,picturing,0
18899,pidgin,0
18900,pie,0
18901,piece,0
18902,pieced,0
18903,piecemeal,0
18904,pieces,0
18905,piecing,0
18906,pied,0
18907,piedmont,0
18908,pier,0
18909,pierce,0
18910,pierced,0
18911,pierces,0
18912,piercing,0
18913,piercings,0
18914,pierrot,0
18915,piers,0
18916,pies,0
18917,piet,0
18918,piety,0
18919,pig,0
18920,pigeon,0
18921,pigeons,0
18922,piggy,0
18923,piggyback,0
18924,piglet,0
18925,piglets,0
18926,pigment,0
18927,pigmented,0
18928,pigments,0
18929,pigs,0
18930,pigtails,0
18931,pika,0
18932,pike,0
18933,pikes,0
18934,pilar,0
18935,pile,0
18936,piled,0
18937,piles,0
18938,pilgrim,0
18939,pilgrims,0
18940,piling,0
18941,pill,0
18942,pillage,0
18943,pillaged,0
18944,pillaging,0
18945,pillar,0
18946,pillars,0
18947,pillow,0
18948,pillows,0
18949,pills,0
18950,pilot,0
18951,piloted,0
18952,piloting,0
18953,pilots,0
18954,pima,0
18955,pimp,1
18956,pimping,0
18957,pimple,0
18958,pimples,0
18959,pimps,0
18960,pin,0
18961,pina,0
18962,pinball,0
18963,pinch,0
18964,pinched,0
18965,pinches,0
18966,pinching,0
18967,pine,0
18968,pineal,0
18969,pineapple,0
18970,pines,0
18971,pinewood,0
18972,ping,0
18973,pinged,0
18974,pinging,0
18975,pings,0
18976,pining,0
18977,pinion,0
18978,pink,0
18979,pinker,0
18980,pinkerton,0
18981,pinkie,0
18982,pinkish,0
18983,pinks,0
18984,pinky,0
18985,pinnacle,0
18986,pinned,0
18987,pinning,0
18988,pinot,0
18989,pinpoint,0
18990,pins,0
18991,pint,0
18992,pinto,0
18993,pints,0
18994,pioneer,0
18995,pioneered,0
18996,pioneers,0
18997,pious,0
18998,pip,0
18999,pipe,0
19000,piped,0
19001,pipeline,0
19002,pipelines,0
19003,piper,0
19004,pipes,0
19005,piping,0
19006,pippin,0
19007,pips,0
19008,pique,0
19009,piqued,0
19010,pir,0
19011,piracy,0
19012,piranha,0
19013,pirate,0
19014,pirated,0
19015,pirates,0
19016,pis,0
19017,piss,1
19018,pissed,1
19019,pisses,1
19020,pissing,1
19021,pissy,0
19022,pistachio,0
19023,pistol,0
19024,pistols,0
19025,piston,0
19026,pistons,0
19027,pit,0
19028,pita,0
19029,pitch,0
19030,pitched,0
19031,pitcher,0
19032,pitchers,0
19033,pitches,0
19034,pitchfork,0
19035,pitching,0
19036,pitfall,0
19037,pitfalls,0
19038,pithy,0
19039,pitied,0
19040,pitiful,0
19041,pitman,0
19042,pits,0
19043,pittance,0
19044,pitted,0
19045,pitting,0
19046,pituitary,0
19047,pity,0
19048,pivot,0
19049,pivotal,0
19050,pivoted,0
19051,pivoting,0
19052,pivots,0
19053,pix,0
19054,pixel,0
19055,pixels,0
19056,pixie,0
19057,pixies,0
19058,pizza,0
19059,pizzas,0
19060,pizzeria,0
19061,placard,0
19062,placards,0
19063,placate,0
19064,place,0
19065,placebo,0
19066,placed,0
19067,placement,0
19068,placenta,0
19069,placental,0
19070,placer,0
19071,places,0
19072,placid,0
19073,placing,0
19074,plague,0
19075,plagued,0
19076,plagues,0
19077,plaguing,0
19078,plaid,0
19079,plain,0
19080,plainly,0
19081,plains,0
19082,plaintiff,0
19083,plan,0
19084,planar,0
19085,plane,0
19086,planes,0
19087,planet,0
19088,planetary,0
19089,planets,0
19090,planing,0
19091,plank,0
19092,planking,0
19093,planks,0
19094,plankton,0
19095,planned,0
19096,planner,0
19097,planners,0
19098,planning,0
19099,plans,0
19100,plant,0
19101,plantain,0
19102,plantar,0
19103,planted,0
19104,planter,0
19105,planters,0
19106,planting,0
19107,plantings,0
19108,plants,0
19109,plaque,0
19110,plaques,0
19111,plasma,0
19112,plasmid,0
19113,plaster,0
19114,plastered,0
19115,plastic,0
19116,plastics,0
19117,plat,0
19118,plate,0
19119,plateau,0
19120,plateaus,0
19121,plated,0
19122,platelet,0
19123,platelets,0
19124,plates,0
19125,platform,0
19126,platforms,0
19127,plating,0
19128,platinum,0
19129,platonic,0
19130,platoon,0
19131,platoons,0
19132,platter,0
19133,platters,0
19134,platypus,0
19135,plausible,0
19136,plausibly,0
19137,play,0
19138,playa,0
19139,playable,0
19140,playback,0
19141,playbook,0
19142,playboy,1
19143,played,0
19144,player,0
19145,players,0
19146,playful,0
19147,playfully,0
19148,playhouse,0
19149,playing,0
19150,playlist,0
19151,playlists,0
19152,playmaker,0
19153,playmate,0
19154,playmates,0
19155,playoff,0
19156,playoffs,0
19157,playroom,0
19158,plays,0
19159,plaything,0
19160,playtime,0
19161,plaza,0
19162,plea,0
19163,plead,0
19164,pleaded,0
19165,pleading,0
19166,pleads,0
19167,pleas,0
19168,pleasant,0
19169,please,0
19170,pleased,0
19171,pleaser,0
19172,pleases,0
19173,pleasing,0
19174,pleasure,0
19175,pleasures,0
19176,pleated,0
19177,plebs,0
19178,pled,0
19179,pledge,0
19180,pledged,0
19181,pledges,0
19182,pledging,0
19183,plenary,0
19184,plentiful,0
19185,plenty,0
19186,plenum,0
19187,plethora,0
19188,pleural,0
19189,plex,0
19190,plexus,0
19191,pliable,0
19192,plied,0
19193,pliers,0
19194,plies,0
19195,plight,0
19196,plinth,0
19197,pliocene,0
19198,plodding,0
19199,plop,0
19200,plot,0
19201,plots,0
19202,plotted,0
19203,plotters,0
19204,plotting,0
19205,plough,0
19206,ploughed,0
19207,ploughing,0
19208,plover,0
19209,plow,0
19210,plowed,0
19211,plowing,0
19212,plows,0
19213,ploy,0
19214,pluck,0
19215,plucked,0
19216,plucking,0
19217,plucky,0
19218,plug,0
19219,plugged,0
19220,plugging,0
19221,plugs,0
19222,plum,0
19223,plumage,0
19224,plumb,0
19225,plumber,0
19226,plumbers,0
19227,plumbing,0
19228,plume,0
19229,plumes,0
19230,plummer,0
19231,plummet,0
19232,plummeted,0
19233,plump,0
19234,plums,0
19235,plunder,0
19236,plundered,0
19237,plunge,0
19238,plunged,0
19239,plunger,0
19240,plunges,0
19241,plunging,0
19242,plural,0
19243,pluralism,0
19244,plurality,0
19245,plus,0
19246,plush,0
19247,plutonium,0
19248,ply,0
19249,plying,0
19250,plywood,0
19251,pneumatic,0
19252,pneumonia,0
19253,poa,0
19254,poach,0
19255,poached,0
19256,poacher,0
19257,poachers,0
19258,poaching,0
19259,pocket,0
19260,pocketed,0
19261,pocketing,0
19262,pockets,0
19263,poco,0
19264,pod,0
19265,podcast,0
19266,podcasts,0
19267,podesta,0
19268,podium,0
19269,podiums,0
19270,pods,0
19271,poem,0
19272,poems,0
19273,poet,0
19274,poetic,0
19275,poetical,0
19276,poetics,0
19277,poetry,0
19278,poets,0
19279,pogo,0
19280,poi,0
19281,poignant,0
19282,point,0
19283,pointe,0
19284,pointed,0
19285,pointedly,0
19286,pointer,0
19287,pointers,0
19288,pointing,0
19289,pointless,0
19290,points,0
19291,pointy,0
19292,poise,0
19293,poised,0
19294,poison,0
19295,poisoned,0
19296,poisoning,0
19297,poisonous,0
19298,poisons,0
19299,poisson,0
19300,poke,0
19301,poked,0
19302,poker,0
19303,pokes,0
19304,pokey,0
19305,poking,0
19306,pol,0
19307,polar,0
19308,polarised,0
19309,polarity,0
19310,polarized,0
19311,pole,0
19312,polemic,0
19313,polenta,0
19314,poles,0
19315,police,0
19316,policed,0
19317,policeman,0
19318,policemen,0
19319,polices,0
19320,policies,0
19321,policing,0
19322,policy,0
19323,polio,0
19324,polis,0
19325,polish,0
19326,polished,0
19327,polishes,0
19328,polishing,0
19329,politburo,0
19330,polite,0
19331,politely,0
19332,politic,0
19333,political,0
19334,politico,0
19335,politics,0
19336,polity,0
19337,polk,0
19338,polka,0
19339,poll,0
19340,pollack,0
19341,pollard,0
19342,polled,0
19343,pollen,0
19344,polling,0
19345,pollock,1
19346,polls,0
19347,pollsters,0
19348,pollutant,0
19349,pollute,0
19350,polluted,0
19351,polluters,0
19352,polluting,0
19353,pollution,0
19354,polly,0
19355,polo,0
19356,poly,0
19357,polyester,0
19358,polygamy,0
19359,polygon,0
19360,polygonal,0
19361,polygons,0
19362,polygraph,0
19363,polymer,0
19364,polymeric,0
19365,polymers,0
19366,polyps,0
19367,pom,0
19368,pomeroy,0
19369,pomp,0
19370,pompey,0
19371,pompous,0
19372,poms,0
19373,ponce,0
19374,poncho,0
19375,pond,0
19376,ponder,0
19377,pondered,0
19378,pondering,0
19379,ponderosa,0
19380,ponders,0
19381,ponds,0
19382,pong,0
19383,ponies,0
19384,pons,0
19385,pont,0
19386,pontiff,0
19387,pontoon,0
19388,pony,0
19389,ponytail,0
19390,poo,0
19391,pooch,0
19392,poodle,0
19393,poof,0
19394,pooh,0
19395,pooja,0
19396,pool,0
19397,pooled,0
19398,pooling,0
19399,pools,0
19400,poolside,0
19401,poon,1
19402,poop,1
19403,pooped,0
19404,pooper,0
19405,pooping,0
19406,poops,0
19407,poor,0
19408,poorer,0
19409,poorest,0
19410,poorly,0
19411,pop,0
19412,popcorn,0
19413,pope,0
19414,popes,0
19415,poplar,0
19416,poppa,0
19417,popped,0
19418,popper,0
19419,poppers,0
19420,poppies,0
19421,popping,0
19422,poppy,0
19423,pops,0
19424,popsicle,0
19425,populace,0
19426,popular,0
19427,popularly,0
19428,populate,0
19429,populated,0
19430,populism,0
19431,populist,0
19432,populists,0
19433,populous,0
19434,porcelain,0
19435,porch,0
19436,porches,0
19437,porcupine,0
19438,pore,0
19439,pores,0
19440,pork,0
19441,porky,0
19442,porn,1
19443,porno,1
19444,porosity,0
19445,porous,0
19446,porpoise,0
19447,porridge,0
19448,port,0
19449,porta,0
19450,portable,0
19451,portage,0
19452,portal,0
19453,portals,0
19454,ported,0
19455,porter,0
19456,porters,0
19457,portfolio,0
19458,portico,0
19459,porting,0
19460,portion,0
19461,portions,0
19462,portland,0
19463,portman,0
19464,portrait,0
19465,portraits,0
19466,portray,0
19467,portrayal,0
19468,portrayed,0
19469,portrays,0
19470,ports,0
19471,pos,0
19472,pose,0
19473,posed,0
19474,poser,0
19475,poses,0
19476,posey,0
19477,posh,0
19478,posing,0
19479,posit,0
19480,posited,0
19481,position,0
19482,positions,0
19483,positive,0
19484,positives,0
19485,positron,0
19486,posits,0
19487,posse,0
19488,posses,0
19489,possess,0
19490,possessed,0
19491,possesses,0
19492,possessor,0
19493,possible,0
19494,possibly,0
19495,possum,0
19496,post,0
19497,postage,0
19498,postal,0
19499,postcard,0
19500,postcards,0
19501,postcode,0
19502,postdoc,0
19503,posted,0
19504,poster,0
19505,posterior,0
19506,posterity,0
19507,posters,0
19508,postgame,0
19509,posting,0
19510,postings,0
19511,postman,0
19512,postnatal,0
19513,postpone,0
19514,postponed,0
19515,posts,0
19516,postulate,0
19517,postural,0
19518,posture,0
19519,postures,0
19520,posturing,0
19521,postwar,0
19522,pot,1
19523,potable,0
19524,potash,0
19525,potassium,0
19526,potato,0
19527,potatoes,0
19528,potency,0
19529,potent,0
19530,potential,0
19531,pothole,0
19532,potholes,0
19533,potion,0
19534,potions,0
19535,potluck,0
19536,pots,0
19537,potted,0
19538,potter,0
19539,potters,0
19540,pottery,0
19541,potting,0
19542,potts,0
19543,potty,1
19544,pouch,0
19545,pouches,0
19546,poultry,0
19547,pounce,0
19548,pounced,0
19549,pound,0
19550,pounded,0
19551,pounder,0
19552,pounding,0
19553,pounds,0
19554,pour,0
19555,poured,0
19556,pouring,0
19557,pours,0
19558,pout,0
19559,poutine,0
19560,pouting,0
19561,poverty,0
19562,pow,0
19563,powder,0
19564,powdered,0
19565,powders,0
19566,powdery,0
19567,power,0
19568,powered,0
19569,powerful,0
19570,powering,0
19571,powerless,0
19572,powers,0
19573,pows,0
19574,pox,0
19575,practical,0
19576,practice,0
19577,practiced,0
19578,practices,0
19579,practise,0
19580,practised,0
19581,practises,0
19582,pragmatic,0
19583,prairie,0
19584,prairies,0
19585,praise,0
19586,praised,0
19587,praises,0
19588,praising,0
19589,pram,0
19590,prancing,0
19591,prank,0
19592,pranks,0
19593,prankster,0
19594,prat,0
19595,pratt,0
19596,prawn,0
19597,prawns,0
19598,praxis,0
19599,pray,0
19600,prayed,0
19601,prayer,0
19602,prayers,0
19603,praying,0
19604,prays,0
19605,pre,0
19606,preach,0
19607,preached,0
19608,preacher,0
19609,preachers,0
19610,preaches,0
19611,preaching,0
19612,preamble,0
19613,precast,0
19614,precede,0
19615,preceded,0
19616,precedent,0
19617,precedes,0
19618,preceding,0
19619,precept,0
19620,precepts,0
19621,precinct,0
19622,precincts,0
19623,precious,0
19624,precipice,0
19625,precise,0
19626,precisely,0
19627,precision,0
19628,preclude,0
19629,precluded,0
19630,precludes,0
19631,precursor,0
19632,predate,0
19633,predates,0
19634,predation,0
19635,predator,0
19636,predators,0
19637,predatory,0
19638,predicate,0
19639,predict,0
19640,predicted,0
19641,predictor,0
19642,predicts,0
19643,preface,0
19644,prefaced,0
19645,prefect,0
19646,prefer,0
19647,preferred,0
19648,prefers,0
19649,prefix,0
19650,prefixed,0
19651,prefixes,0
19652,preform,0
19653,pregame,0
19654,pregnancy,0
19655,pregnant,0
19656,preheat,0
19657,prejudice,0
19658,prelate,0
19659,prelim,0
19660,prelims,0
19661,prelude,0
19662,prem,0
19663,premature,0
19664,premier,0
19665,premiere,0
19666,premiered,0
19667,premieres,0
19668,premiers,0
19669,premise,0
19670,premises,0
19671,premium,0
19672,premiums,0
19673,prenatal,0
19674,prentice,0
19675,prenup,0
19676,preorder,0
19677,preorders,0
19678,prep,0
19679,prepaid,0
19680,prepare,0
19681,prepared,0
19682,prepares,0
19683,preparing,0
19684,prepped,0
19685,prepping,0
19686,preppy,0
19687,prequel,0
19688,preschool,0
19689,prescient,0
19690,prescribe,0
19691,preseason,0
19692,presence,0
19693,present,0
19694,presented,0
19695,presenter,0
19696,presently,0
19697,presents,0
19698,preserve,0
19699,preserved,0
19700,preserves,0
19701,preset,0
19702,presets,0
19703,preside,0
19704,presided,0
19705,president,0
19706,presides,0
19707,presiding,0
19708,presidio,0
19709,press,0
19710,pressed,0
19711,presser,0
19712,presses,0
19713,pressing,0
19714,pressure,0
19715,pressured,0
19716,pressures,0
19717,prestige,0
19718,presto,0
19719,presume,0
19720,presumed,0
19721,presumes,0
19722,presuming,0
19723,preteen,0
19724,pretence,0
19725,pretend,0
19726,pretended,0
19727,pretender,0
19728,pretends,0
19729,pretense,0
19730,pretenses,0
19731,preterm,0
19732,pretext,0
19733,pretrial,0
19734,prettier,0
19735,prettiest,0
19736,pretty,0
19737,pretzel,0
19738,pretzels,0
19739,prevail,0
19740,prevailed,0
19741,prevails,0
19742,prevalent,0
19743,prevent,0
19744,prevented,0
19745,prevents,0
19746,preview,0
19747,previewed,0
19748,previews,0
19749,previous,0
19750,prewar,0
19751,prey,0
19752,preyed,0
19753,preying,0
19754,preys,0
19755,prez,0
19756,price,0
19757,priced,0
19758,priceless,0
19759,prices,0
19760,pricey,0
19761,pricing,0
19762,prick,1
19763,pricked,0
19764,prickly,0
19765,pricks,1
19766,pride,0
19767,prided,0
19768,prides,0
19769,priest,0
19770,priestess,0
19771,priestly,0
19772,priests,0
19773,prim,0
19774,prima,0
19775,primacy,0
19776,primal,0
19777,primaries,0
19778,primarily,0
19779,primary,0
19780,primate,0
19781,primates,0
19782,prime,0
19783,primed,0
19784,primer,0
19785,primers,0
19786,primes,0
19787,primetime,0
19788,primeval,0
19789,priming,0
19790,primitive,0
19791,primo,0
19792,primrose,0
19793,primus,0
19794,prince,0
19795,princely,0
19796,princes,0
19797,princess,0
19798,principal,0
19799,principe,0
19800,principle,0
19801,print,0
19802,printable,0
19803,printed,0
19804,printer,0
19805,printers,0
19806,printing,0
19807,printout,0
19808,prints,0
19809,prion,0
19810,prior,0
19811,priority,0
19812,priors,0
19813,priory,0
19814,prism,0
19815,prismatic,0
19816,prisms,0
19817,prison,0
19818,prisoner,0
19819,prisoners,0
19820,prisons,0
19821,pristine,0
19822,privacy,0
19823,private,0
19824,privateer,0
19825,privately,0
19826,privates,0
19827,privatize,0
19828,privilege,0
19829,privy,0
19830,prize,0
19831,prized,0
19832,prizes,0
19833,pro,0
19834,proactive,0
19835,prob,0
19836,probable,0
19837,probably,0
19838,probate,0
19839,probation,0
19840,probe,0
19841,probed,0
19842,probes,0
19843,probing,0
19844,probiotic,0
19845,problem,0
19846,problems,0
19847,probs,0
19848,procedure,0
19849,proceed,0
19850,proceeded,0
19851,proceeds,0
19852,process,0
19853,processed,0
19854,processes,0
19855,processor,0
19856,proclaim,0
19857,proclaims,0
19858,procreate,0
19859,proctor,0
19860,procure,0
19861,procured,0
19862,procuring,0
19863,prod,0
19864,prodded,0
19865,prodding,0
19866,prodigal,0
19867,prodigy,0
19868,produce,0
19869,produced,0
19870,producer,0
19871,producers,0
19872,produces,0
19873,producing,0
19874,product,0
19875,products,0
19876,prof,0
19877,profane,0
19878,profanity,0
19879,profess,0
19880,professed,0
19881,professes,0
19882,professor,0
19883,profile,0
19884,profiled,0
19885,profiler,0
19886,profiles,0
19887,profiling,0
19888,profit,0
19889,profited,0
19890,profiting,0
19891,profits,0
19892,profound,0
19893,profs,0
19894,profusely,0
19895,profusion,0
19896,prog,0
19897,progeny,0
19898,prognosis,0
19899,program,0
19900,programme,0
19901,programs,0
19902,progress,0
19903,prohibit,0
19904,prohibits,0
19905,project,0
19906,projected,0
19907,projector,0
19908,projects,0
19909,prolapse,0
19910,prolific,0
19911,prologue,0
19912,prolong,0
19913,prolonged,0
19914,prom,0
19915,promenade,0
19916,prominent,0
19917,promise,0
19918,promised,0
19919,promises,0
19920,promising,0
19921,promo,0
19922,promos,0
19923,promote,0
19924,promoted,0
19925,promoter,0
19926,promoters,0
19927,promotes,0
19928,promoting,0
19929,promotion,0
19930,prompt,0
19931,prompted,0
19932,prompting,0
19933,promptly,0
19934,prompts,0
19935,proms,0
19936,prone,0
19937,prong,0
19938,pronged,0
19939,prongs,0
19940,pronoun,0
19941,pronounce,0
19942,pronouns,0
19943,pronto,0
19944,proof,0
19945,proofing,0
19946,proofread,0
19947,proofs,0
19948,prop,0
19949,propagate,0
19950,propane,0
19951,propel,0
19952,propelled,0
19953,propeller,0
19954,propels,0
19955,proper,0
19956,properly,0
19957,property,0
19958,prophecy,0
19959,prophesy,0
19960,prophet,0
19961,prophetic,0
19962,prophets,0
19963,proponent,0
19964,proposal,0
19965,proposals,0
19966,propose,0
19967,proposed,0
19968,proposes,0
19969,proposing,0
19970,propped,0
19971,propping,0
19972,propriety,0
19973,props,0
19974,propylene,0
19975,pros,0
19976,prosaic,0
19977,prose,0
19978,prosecco,0
19979,prosecute,0
19980,prospect,0
19981,prospects,0
19982,prosper,0
19983,prospered,0
19984,prost,0
19985,prostate,0
19986,prostrate,0
19987,protease,0
19988,protect,0
19989,protected,0
19990,protector,0
19991,protects,0
19992,protege,0
19993,protein,0
19994,proteins,0
19995,protest,0
19996,protested,0
19997,protester,0
19998,protests,0
19999,proteus,0
20000,proto,0
20001,protocol,0
20002,protocols,0
20003,proton,0
20004,protons,0
20005,prototype,0
20006,proud,0
20007,prouder,0
20008,proudest,0
20009,proudly,0
20010,prove,0
20011,proved,0
20012,proven,0
20013,proverb,0
20014,proverbs,0
20015,proves,0
20016,provide,0
20017,provided,0
20018,provident,0
20019,provider,0
20020,providers,0
20021,provides,0
20022,providing,0
20023,province,0
20024,provinces,0
20025,proving,0
20026,provision,0
20027,proviso,0
20028,provoke,0
20029,provoked,0
20030,provokes,0
20031,provoking,0
20032,provost,0
20033,prowess,0
20034,prowl,0
20035,prowler,0
20036,prowling,0
20037,proxies,0
20038,proximal,0
20039,proximate,0
20040,proximity,0
20041,proxy,0
20042,prude,1
20043,prudence,0
20044,prudent,0
20045,prune,0
20046,pruned,0
20047,prunes,0
20048,pruning,0
20049,prussian,0
20050,pry,0
20051,prying,0
20052,psalm,0
20053,psalms,0
20054,pseudo,0
20055,pseudonym,0
20056,psi,0
20057,psoriasis,0
20058,psych,0
20059,psyche,0
20060,psyched,0
20061,psychic,0
20062,psychics,0
20063,psycho,0
20064,psychos,0
20065,psychosis,0
20066,psychotic,0
20067,pub,0
20068,puberty,0
20069,pubes,0
20070,pubescent,0
20071,pubic,1
20072,public,0
20073,publican,0
20074,publicist,0
20075,publicity,0
20076,publicize,0
20077,publicly,0
20078,publics,0
20079,publish,0
20080,published,0
20081,publisher,0
20082,publishes,0
20083,pubs,0
20084,puck,0
20085,pucker,0
20086,pucks,0
20087,pudding,0
20088,puddings,0
20089,puddle,0
20090,puddles,0
20091,pueblo,0
20092,puff,0
20093,puffed,0
20094,puffer,0
20095,puffin,0
20096,puffing,0
20097,puffs,0
20098,puffy,0
20099,pug,0
20100,pugh,0
20101,pugs,0
20102,puja,0
20103,puke,0
20104,puked,0
20105,puking,0
20106,pull,0
20107,pullback,0
20108,pulled,0
20109,puller,0
20110,pulley,0
20111,pulleys,0
20112,pulling,0
20113,pullman,0
20114,pullout,0
20115,pullover,0
20116,pulls,0
20117,pulmonary,0
20118,pulp,0
20119,pulpit,0
20120,pulsar,0
20121,pulsating,0
20122,pulse,0
20123,pulsed,0
20124,pulses,0
20125,pulsing,0
20126,puma,0
20127,pumas,0
20128,pumice,0
20129,pump,0
20130,pumped,0
20131,pumping,0
20132,pumpkin,0
20133,pumpkins,0
20134,pumps,0
20135,pun,0
20136,punch,0
20137,punched,0
20138,punches,0
20139,punching,0
20140,punchline,0
20141,punchy,0
20142,punctual,0
20143,puncture,0
20144,punctured,0
20145,punctures,0
20146,pundit,0
20147,pundits,0
20148,pungent,0
20149,punish,0
20150,punished,0
20151,punisher,0
20152,punishes,0
20153,punishing,0
20154,punitive,0
20155,punk,0
20156,punks,0
20157,puns,0
20158,punt,0
20159,punted,0
20160,punter,0
20161,punters,0
20162,punting,0
20163,punts,0
20164,puny,0
20165,pup,0
20166,pupa,0
20167,pupil,0
20168,pupils,0
20169,puppet,0
20170,puppeteer,0
20171,puppets,0
20172,puppies,0
20173,puppy,0
20174,pups,0
20175,pur,0
20176,purchase,0
20177,purchased,0
20178,purchaser,0
20179,purchases,0
20180,pure,0
20181,purebred,0
20182,puree,0
20183,purely,0
20184,purer,0
20185,purest,0
20186,purgatory,0
20187,purge,0
20188,purged,0
20189,purges,0
20190,purging,0
20191,puri,0
20192,purified,0
20193,purifier,0
20194,purify,0
20195,purifying,0
20196,purist,0
20197,purists,0
20198,puritan,0
20199,puritans,0
20200,purity,0
20201,purple,0
20202,purplish,0
20203,purport,0
20204,purported,0
20205,purports,0
20206,purpose,0
20207,purposed,0
20208,purposely,0
20209,purposes,0
20210,purr,0
20211,purring,0
20212,purse,0
20213,purses,0
20214,pursuant,0
20215,pursue,0
20216,pursued,0
20217,pursuers,0
20218,pursues,0
20219,pursuing,0
20220,pursuit,0
20221,pursuits,0
20222,purveyor,0
20223,purveyors,0
20224,purview,0
20225,pus,0
20226,push,0
20227,pushback,0
20228,pushed,0
20229,pusher,0
20230,pushers,0
20231,pushes,0
20232,pushing,0
20233,pushover,0
20234,pushups,0
20235,pushy,0
20236,puss,1
20237,pussies,1
20238,pussy,1
20239,pussycat,0
20240,put,0
20241,putative,0
20242,putrid,0
20243,puts,0
20244,putt,0
20245,putter,0
20246,putting,0
20247,putty,0
20248,puzzle,0
20249,puzzled,0
20250,puzzles,0
20251,puzzling,0
20252,pye,0
20253,pygmy,0
20254,pyjamas,0
20255,pylon,0
20256,pylons,0
20257,pyne,0
20258,pyramid,0
20259,pyramidal,0
20260,pyramids,0
20261,pyre,0
20262,pyrex,0
20263,pyrite,0
20264,pyro,0
20265,python,0
20266,pythons,0
20267,qin,0
20268,qua,0
20269,quack,0
20270,quacks,0
20271,quad,0
20272,quadrant,0
20273,quadrants,0
20274,quadratic,0
20275,quadruple,0
20276,quads,0
20277,quagmire,0
20278,quail,0
20279,quaint,0
20280,quake,0
20281,quaker,0
20282,quakers,0
20283,quakes,0
20284,qualified,0
20285,qualifier,0
20286,qualifies,0
20287,qualify,0
20288,qualities,0
20289,quality,0
20290,qualms,0
20291,quandary,0
20292,quant,0
20293,quantify,0
20294,quantity,0
20295,quantum,0
20296,quark,0
20297,quarks,0
20298,quarrel,0
20299,quarrels,0
20300,quarries,0
20301,quarry,0
20302,quarrying,0
20303,quart,0
20304,quarter,0
20305,quartered,0
20306,quarterly,0
20307,quarters,0
20308,quartet,0
20309,quartets,0
20310,quarto,0
20311,quarts,0
20312,quartz,0
20313,quash,0
20314,quashed,0
20315,quasi,0
20316,quay,0
20317,quays,0
20318,queasy,0
20319,quebec,0
20320,queen,0
20321,queenie,0
20322,queens,0
20323,queer,1
20324,queers,1
20325,quell,0
20326,quench,0
20327,quenching,0
20328,queried,0
20329,queries,0
20330,query,0
20331,quest,0
20332,question,0
20333,questions,0
20334,quests,0
20335,queue,0
20336,queued,0
20337,queueing,0
20338,queues,0
20339,queuing,0
20340,quibble,0
20341,quiche,0
20342,quick,0
20343,quicken,0
20344,quicker,0
20345,quickest,0
20346,quickie,0
20347,quickly,0
20348,quickness,0
20349,quicksand,0
20350,quid,0
20351,quidditch,0
20352,quiet,0
20353,quieter,0
20354,quietest,0
20355,quietly,0
20356,quill,0
20357,quilt,0
20358,quilted,0
20359,quilting,0
20360,quilts,0
20361,quin,0
20362,quince,0
20363,quinine,0
20364,quinoa,0
20365,quint,0
20366,quinta,0
20367,quintet,0
20368,quip,0
20369,quipped,0
20370,quips,0
20371,quirk,0
20372,quirks,0
20373,quirky,0
20374,quit,0
20375,quite,0
20376,quits,0
20377,quitter,0
20378,quitting,0
20379,quiver,0
20380,quivering,0
20381,quixote,0
20382,quiz,0
20383,quizzes,0
20384,quorum,0
20385,quota,0
20386,quotas,0
20387,quotation,0
20388,quote,0
20389,quoted,0
20390,quotes,0
20391,quotient,0
20392,quoting,0
20393,qwerty,0
20394,rabat,0
20395,rabbi,0
20396,rabbinic,0
20397,rabbis,0
20398,rabbit,0
20399,rabbitohs,0
20400,rabbits,0
20401,rabble,0
20402,rabid,0
20403,rabies,0
20404,raccoon,0
20405,raccoons,0
20406,race,0
20407,raced,0
20408,racehorse,0
20409,racer,0
20410,racers,0
20411,races,0
20412,racetrack,0
20413,raceway,0
20414,rach,0
20415,racial,0
20416,racially,0
20417,racing,0
20418,racism,0
20419,racist,0
20420,racists,0
20421,rack,0
20422,racked,0
20423,racket,0
20424,rackets,0
20425,racking,0
20426,racks,0
20427,racquet,0
20428,racy,1
20429,rad,0
20430,radar,0
20431,radars,0
20432,radial,0
20433,radiance,0
20434,radiant,0
20435,radiate,0
20436,radiated,0
20437,radiates,0
20438,radiating,0
20439,radiation,0
20440,radiative,0
20441,radiator,0
20442,radiators,0
20443,radical,0
20444,radically,0
20445,radicals,0
20446,radii,0
20447,radio,0
20448,radioed,0
20449,radiology,0
20450,radios,0
20451,radish,0
20452,radishes,0
20453,radium,0
20454,radius,0
20455,radon,0
20456,raff,0
20457,raffle,0
20458,raffles,0
20459,raft,0
20460,rafter,0
20461,rafters,0
20462,rafting,0
20463,rafts,0
20464,rag,0
20465,raga,0
20466,rage,0
20467,raged,0
20468,rages,0
20469,ragged,0
20470,raggedy,0
20471,raging,0
20472,raglan,0
20473,rags,0
20474,ragtime,0
20475,rah,0
20476,rai,0
20477,raid,0
20478,raided,0
20479,raider,0
20480,raiders,0
20481,raiding,0
20482,raids,0
20483,rail,0
20484,railed,0
20485,railing,0
20486,railings,0
20487,railroad,0
20488,railroads,0
20489,rails,0
20490,railway,0
20491,railways,0
20492,rain,0
20493,rainbow,0
20494,rainbows,0
20495,raincoat,0
20496,raindrops,0
20497,raine,0
20498,rained,0
20499,raines,0
20500,rainfall,0
20501,rainier,0
20502,raining,0
20503,rains,0
20504,rainstorm,0
20505,rainwater,0
20506,rainy,0
20507,raise,0
20508,raised,0
20509,raiser,0
20510,raisers,0
20511,raises,0
20512,raisin,0
20513,raising,0
20514,raisins,0
20515,raj,0
20516,raja,0
20517,rajah,0
20518,rake,0
20519,raked,0
20520,rakes,0
20521,raking,0
20522,rallied,0
20523,rallies,0
20524,rally,0
20525,rallying,0
20526,ralph,0
20527,ram,0
20528,ramble,0
20529,rambler,0
20530,rambling,0
20531,ramblings,0
20532,ramen,0
20533,rami,0
20534,rammed,0
20535,ramming,0
20536,ramona,0
20537,ramp,0
20538,rampage,0
20539,rampaging,0
20540,rampant,0
20541,rampart,0
20542,ramparts,0
20543,ramped,0
20544,ramping,0
20545,ramps,0
20546,rams,0
20547,ran,0
20548,rana,0
20549,rance,0
20550,ranch,0
20551,rancher,0
20552,ranchers,0
20553,ranches,0
20554,ranching,0
20555,rancho,0
20556,rancid,0
20557,rancor,0
20558,rand,0
20559,random,0
20560,randomly,0
20561,randy,0
20562,rang,0
20563,range,0
20564,ranged,0
20565,ranger,0
20566,rangers,0
20567,ranges,0
20568,ranging,0
20569,rani,0
20570,rank,0
20571,ranked,0
20572,ranking,0
20573,rankings,0
20574,ranks,0
20575,ransacked,0
20576,ransom,0
20577,rant,0
20578,ranting,0
20579,rants,0
20580,rap,0
20581,rape,1
20582,raped,1
20583,rapes,0
20584,rapid,0
20585,rapidly,0
20586,rapids,0
20587,rapier,0
20588,raping,1
20589,rapist,1
20590,rapists,0
20591,rapped,0
20592,rapper,0
20593,rappers,0
20594,rapping,0
20595,rapport,0
20596,raps,0
20597,rapt,0
20598,raptor,0
20599,raptors,0
20600,rapture,0
20601,rare,0
20602,rarely,0
20603,rarer,0
20604,rarest,0
20605,rarities,0
20606,rarity,0
20607,ras,0
20608,rascal,0
20609,rascals,0
20610,rash,0
20611,rashes,0
20612,raspberry,0
20613,raspy,0
20614,rasta,0
20615,raster,0
20616,rat,0
20617,rata,0
20618,ratchet,0
20619,rate,0
20620,rated,0
20621,rates,0
20622,rath,0
20623,rather,0
20624,ratified,0
20625,ratify,0
20626,rating,0
20627,ratings,0
20628,ratio,0
20629,ration,0
20630,rational,0
20631,rationale,0
20632,rationing,0
20633,rations,0
20634,ratios,0
20635,rats,0
20636,rattan,0
20637,rattle,0
20638,rattled,0
20639,rattles,0
20640,rattling,0
20641,raucous,0
20642,raunchy,0
20643,rav,0
20644,ravage,0
20645,ravaged,0
20646,ravages,0
20647,rave,0
20648,raved,0
20649,ravel,0
20650,raven,0
20651,ravenous,0
20652,ravens,0
20653,raves,0
20654,ravine,0
20655,ravines,0
20656,raving,0
20657,ravioli,0
20658,ravishing,0
20659,raw,0
20660,rawhide,0
20661,ray,0
20662,raya,0
20663,rayon,0
20664,rays,0
20665,raze,0
20666,razed,0
20667,razer,0
20668,razor,0
20669,razors,0
20670,reach,0
20671,reachable,0
20672,reached,0
20673,reacher,0
20674,reaches,0
20675,reaching,0
20676,react,0
20677,reacted,0
20678,reacting,0
20679,reaction,0
20680,reactions,0
20681,reactive,0
20682,reactor,0
20683,reactors,0
20684,reacts,0
20685,read,0
20686,readable,0
20687,reader,0
20688,readers,0
20689,readied,0
20690,readily,0
20691,readiness,0
20692,reading,0
20693,readings,0
20694,readjust,0
20695,readout,0
20696,reads,0
20697,ready,0
20698,readying,0
20699,reaffirm,0
20700,reaffirms,0
20701,reagent,0
20702,reagents,0
20703,real,0
20704,realise,0
20705,realised,0
20706,realises,0
20707,realising,0
20708,realism,0
20709,realist,0
20710,realistic,0
20711,realists,0
20712,realities,0
20713,reality,0
20714,realize,0
20715,realized,0
20716,realizes,0
20717,realizing,0
20718,really,0
20719,realm,0
20720,realms,0
20721,reals,0
20722,realtime,0
20723,realtor,0
20724,realtors,0
20725,realty,0
20726,reams,0
20727,reap,0
20728,reaped,0
20729,reaper,0
20730,reapers,0
20731,reaping,0
20732,reappear,0
20733,reappears,0
20734,reapply,0
20735,rear,0
20736,reared,0
20737,rearguard,0
20738,rearing,0
20739,rearrange,0
20740,rears,0
20741,reason,0
20742,reasoned,0
20743,reasoning,0
20744,reasons,0
20745,reassert,0
20746,reassess,0
20747,reassure,0
20748,reassured,0
20749,reassures,0
20750,reb,0
20751,rebalance,0
20752,rebar,0
20753,rebate,0
20754,rebates,0
20755,rebel,0
20756,rebelled,0
20757,rebelling,0
20758,rebellion,0
20759,rebels,0
20760,rebirth,0
20761,reboot,0
20762,rebooted,0
20763,rebooting,0
20764,reboots,0
20765,reborn,0
20766,rebound,0
20767,rebounded,0
20768,rebounds,0
20769,rebrand,0
20770,rebranded,0
20771,rebuffed,0
20772,rebuild,0
20773,rebuilt,0
20774,rebuke,0
20775,rebuked,0
20776,rebus,0
20777,rebut,0
20778,rebuttal,0
20779,rec,0
20780,recall,0
20781,recalled,0
20782,recalling,0
20783,recalls,0
20784,recap,0
20785,recaps,0
20786,recapture,0
20787,recast,0
20788,recede,0
20789,receded,0
20790,receding,0
20791,receipt,0
20792,receipts,0
20793,receive,0
20794,received,0
20795,receiver,0
20796,receivers,0
20797,receives,0
20798,receiving,0
20799,recent,0
20800,recently,0
20801,reception,0
20802,receptive,0
20803,receptor,0
20804,receptors,0
20805,recess,0
20806,recessed,0
20807,recesses,0
20808,recession,0
20809,recessive,0
20810,recharge,0
20811,recharged,0
20812,recherche,0
20813,recipe,0
20814,recipes,0
20815,recipient,0
20816,recital,0
20817,recitals,0
20818,recite,0
20819,recited,0
20820,recites,0
20821,reciting,0
20822,reckless,0
20823,reckon,0
20824,reckoned,0
20825,reckoning,0
20826,reckons,0
20827,reclaim,0
20828,reclaimed,0
20829,recline,0
20830,recliner,0
20831,reclining,0
20832,recluse,0
20833,reclusive,0
20834,recognise,0
20835,recognize,0
20836,recoil,0
20837,recollect,0
20838,recommend,0
20839,recon,0
20840,reconcile,0
20841,reconnect,0
20842,reconvene,0
20843,record,0
20844,recorded,0
20845,recorder,0
20846,recorders,0
20847,recording,0
20848,records,0
20849,recount,0
20850,recounted,0
20851,recounts,0
20852,recoup,0
20853,recourse,0
20854,recover,0
20855,recovered,0
20856,recovers,0
20857,recovery,0
20858,recreate,0
20859,recreated,0
20860,recreates,0
20861,recruit,0
20862,recruited,0
20863,recruiter,0
20864,recruits,0
20865,recs,0
20866,rectal,1
20867,rectangle,0
20868,rectified,0
20869,rectifier,0
20870,rectify,0
20871,rector,0
20872,rectory,0
20873,rectum,1
20874,recur,0
20875,recurrent,0
20876,recurring,0
20877,recursion,0
20878,recursive,0
20879,recuse,0
20880,recycle,0
20881,recycled,0
20882,recycling,0
20883,red,0
20884,redacted,0
20885,redd,0
20886,redding,0
20887,reddish,0
20888,reddy,0
20889,redeem,0
20890,redeemed,0
20891,redeemer,0
20892,redeeming,0
20893,redefine,0
20894,redefined,0
20895,redesign,0
20896,redevelop,0
20897,redhead,0
20898,redheads,0
20899,redirect,0
20900,redirects,0
20901,redline,0
20902,redneck,0
20903,rednecks,0
20904,redness,0
20905,redo,0
20906,redoing,0
20907,redone,0
20908,redox,0
20909,redraw,0
20910,redrawn,0
20911,redress,0
20912,reds,0
20913,redshirt,0
20914,redskins,0
20915,reduce,0
20916,reduced,0
20917,reduces,0
20918,reducing,0
20919,reductase,0
20920,reduction,0
20921,reductive,0
20922,redundant,0
20923,redux,0
20924,redwood,0
20925,redwoods,0
20926,ree,0
20927,reebok,0
20928,reed,0
20929,reeds,0
20930,reedy,0
20931,reef,0
20932,reefer,1
20933,reefs,0
20934,reek,0
20935,reeks,0
20936,reel,0
20937,reelected,0
20938,reeled,0
20939,reeling,0
20940,reels,0
20941,reentry,0
20942,rees,0
20943,reeve,0
20944,reeves,0
20945,ref,0
20946,refer,0
20947,referee,0
20948,refereed,0
20949,referees,0
20950,reference,0
20951,referral,0
20952,referrals,0
20953,referred,0
20954,referring,0
20955,refers,0
20956,refill,0
20957,refilled,0
20958,refilling,0
20959,refills,0
20960,refinance,0
20961,refine,0
20962,refined,0
20963,refiners,0
20964,refinery,0
20965,refining,0
20966,refit,0
20967,reflect,0
20968,reflected,0
20969,reflector,0
20970,reflects,0
20971,reflex,0
20972,reflexes,0
20973,reflexive,0
20974,reflux,0
20975,refocus,0
20976,reform,0
20977,reformed,0
20978,reformer,0
20979,reformers,0
20980,reforming,0
20981,reformist,0
20982,reforms,0
20983,refrain,0
20984,refrained,0
20985,refresh,0
20986,refreshed,0
20987,refresher,0
20988,refreshes,0
20989,refs,0
20990,refuel,0
20991,refueling,0
20992,refuge,0
20993,refugee,0
20994,refugees,0
20995,refuges,0
20996,refund,0
20997,refunded,0
20998,refunding,0
20999,refunds,0
21000,refurbish,0
21001,refusal,0
21002,refuse,0
21003,refused,0
21004,refuses,0
21005,refusing,0
21006,refute,0
21007,refuted,0
21008,refutes,0
21009,refuting,0
21010,reg,0
21011,regain,0
21012,regained,0
21013,regaining,0
21014,regains,0
21015,regal,0
21016,regalia,0
21017,regard,0
21018,regarded,0
21019,regarding,0
21020,regards,0
21021,regatta,0
21022,regency,0
21023,regent,0
21024,regents,0
21025,reggae,0
21026,regime,0
21027,regimen,0
21028,regimens,0
21029,regiment,0
21030,regiments,0
21031,regimes,0
21032,regina,0
21033,region,0
21034,regional,0
21035,regionals,0
21036,regions,0
21037,register,0
21038,registers,0
21039,registrar,0
21040,registry,0
21041,regress,0
21042,regressed,0
21043,regret,0
21044,regretful,0
21045,regrets,0
21046,regretted,0
21047,regroup,0
21048,regrouped,0
21049,regrowth,0
21050,regs,0
21051,regular,0
21052,regularly,0
21053,regulars,0
21054,regulate,0
21055,regulated,0
21056,regulates,0
21057,regulator,0
21058,rehab,0
21059,rehash,0
21060,rehearsal,0
21061,rehearse,0
21062,rehearsed,0
21063,reheat,0
21064,rei,0
21065,reign,0
21066,reigned,0
21067,reigning,0
21068,reigns,0
21069,reiki,0
21070,reimburse,0
21071,rein,0
21072,reindeer,0
21073,reinforce,0
21074,reins,0
21075,reinstall,0
21076,reinstate,0
21077,reinvent,0
21078,reinvest,0
21079,reis,0
21080,reissue,0
21081,reissued,0
21082,reiterate,0
21083,reject,0
21084,rejected,0
21085,rejecting,0
21086,rejection,0
21087,rejects,0
21088,rejoice,0
21089,rejoiced,0
21090,rejoices,0
21091,rejoicing,0
21092,rejoin,0
21093,rejoined,0
21094,rejoining,0
21095,rekindle,0
21096,rekindled,0
21097,relapse,0
21098,relapsed,0
21099,relapsing,0
21100,relatable,0
21101,relate,0
21102,related,0
21103,relates,0
21104,relating,0
21105,relation,0
21106,relations,0
21107,relative,0
21108,relatives,0
21109,relaunch,0
21110,relax,0
21111,relaxed,0
21112,relaxes,0
21113,relaxing,0
21114,relay,0
21115,relayed,0
21116,relaying,0
21117,relays,0
21118,release,0
21119,released,0
21120,releases,0
21121,releasing,0
21122,relegated,0
21123,relent,0
21124,relented,0
21125,relevance,0
21126,relevancy,0
21127,relevant,0
21128,reliable,0
21129,reliably,0
21130,reliance,0
21131,reliant,0
21132,relic,0
21133,relics,0
21134,relied,0
21135,relief,0
21136,reliefs,0
21137,relies,0
21138,relieve,0
21139,relieved,0
21140,reliever,0
21141,relievers,0
21142,relieves,0
21143,relieving,0
21144,religion,0
21145,religions,0
21146,religious,0
21147,relish,0
21148,relished,0
21149,relishing,0
21150,relive,0
21151,reliving,0
21152,reload,0
21153,reloaded,0
21154,reloading,0
21155,relocate,0
21156,relocated,0
21157,reluctant,0
21158,rely,0
21159,relying,0
21160,rem,0
21161,remade,0
21162,remain,0
21163,remainder,0
21164,remained,0
21165,remaining,0
21166,remains,0
21167,remake,0
21168,remakes,0
21169,remaking,0
21170,remand,0
21171,remanded,0
21172,remark,0
21173,remarked,0
21174,remarking,0
21175,remarks,0
21176,remarried,0
21177,remarry,0
21178,remaster,0
21179,rematch,0
21180,remedial,0
21181,remedied,0
21182,remedies,0
21183,remedy,0
21184,remember,0
21185,remembers,0
21186,remind,0
21187,reminded,0
21188,reminder,0
21189,reminders,0
21190,reminding,0
21191,reminds,0
21192,reminisce,0
21193,remiss,0
21194,remission,0
21195,remit,0
21196,remix,0
21197,remixed,0
21198,remixes,0
21199,remnant,0
21200,remnants,0
21201,remodel,0
21202,remodeled,0
21203,remorse,0
21204,remote,0
21205,remotely,0
21206,removable,0
21207,removal,0
21208,removals,0
21209,remove,0
21210,removed,0
21211,remover,0
21212,removes,0
21213,removing,0
21214,ren,0
21215,renal,0
21216,rename,0
21217,renamed,0
21218,renaming,0
21219,render,0
21220,rendered,0
21221,rendering,0
21222,renders,0
21223,rendition,0
21224,renegade,0
21225,renegades,0
21226,renew,0
21227,renewable,0
21228,renewal,0
21229,renewals,0
21230,renewed,0
21231,renewing,0
21232,renews,0
21233,rennes,0
21234,renounce,0
21235,renounced,0
21236,renovate,0
21237,renovated,0
21238,renown,0
21239,renowned,0
21240,rent,0
21241,rental,0
21242,rentals,0
21243,rented,0
21244,renter,0
21245,renters,0
21246,renting,0
21247,rents,0
21248,reo,0
21249,reopen,0
21250,reopened,0
21251,reopening,0
21252,reopens,0
21253,rep,0
21254,repaid,0
21255,repaint,0
21256,repainted,0
21257,repair,0
21258,repaired,0
21259,repairing,0
21260,repairman,0
21261,repairs,0
21262,repay,0
21263,repaying,0
21264,repayment,0
21265,repeal,0
21266,repealed,0
21267,repealing,0
21268,repeat,0
21269,repeated,0
21270,repeater,0
21271,repeaters,0
21272,repeating,0
21273,repeats,0
21274,repel,0
21275,repelled,0
21276,repellent,0
21277,repelling,0
21278,repent,0
21279,repented,0
21280,repertory,0
21281,rephrase,0
21282,replace,0
21283,replaced,0
21284,replaces,0
21285,replacing,0
21286,replay,0
21287,replayed,0
21288,replaying,0
21289,replays,0
21290,replenish,0
21291,replete,0
21292,replica,0
21293,replicas,0
21294,replicate,0
21295,replied,0
21296,replies,0
21297,reply,0
21298,replying,0
21299,repo,0
21300,report,0
21301,reportage,0
21302,reported,0
21303,reporter,0
21304,reporters,0
21305,reporting,0
21306,reports,0
21307,repose,0
21308,repost,0
21309,reposted,0
21310,reposting,0
21311,represent,0
21312,repress,0
21313,repressed,0
21314,reprieve,0
21315,reprimand,0
21316,reprint,0
21317,reprinted,0
21318,reprints,0
21319,reprisal,0
21320,reprisals,0
21321,reprise,0
21322,reproach,0
21323,reproduce,0
21324,reps,0
21325,reptile,0
21326,reptiles,0
21327,reptilian,0
21328,republic,0
21329,republics,0
21330,repugnant,0
21331,repulse,0
21332,repulsed,0
21333,repulsion,0
21334,repulsive,0
21335,reputable,0
21336,repute,0
21337,reputed,0
21338,reputedly,0
21339,request,0
21340,requested,0
21341,requests,0
21342,requiem,0
21343,require,0
21344,required,0
21345,requires,0
21346,requiring,0
21347,requisite,0
21348,reread,0
21349,rereading,0
21350,rerouted,0
21351,rerun,0
21352,reruns,0
21353,res,0
21354,resale,0
21355,rescind,0
21356,rescinded,0
21357,rescue,0
21358,rescued,0
21359,rescuer,0
21360,rescuers,0
21361,rescues,0
21362,rescuing,0
21363,research,0
21364,resection,0
21365,resell,0
21366,reseller,0
21367,resellers,0
21368,reselling,0
21369,resemble,0
21370,resembled,0
21371,resembles,0
21372,resent,0
21373,resented,0
21374,resentful,0
21375,resents,0
21376,reserve,0
21377,reserved,0
21378,reserves,0
21379,reserving,0
21380,reservoir,0
21381,reset,0
21382,resets,0
21383,resetting,0
21384,resettled,0
21385,reshape,0
21386,reshaped,0
21387,reshaping,0
21388,reshuffle,0
21389,reside,0
21390,resided,0
21391,residence,0
21392,residency,0
21393,resident,0
21394,residents,0
21395,resides,0
21396,residing,0
21397,residual,0
21398,residuals,0
21399,residue,0
21400,residues,0
21401,resign,0
21402,resigned,0
21403,resigning,0
21404,resigns,0
21405,resilient,0
21406,resin,0
21407,resins,0
21408,resist,0
21409,resistant,0
21410,resisted,0
21411,resisting,0
21412,resistive,0
21413,resistor,0
21414,resistors,0
21415,resists,0
21416,resold,0
21417,resolute,0
21418,resolve,0
21419,resolved,0
21420,resolves,0
21421,resolving,0
21422,resonance,0
21423,resonant,0
21424,resonate,0
21425,resonated,0
21426,resonates,0
21427,resonator,0
21428,resort,0
21429,resorted,0
21430,resorting,0
21431,resorts,0
21432,resource,0
21433,resources,0
21434,respect,0
21435,respected,0
21436,respects,0
21437,respite,0
21438,respond,0
21439,responded,0
21440,responder,0
21441,responds,0
21442,response,0
21443,responses,0
21444,rest,0
21445,restart,0
21446,restarted,0
21447,restarts,0
21448,restated,0
21449,rested,0
21450,restful,0
21451,resting,0
21452,restless,0
21453,resto,0
21454,restock,0
21455,restore,0
21456,restored,0
21457,restores,0
21458,restoring,0
21459,restrain,0
21460,restraint,0
21461,restrict,0
21462,restricts,0
21463,restroom,0
21464,restrooms,0
21465,rests,0
21466,result,0
21467,resultant,0
21468,resulted,0
21469,resulting,0
21470,results,0
21471,resume,0
21472,resumed,0
21473,resumes,0
21474,resuming,0
21475,resupply,0
21476,resurface,0
21477,resurgent,0
21478,resurrect,0
21479,ret,0
21480,retail,0
21481,retailer,0
21482,retailers,0
21483,retailing,0
21484,retails,0
21485,retain,0
21486,retained,0
21487,retainer,0
21488,retainers,0
21489,retaining,0
21490,retains,0
21491,retake,0
21492,retaken,0
21493,retaking,0
21494,retaliate,0
21495,retard,1
21496,retardant,0
21497,retarded,1
21498,retards,0
21499,retelling,0
21500,retention,0
21501,retest,0
21502,rethink,0
21503,reticence,0
21504,reticent,0
21505,reticulum,0
21506,retina,0
21507,retinal,0
21508,retinue,0
21509,retire,0
21510,retired,0
21511,retiree,0
21512,retirees,0
21513,retires,0
21514,retiring,0
21515,retold,0
21516,retook,0
21517,retort,0
21518,retorted,0
21519,retrace,0
21520,retract,0
21521,retracted,0
21522,retrain,0
21523,retreat,0
21524,retreated,0
21525,retreats,0
21526,retrial,0
21527,retrieval,0
21528,retrieve,0
21529,retrieved,0
21530,retriever,0
21531,retrieves,0
21532,retro,0
21533,retrofit,0
21534,retry,0
21535,return,0
21536,returned,0
21537,returner,0
21538,returning,0
21539,returns,0
21540,reunion,0
21541,reunions,0
21542,reunite,0
21543,reunited,0
21544,reunites,0
21545,reuniting,0
21546,reusable,0
21547,reuse,0
21548,reused,0
21549,reusing,0
21550,rev,0
21551,revamp,0
21552,revamped,0
21553,revamping,0
21554,reveal,0
21555,revealed,0
21556,revealing,0
21557,reveals,0
21558,revel,0
21559,revelry,0
21560,revels,0
21561,revenge,0
21562,revenue,0
21563,revenues,0
21564,reverb,0
21565,revere,0
21566,revered,0
21567,reverence,0
21568,reverend,0
21569,reverie,0
21570,reversal,0
21571,reversals,0
21572,reverse,0
21573,reversed,0
21574,reverses,0
21575,reversing,0
21576,reversion,0
21577,revert,0
21578,reverted,0
21579,reverting,0
21580,reverts,0
21581,review,0
21582,reviewed,0
21583,reviewer,0
21584,reviewers,0
21585,reviewing,0
21586,reviews,0
21587,reviled,0
21588,revise,0
21589,revised,0
21590,revising,0
21591,revision,0
21592,revisions,0
21593,revisit,0
21594,revisited,0
21595,revival,0
21596,revivals,0
21597,revive,0
21598,revived,0
21599,revives,0
21600,reviving,0
21601,revoke,0
21602,revoked,0
21603,revoking,0
21604,revolt,0
21605,revolted,0
21606,revolting,0
21607,revolts,0
21608,revolve,0
21609,revolved,0
21610,revolver,0
21611,revolvers,0
21612,revolves,0
21613,revolving,0
21614,revs,0
21615,revue,1
21616,revulsion,0
21617,revving,0
21618,reward,0
21619,rewarded,0
21620,rewarding,0
21621,rewards,0
21622,rewind,0
21623,rework,0
21624,reworked,0
21625,reworking,0
21626,rewrite,0
21627,rewrites,0
21628,rewriting,0
21629,rewritten,0
21630,rewrote,0
21631,rex,0
21632,rez,0
21633,rhapsody,0
21634,rhea,0
21635,rhesus,0
21636,rhetoric,0
21637,rheumatic,0
21638,rhine,0
21639,rhino,0
21640,rhinos,0
21641,rho,0
21642,rhodium,0
21643,rhone,0
21644,rhubarb,0
21645,rhyme,0
21646,rhymed,0
21647,rhymes,0
21648,rhyming,0
21649,rhythm,0
21650,rhythmic,0
21651,rhythms,0
21652,ria,0
21653,rialto,0
21654,rib,0
21655,riba,0
21656,ribbed,0
21657,ribbing,0
21658,ribbon,0
21659,ribbons,0
21660,ribosomal,0
21661,ribs,0
21662,rice,0
21663,rich,0
21664,richer,0
21665,riches,0
21666,richest,0
21667,richly,0
21668,richness,0
21669,richter,0
21670,rick,0
21671,rickety,0
21672,rickey,0
21673,ricks,0
21674,rickshaw,0
21675,ricochet,0
21676,ricotta,0
21677,rid,0
21678,riddance,0
21679,ridden,0
21680,ridding,0
21681,riddle,0
21682,riddled,0
21683,riddler,0
21684,riddles,0
21685,ride,0
21686,rider,0
21687,riders,0
21688,ridership,0
21689,rides,0
21690,ridge,0
21691,ridges,0
21692,ridgeway,0
21693,ridicule,0
21694,ridiculed,0
21695,riding,0
21696,ridley,0
21697,riesling,0
21698,rif,0
21699,rife,0
21700,riff,0
21701,riffs,0
21702,rifle,0
21703,rifled,0
21704,rifleman,0
21705,rifles,0
21706,rifling,0
21707,rift,0
21708,rifts,0
21709,rig,0
21710,rigged,0
21711,rigging,0
21712,riggs,0
21713,right,0
21714,righteous,0
21715,rightful,0
21716,righting,0
21717,rightly,0
21718,rights,0
21719,righty,0
21720,rigid,0
21721,rigidity,0
21722,rigidly,0
21723,rigor,0
21724,rigorous,0
21725,rigors,0
21726,rigour,0
21727,rigs,0
21728,riled,0
21729,riley,0
21730,rim,0
21731,rime,0
21732,rimmed,0
21733,rimmer,0
21734,rims,0
21735,rin,0
21736,rind,0
21737,ring,0
21738,ringed,0
21739,ringer,0
21740,ringing,0
21741,rings,0
21742,ringside,0
21743,ringtone,0
21744,rink,0
21745,rinks,0
21746,rinse,0
21747,rinsed,0
21748,rinsing,0
21749,riot,0
21750,rioters,0
21751,rioting,0
21752,riotous,0
21753,riots,0
21754,rip,0
21755,riparian,0
21756,ripe,0
21757,ripen,0
21758,ripening,0
21759,ripped,0
21760,ripper,0
21761,ripping,0
21762,ripple,0
21763,ripples,0
21764,rippling,0
21765,rips,0
21766,riptide,0
21767,rise,0
21768,risen,0
21769,riser,0
21770,risers,0
21771,rises,0
21772,rishi,0
21773,rising,0
21774,risk,0
21775,risked,0
21776,riskier,0
21777,risking,0
21778,risks,0
21779,risky,0
21780,risotto,0
21781,rit,0
21782,rite,0
21783,rites,0
21784,ritter,0
21785,ritual,0
21786,rituals,0
21787,ritz,0
21788,riva,0
21789,rival,0
21790,rivalries,0
21791,rivalry,0
21792,rivals,0
21793,rivas,0
21794,riven,0
21795,river,0
21796,riverbank,0
21797,riverbed,0
21798,rivers,0
21799,riverside,0
21800,rivet,0
21801,riveted,0
21802,riveting,0
21803,rivets,0
21804,riviera,0
21805,roach,0
21806,roaches,0
21807,road,0
21808,roadblock,0
21809,roadhouse,0
21810,roadkill,0
21811,roads,0
21812,roadshow,0
21813,roadside,0
21814,roadster,0
21815,roadway,0
21816,roadways,0
21817,roam,0
21818,roamed,0
21819,roaming,0
21820,roams,0
21821,roan,0
21822,roar,0
21823,roared,0
21824,roaring,0
21825,roars,0
21826,roast,0
21827,roasted,0
21828,roasters,0
21829,roasting,0
21830,roasts,0
21831,rob,0
21832,robbed,0
21833,robber,0
21834,robberies,0
21835,robbers,0
21836,robbery,0
21837,robbing,0
21838,robbins,0
21839,robe,0
21840,robes,0
21841,robin,0
21842,robins,0
21843,robles,0
21844,robot,0
21845,robotic,0
21846,robotics,0
21847,robots,0
21848,robs,0
21849,robust,0
21850,roc,0
21851,rock,0
21852,rockaway,0
21853,rocked,0
21854,rocker,0
21855,rockers,0
21856,rocket,0
21857,rocketed,0
21858,rockets,0
21859,rocking,0
21860,rocks,0
21861,rocky,0
21862,rococo,0
21863,rod,0
21864,rode,0
21865,rodent,0
21866,rodents,0
21867,rodeo,0
21868,rodman,0
21869,rods,0
21870,roe,0
21871,roebuck,0
21872,roger,0
21873,rogers,0
21874,rogue,0
21875,rogues,0
21876,rok,0
21877,role,0
21878,roles,0
21879,rolf,0
21880,roll,0
21881,rollback,0
21882,rolled,0
21883,roller,0
21884,rollers,0
21885,rolling,0
21886,rollout,0
21887,rollover,0
21888,rolls,0
21889,rom,0
21890,roma,0
21891,romaine,0
21892,roman,0
21893,romance,0
21894,romances,0
21895,romancing,0
21896,romano,0
21897,romans,0
21898,romantic,0
21899,romantics,0
21900,romeo,0
21901,romp,0
21902,roms,0
21903,rondo,0
21904,rong,0
21905,ronin,0
21906,ronnie,0
21907,roo,0
21908,rood,0
21909,roof,0
21910,roofed,0
21911,roofing,0
21912,roofs,0
21913,rooftop,0
21914,rooftops,0
21915,rook,0
21916,rookie,0
21917,rookies,0
21918,rooks,0
21919,room,0
21920,rooming,0
21921,roommate,0
21922,roommates,0
21923,rooms,0
21924,roomy,0
21925,roos,0
21926,roost,0
21927,rooster,0
21928,roosters,0
21929,root,0
21930,rooted,0
21931,rooting,0
21932,roots,0
21933,rope,0
21934,roped,0
21935,roper,0
21936,ropes,0
21937,roping,0
21938,roque,0
21939,rory,0
21940,rosary,0
21941,roscoe,0
21942,rose,0
21943,rosebud,0
21944,rosemary,0
21945,roses,0
21946,rosette,0
21947,rosewood,0
21948,rosin,0
21949,roster,0
21950,rosters,0
21951,rostrum,0
21952,rosy,0
21953,rot,0
21954,rota,0
21955,rotary,0
21956,rotate,0
21957,rotated,0
21958,rotates,0
21959,rotating,0
21960,rotation,0
21961,rotations,0
21962,rotator,0
21963,rote,0
21964,roti,0
21965,rotor,0
21966,rotors,0
21967,rots,0
21968,rotted,0
21969,rotten,0
21970,rotting,0
21971,rotunda,0
21972,roubles,0
21973,rouen,0
21974,rouge,0
21975,rough,0
21976,roughed,0
21977,rougher,0
21978,roughest,0
21979,roughing,0
21980,roughly,0
21981,roughness,0
21982,roulette,0
21983,round,0
21984,rounded,0
21985,rounder,0
21986,rounders,0
21987,rounding,0
21988,roundly,0
21989,rounds,0
21990,roundup,0
21991,rouse,0
21992,roused,0
21993,rousing,0
21994,rousseau,0
21995,rout,0
21996,route,0
21997,routed,0
21998,router,0
21999,routers,0
22000,routes,0
22001,routine,0
22002,routinely,0
22003,routines,0
22004,routing,0
22005,roux,0
22006,rove,0
22007,rover,0
22008,rovers,0
22009,roving,0
22010,row,0
22011,rowan,0
22012,rowdy,0
22013,rowed,0
22014,rower,0
22015,rowers,0
22016,rowing,0
22017,rows,0
22018,royal,0
22019,royalist,0
22020,royalists,0
22021,royally,0
22022,royals,0
22023,royalties,0
22024,royalty,0
22025,rub,0
22026,rubbed,0
22027,rubber,0
22028,rubbers,0
22029,rubbery,0
22030,rubbing,0
22031,rubbish,0
22032,rubble,0
22033,rube,0
22034,rubella,0
22035,rubicon,0
22036,rubies,0
22037,rubin,0
22038,ruble,0
22039,rubles,0
22040,rubric,0
22041,rubs,0
22042,ruby,0
22043,ruck,0
22044,rucksack,0
22045,ruckus,0
22046,rudd,0
22047,rudder,0
22048,ruddy,0
22049,rude,0
22050,rudely,0
22051,rudeness,0
22052,rue,0
22053,ruff,0
22054,ruffle,0
22055,ruffled,0
22056,ruffles,0
22057,rug,0
22058,rugby,0
22059,rugged,0
22060,rugs,0
22061,ruin,0
22062,ruined,0
22063,ruining,0
22064,ruinous,0
22065,ruins,0
22066,rukh,0
22067,rule,0
22068,ruled,0
22069,ruler,0
22070,rulers,0
22071,rules,0
22072,ruling,0
22073,rulings,0
22074,rum,1
22075,rumba,0
22076,rumble,0
22077,rumbled,0
22078,rumbles,0
22079,rumbling,0
22080,rumblings,0
22081,rummage,0
22082,rummaging,0
22083,rumor,0
22084,rumored,0
22085,rumors,0
22086,rumour,0
22087,rumoured,0
22088,rumours,0
22089,rump,1
22090,run,0
22091,runaway,0
22092,runaways,0
22093,rundown,0
22094,rune,0
22095,runes,0
22096,rung,0
22097,rungs,0
22098,runner,0
22099,runners,0
22100,running,0
22101,runny,0
22102,runoff,0
22103,runs,0
22104,runway,0
22105,runways,0
22106,rupee,0
22107,rupees,0
22108,rupture,0
22109,ruptured,0
22110,ruptures,0
22111,rural,0
22112,ruse,0
22113,rush,0
22114,rushed,0
22115,rusher,0
22116,rushes,0
22117,rushing,0
22118,rusk,0
22119,russel,0
22120,russia,0
22121,rust,0
22122,rusted,0
22123,rustic,0
22124,rusting,0
22125,rustle,0
22126,rustling,0
22127,rusty,0
22128,rut,0
22129,ruth,0
22130,ruthless,0
22131,rutter,0
22132,rye,0
22133,sab,0
22134,sabbath,0
22135,saber,0
22136,sabha,0
22137,sabine,0
22138,sable,0
22139,sabotage,0
22140,sabotaged,0
22141,sabra,0
22142,sabre,0
22143,sabres,0
22144,sac,0
22145,sack,0
22146,sacked,0
22147,sacking,0
22148,sacks,0
22149,sacra,0
22150,sacral,0
22151,sacrament,0
22152,sacred,0
22153,sacrifice,0
22154,sacrilege,0
22155,sacs,0
22156,sad,0
22157,saddened,0
22158,saddens,0
22159,sadder,0
22160,saddest,0
22161,saddle,0
22162,saddled,0
22163,saddles,0
22164,sade,0
22165,sadism,1
22166,sadist,1
22167,sadistic,0
22168,sadly,0
22169,sadness,0
22170,sae,0
22171,safari,0
22172,safe,0
22173,safeguard,0
22174,safely,0
22175,safer,0
22176,safes,0
22177,safest,0
22178,safeties,0
22179,safety,0
22180,saffron,0
22181,sag,0
22182,saga,0
22183,sagas,0
22184,sage,0
22185,sagebrush,0
22186,sages,0
22187,sagging,0
22188,saggy,0
22189,saheb,0
22190,sahib,0
22191,sai,0
22192,said,0
22193,sail,0
22194,sailboat,0
22195,sailed,0
22196,sailing,0
22197,sailor,0
22198,sailors,0
22199,sails,0
22200,saint,0
22201,saintly,0
22202,saints,0
22203,sais,0
22204,saith,0
22205,sakai,0
22206,sake,0
22207,sakes,0
22208,saki,0
22209,sal,0
22210,salaam,0
22211,salad,0
22212,salads,0
22213,salami,0
22214,salaried,0
22215,salaries,0
22216,salary,0
22217,sale,0
22218,sales,0
22219,salesman,0
22220,salesmen,0
22221,salicylic,0
22222,salient,0
22223,salina,0
22224,salinas,0
22225,saline,0
22226,salinity,0
22227,saliva,0
22228,salivary,0
22229,salle,0
22230,sally,0
22231,salmon,0
22232,salon,0
22233,salons,0
22234,saloon,0
22235,saloons,0
22236,salsa,0
22237,salt,0
22238,salted,0
22239,salter,0
22240,salts,0
22241,saltwater,0
22242,salty,0
22243,salute,0
22244,saluted,0
22245,salutes,0
22246,saluting,0
22247,salvage,0
22248,salvaged,0
22249,salvaging,0
22250,salvation,0
22251,salve,0
22252,salvia,0
22253,salvo,0
22254,sam,0
22255,sama,0
22256,samara,0
22257,samaritan,0
22258,samba,0
22259,sambo,0
22260,same,0
22261,sammy,0
22262,sample,0
22263,sampled,0
22264,sampler,0
22265,samples,0
22266,sampling,0
22267,sams,0
22268,samurai,0
22269,san,0
22270,sancho,0
22271,sanction,0
22272,sanctions,0
22273,sanctity,0
22274,sanctuary,0
22275,sanctum,0
22276,sand,0
22277,sandal,0
22278,sandals,0
22279,sandbags,0
22280,sandbox,0
22281,sanded,0
22282,sander,0
22283,sanders,0
22284,sanding,0
22285,sandman,0
22286,sandpaper,0
22287,sands,0
22288,sandstone,0
22289,sandstorm,0
22290,sandwich,0
22291,sandy,0
22292,sane,0
22293,sang,0
22294,sanger,0
22295,sangh,0
22296,sangria,0
22297,sanguine,0
22298,sanitary,0
22299,sanitized,0
22300,sanitizer,0
22301,sanity,0
22302,sank,0
22303,sans,0
22304,sansa,0
22305,sant,0
22306,santo,0
22307,santos,0
22308,sap,0
22309,sapiens,0
22310,saplings,0
22311,sapphire,0
22312,sapphires,0
22313,sappy,0
22314,saps,0
22315,sar,0
22316,saran,0
22317,sarcasm,0
22318,sarcastic,0
22319,sarcoma,0
22320,sardar,0
22321,sardine,0
22322,sardines,0
22323,sardonic,0
22324,saree,0
22325,sarge,0
22326,sari,0
22327,sarin,0
22328,sark,0
22329,sars,0
22330,sash,0
22331,sashes,0
22332,sashimi,0
22333,saskatoon,0
22334,sasquatch,0
22335,sass,0
22336,sassy,0
22337,sat,0
22338,satanic,0
22339,satanism,0
22340,satchel,0
22341,sate,0
22342,satellite,0
22343,satin,0
22344,satire,0
22345,satirical,0
22346,satirist,0
22347,satisfied,0
22348,satisfies,0
22349,satisfy,0
22350,saturate,0
22351,saturated,0
22352,sau,0
22353,sauce,0
22354,saucepan,0
22355,saucer,0
22356,saucers,0
22357,sauces,0
22358,saucy,0
22359,saul,0
22360,sault,0
22361,sauna,0
22362,sausage,0
22363,sausages,0
22364,sav,0
22365,savage,0
22366,savagely,0
22367,savagery,0
22368,savages,0
22369,savanna,0
22370,savannah,0
22371,savant,0
22372,save,0
22373,saved,0
22374,saver,0
22375,savers,0
22376,saves,0
22377,savin,0
22378,saving,0
22379,savings,0
22380,savior,0
22381,saviors,0
22382,saviour,0
22383,savor,0
22384,savory,0
22385,savour,0
22386,savoury,0
22387,savoy,0
22388,savvy,0
22389,saw,0
22390,sawdust,0
22391,sawed,0
22392,sawing,0
22393,sawmill,0
22394,sawmills,0
22395,sawn,0
22396,saws,0
22397,sawyer,0
22398,sax,0
22399,saxe,0
22400,saxony,0
22401,saxophone,0
22402,say,0
22403,sayed,0
22404,sayer,0
22405,sayers,0
22406,saying,0
22407,sayings,0
22408,says,0
22409,scab,0
22410,scabs,0
22411,scaffold,0
22412,scala,0
22413,scalable,0
22414,scalar,0
22415,scalding,0
22416,scale,0
22417,scaled,0
22418,scales,0
22419,scaling,0
22420,scallop,0
22421,scalloped,0
22422,scallops,0
22423,scalp,0
22424,scalpel,0
22425,scalping,0
22426,scalps,0
22427,scaly,0
22428,scam,0
22429,scammed,0
22430,scammer,0
22431,scammers,0
22432,scamming,0
22433,scams,0
22434,scan,0
22435,scandal,0
22436,scandals,0
22437,scanned,0
22438,scanner,0
22439,scanners,0
22440,scanning,0
22441,scans,0
22442,scant,0
22443,scantily,1
22444,scape,0
22445,scapegoat,0
22446,scar,0
22447,scarab,0
22448,scarce,0
22449,scarcely,0
22450,scarcity,0
22451,scare,0
22452,scarecrow,0
22453,scared,0
22454,scares,0
22455,scarf,0
22456,scarier,0
22457,scariest,0
22458,scaring,0
22459,scarlet,0
22460,scarlets,0
22461,scarred,0
22462,scarring,0
22463,scars,0
22464,scarves,0
22465,scary,0
22466,scat,0
22467,scathing,0
22468,scatter,0
22469,scattered,0
22470,scavenge,0
22471,scavenger,0
22472,scenario,0
22473,scenarios,0
22474,scene,0
22475,scenery,0
22476,scenes,0
22477,scenic,0
22478,scent,0
22479,scented,0
22480,scents,0
22481,scepter,0
22482,sceptic,0
22483,sceptical,0
22484,sceptre,0
22485,schedule,0
22486,scheduled,0
22487,scheduler,0
22488,schedules,0
22489,schema,0
22490,schematic,0
22491,scheme,0
22492,schemes,0
22493,scheming,0
22494,schiller,0
22495,schilling,0
22496,schism,0
22497,schmuck,0
22498,scholar,0
22499,scholarly,0
22500,scholars,0
22501,school,0
22502,schoolboy,0
22503,schooled,0
22504,schooling,0
22505,schools,0
22506,schooner,0
22507,science,0
22508,sciences,0
22509,scientist,0
22510,scion,0
22511,scissor,0
22512,scissors,0
22513,sclerosis,0
22514,scoff,0
22515,scoffed,0
22516,scold,0
22517,scolded,0
22518,scolding,0
22519,scoliosis,0
22520,scone,0
22521,scones,0
22522,scooby,0
22523,scoop,0
22524,scooped,0
22525,scooping,0
22526,scoops,0
22527,scoot,0
22528,scooter,0
22529,scooters,0
22530,scope,0
22531,scopes,0
22532,scoping,0
22533,scorch,0
22534,scorched,0
22535,scorching,0
22536,score,0
22537,scorecard,0
22538,scored,0
22539,scoreless,0
22540,scoreline,0
22541,scorer,0
22542,scorers,0
22543,scores,0
22544,scoring,0
22545,scorn,0
22546,scorned,0
22547,scorpion,0
22548,scorpions,0
22549,scot,0
22550,scotch,0
22551,scotia,0
22552,scots,0
22553,scottie,0
22554,scoundrel,0
22555,scour,0
22556,scoured,0
22557,scourge,0
22558,scouring,0
22559,scout,0
22560,scouted,0
22561,scouting,0
22562,scouts,0
22563,scowl,0
22564,scrabble,0
22565,scramble,0
22566,scrambled,0
22567,scrambles,0
22568,scrap,0
22569,scrapbook,0
22570,scrape,0
22571,scraped,0
22572,scraper,0
22573,scrapes,0
22574,scraping,0
22575,scrapped,0
22576,scrapping,0
22577,scrappy,0
22578,scraps,0
22579,scratch,0
22580,scratched,0
22581,scratches,0
22582,scratchy,0
22583,scrawled,0
22584,scrawny,0
22585,scream,0
22586,screamed,0
22587,screamer,0
22588,screaming,0
22589,screams,0
22590,screech,0
22591,screen,0
22592,screened,0
22593,screening,0
22594,screens,0
22595,screw,1
22596,screwed,1
22597,screwing,1
22598,screws,0
22599,scribble,0
22600,scribbled,0
22601,scribbles,0
22602,scribe,0
22603,scribes,0
22604,scrim,0
22605,scrimmage,0
22606,scrip,0
22607,script,0
22608,scripted,0
22609,scripting,0
22610,scripts,0
22611,scripture,0
22612,scroll,0
22613,scrolled,0
22614,scrolling,0
22615,scrolls,0
22616,scrooge,0
22617,scrotum,1
22618,scrub,0
22619,scrubbed,0
22620,scrubbing,0
22621,scrubs,0
22622,scruff,0
22623,scruffy,0
22624,scrum,0
22625,scruples,0
22626,scrutiny,0
22627,scuba,0
22628,scudder,0
22629,scuffed,0
22630,scuffle,0
22631,sculpt,0
22632,sculpted,0
22633,sculpting,0
22634,sculptor,0
22635,sculptors,0
22636,sculpture,0
22637,scum,1
22638,scumbag,0
22639,scumbags,0
22640,scurry,0
22641,scurrying,0
22642,scurvy,0
22643,scuttle,0
22644,scuttled,0
22645,scythe,0
22646,sea,0
22647,seabed,0
22648,seabirds,0
22649,seaboard,0
22650,seafarers,0
22651,seafaring,0
22652,seafloor,0
22653,seafood,0
22654,seafront,0
22655,seagull,0
22656,seagulls,0
22657,seahawks,0
22658,seahorse,0
22659,seal,0
22660,sealant,0
22661,sealed,0
22662,sealer,0
22663,sealing,0
22664,seals,0
22665,seam,0
22666,seaman,1
22667,seamen,1
22668,seamless,0
22669,seams,0
22670,sean,0
22671,seaplane,0
22672,seaport,0
22673,sear,0
22674,search,0
22675,searched,0
22676,searchers,0
22677,searches,0
22678,searching,0
22679,seared,0
22680,searing,0
22681,sears,0
22682,seas,0
22683,seashells,0
22684,seashore,0
22685,seaside,0
22686,season,0
22687,seasonal,0
22688,seasoned,0
22689,seasoning,0
22690,seasons,0
22691,seat,0
22692,seatbelt,0
22693,seatbelts,0
22694,seated,0
22695,seater,0
22696,seating,0
22697,seats,0
22698,seawater,0
22699,seaway,0
22700,seaweed,0
22701,sec,0
22702,secede,0
22703,secession,0
22704,secluded,0
22705,seclusion,0
22706,second,0
22707,secondary,0
22708,seconded,0
22709,secondly,0
22710,seconds,0
22711,secrecy,0
22712,secret,0
22713,secretary,0
22714,secrete,0
22715,secreted,0
22716,secretion,0
22717,secretive,0
22718,secretly,0
22719,secrets,0
22720,secs,0
22721,sect,0
22722,sectarian,0
22723,section,0
22724,sectional,0
22725,sectioned,0
22726,sections,0
22727,sector,0
22728,sectoral,0
22729,sectors,0
22730,sects,0
22731,secular,0
22732,secure,0
22733,secured,0
22734,securely,0
22735,secures,0
22736,securing,0
22737,security,0
22738,sed,0
22739,sedan,0
22740,sedans,0
22741,sedate,0
22742,sedated,0
22743,sedation,0
22744,sedative,0
22745,sedatives,0
22746,sedentary,0
22747,seder,0
22748,sediment,0
22749,sediments,0
22750,sedition,0
22751,seditious,0
22752,seduce,1
22753,seduced,0
22754,seduces,0
22755,seducing,0
22756,seduction,0
22757,seductive,0
22758,see,0
22759,seed,0
22760,seeded,0
22761,seeding,0
22762,seedling,0
22763,seedlings,0
22764,seeds,0
22765,seedy,0
22766,seeing,0
22767,seek,0
22768,seeker,0
22769,seekers,0
22770,seeking,0
22771,seeks,0
22772,seem,0
22773,seemed,0
22774,seeming,0
22775,seemingly,0
22776,seems,0
22777,seen,0
22778,seep,0
22779,seeped,0
22780,seeping,0
22781,seeps,0
22782,seer,0
22783,sees,0
22784,seething,0
22785,segment,0
22786,segmented,0
22787,segments,0
22788,segregate,0
22789,segue,0
22790,sei,0
22791,seine,0
22792,seismic,0
22793,seize,0
22794,seized,0
22795,seizes,0
22796,seizing,0
22797,seizure,0
22798,seizures,0
22799,sel,0
22800,seldom,0
22801,select,0
22802,selected,0
22803,selecting,0
22804,selection,0
22805,selective,0
22806,selector,0
22807,selectors,0
22808,selects,0
22809,selenium,0
22810,self,0
22811,selfish,0
22812,selfishly,0
22813,selfless,0
22814,sell,0
22815,seller,0
22816,sellers,0
22817,selling,0
22818,sellout,0
22819,sells,0
22820,seltzer,0
22821,selves,0
22822,semantic,0
22823,semantics,0
22824,semaphore,0
22825,semblance,0
22826,semen,1
22827,semester,0
22828,semesters,0
22829,semi,0
22830,semifinal,0
22831,seminal,0
22832,seminar,0
22833,seminars,0
22834,seminary,0
22835,semis,0
22836,semper,0
22837,sen,0
22838,sena,0
22839,senate,0
22840,senator,0
22841,senators,0
22842,send,0
22843,sender,0
22844,sending,0
22845,sends,0
22846,seneca,0
22847,senile,0
22848,senior,0
22849,seniority,0
22850,seniors,0
22851,senna,0
22852,senor,0
22853,sens,0
22854,sensation,0
22855,sense,0
22856,sensed,0
22857,sensei,0
22858,senseless,0
22859,senses,0
22860,sensible,0
22861,sensibly,0
22862,sensing,0
22863,sensitive,0
22864,sensor,0
22865,sensors,0
22866,sensory,0
22867,sensual,0
22868,sensuous,0
22869,sent,0
22870,sentence,0
22871,sentenced,0
22872,sentences,0
22873,sentient,0
22874,sentiment,0
22875,sentinel,0
22876,sentinels,0
22877,sentries,0
22878,sentry,0
22879,sepals,0
22880,separable,0
22881,separate,0
22882,separated,0
22883,separates,0
22884,separator,0
22885,sepia,0
22886,sepsis,0
22887,sept,0
22888,septa,0
22889,septic,0
22890,septum,0
22891,sepulchre,0
22892,sequel,0
22893,sequels,0
22894,sequence,0
22895,sequenced,0
22896,sequencer,0
22897,sequences,0
22898,sequester,0
22899,sequin,0
22900,sequins,0
22901,sequoia,0
22902,ser,0
22903,sera,0
22904,seraphim,0
22905,serenade,0
22906,serene,0
22907,serenity,0
22908,serfs,0
22909,serge,0
22910,sergeant,0
22911,sergeants,0
22912,serial,0
22913,serials,0
22914,series,0
22915,serif,0
22916,serine,0
22917,serious,0
22918,seriously,0
22919,sermon,0
22920,sermons,0
22921,serotonin,0
22922,serpent,0
22923,serpents,0
22924,serra,0
22925,serrano,0
22926,serrated,0
22927,serum,0
22928,servant,0
22929,servants,0
22930,serve,0
22931,served,0
22932,server,0
22933,servers,0
22934,serves,0
22935,service,0
22936,serviced,0
22937,services,0
22938,servicing,0
22939,serving,0
22940,servings,0
22941,servitude,0
22942,servo,0
22943,sesame,0
22944,session,0
22945,sessions,0
22946,set,0
22947,setback,0
22948,setbacks,0
22949,seton,0
22950,sets,0
22951,setter,0
22952,setters,0
22953,setting,0
22954,settings,0
22955,settle,0
22956,settled,0
22957,settler,0
22958,settlers,0
22959,settles,0
22960,settling,0
22961,setup,0
22962,setups,0
22963,seven,0
22964,sevenfold,0
22965,sevens,0
22966,seventeen,0
22967,seventh,0
22968,seventies,0
22969,seventy,0
22970,sever,0
22971,several,0
22972,severance,0
22973,severe,0
22974,severed,0
22975,severely,0
22976,severing,0
22977,severity,0
22978,sew,0
22979,sewage,0
22980,sewed,0
22981,sewer,0
22982,sewerage,0
22983,sewers,0
22984,sewing,0
22985,sewn,0
22986,sex,1
22987,sexes,0
22988,sexier,0
22989,sexiest,0
22990,sexiness,0
22991,sexism,0
22992,sexist,0
22993,sexton,0
22994,sexual,1
22995,sexuality,0
22996,sexually,0
22997,sexy,0
22998,sez,0
22999,sha,0
23000,shabby,0
23001,shack,0
23002,shackle,0
23003,shackled,0
23004,shackles,0
23005,shacks,0
23006,shad,0
23007,shade,0
23008,shaded,0
23009,shader,0
23010,shades,0
23011,shading,0
23012,shadow,0
23013,shadowed,0
23014,shadowing,0
23015,shadows,0
23016,shadowy,0
23017,shady,0
23018,shaft,0
23019,shafts,0
23020,shag,1
23021,shaggy,0
23022,shah,0
23023,shaheed,0
23024,shahid,0
23025,shaikh,0
23026,shake,0
23027,shakedown,0
23028,shaken,0
23029,shaker,0
23030,shakers,0
23031,shakes,0
23032,shaking,0
23033,shaky,0
23034,shale,0
23035,shales,0
23036,shall,0
23037,shallots,0
23038,shallow,0
23039,shallower,0
23040,shallows,0
23041,shalom,0
23042,shalt,0
23043,sham,0
23044,shaman,0
23045,shamans,0
23046,shambles,0
23047,shame,0
23048,shamed,0
23049,shameful,0
23050,shameless,0
23051,shames,0
23052,shaming,0
23053,shampoo,0
23054,shampoos,0
23055,shamrock,0
23056,shams,0
23057,shan,0
23058,shanghai,0
23059,shank,0
23060,shanks,0
23061,shanti,0
23062,shanty,0
23063,shape,0
23064,shaped,0
23065,shapely,0
23066,shaper,0
23067,shapes,0
23068,shaping,0
23069,shard,0
23070,shards,0
23071,share,0
23072,shared,0
23073,shares,0
23074,sharia,0
23075,shariah,0
23076,sharif,0
23077,sharing,0
23078,shark,0
23079,sharks,0
23080,sharon,0
23081,sharp,0
23082,sharpen,0
23083,sharpened,0
23084,sharpener,0
23085,sharper,0
23086,sharpest,0
23087,sharpie,0
23088,sharply,0
23089,sharpness,0
23090,sharps,0
23091,shat,0
23092,shatter,0
23093,shattered,0
23094,shatters,0
23095,shave,0
23096,shaved,0
23097,shaven,0
23098,shaver,0
23099,shaves,0
23100,shaving,0
23101,shavings,0
23102,shaw,0
23103,shawl,0
23104,shawls,0
23105,shawn,0
23106,shay,0
23107,shazam,0
23108,she,0
23109,shea,0
23110,sheaf,0
23111,shear,0
23112,sheared,0
23113,shearer,0
23114,shearing,0
23115,shears,0
23116,sheath,0
23117,sheathed,0
23118,shed,0
23119,shedding,0
23120,sheds,0
23121,sheen,0
23122,sheep,0
23123,sheepskin,0
23124,sheer,0
23125,sheesh,0
23126,sheet,0
23127,sheeting,0
23128,sheets,0
23129,sheik,0
23130,sheikh,0
23131,sheila,0
23132,shekels,0
23133,shelf,0
23134,shell,0
23135,shellac,0
23136,shelled,0
23137,shellfish,0
23138,shelling,0
23139,shells,0
23140,shelly,0
23141,shelter,0
23142,sheltered,0
23143,shelters,0
23144,shelved,0
23145,shelves,0
23146,shelving,0
23147,shemale,1
23148,shepherd,0
23149,shepherds,0
23150,sherbet,0
23151,sherif,0
23152,sheriff,0
23153,sheriffs,0
23154,sherlock,0
23155,sherpa,0
23156,sherry,0
23157,shes,0
23158,shetland,0
23159,shied,0
23160,shield,0
23161,shielded,0
23162,shielding,0
23163,shields,0
23164,shift,0
23165,shifted,0
23166,shifter,0
23167,shifters,0
23168,shifting,0
23169,shifts,0
23170,shifty,0
23171,shill,0
23172,shilling,0
23173,shillings,0
23174,shim,0
23175,shimmer,0
23176,shimmy,0
23177,shin,0
23178,shine,0
23179,shined,0
23180,shiner,0
23181,shines,0
23182,shingle,0
23183,shingles,0
23184,shining,0
23185,shins,0
23186,shiny,0
23187,ship,0
23188,shipman,0
23189,shipment,0
23190,shipments,0
23191,shipped,0
23192,shipper,0
23193,shippers,0
23194,shipping,0
23195,ships,0
23196,shipwreck,0
23197,shipyard,0
23198,shipyards,0
23199,shire,0
23200,shirk,0
23201,shirt,0
23202,shirtless,0
23203,shirts,0
23204,shit,1
23205,shite,1
23206,shithead,1
23207,shithole,1
23208,shitless,0
23209,shitload,0
23210,shits,1
23211,shitter,1
23212,shittiest,0
23213,shitting,1
23214,shitty,1
23215,shiv,0
23216,shiva,0
23217,shiver,0
23218,shivering,0
23219,shivers,0
23220,shoal,0
23221,shoals,0
23222,shock,0
23223,shocked,0
23224,shocker,0
23225,shocking,0
23226,shocks,0
23227,shoddy,0
23228,shoe,0
23229,shoebox,0
23230,shoelaces,0
23231,shoemaker,0
23232,shoes,0
23233,shogun,0
23234,shone,0
23235,shoo,0
23236,shook,0
23237,shoot,0
23238,shooter,0
23239,shooters,0
23240,shooting,0
23241,shootings,0
23242,shootout,0
23243,shoots,0
23244,shop,0
23245,shopped,0
23246,shopper,0
23247,shoppers,0
23248,shopping,0
23249,shops,0
23250,shore,0
23251,shoreline,0
23252,shores,0
23253,shorn,0
23254,short,0
23255,shortage,0
23256,shortages,0
23257,shortcut,0
23258,shortcuts,0
23259,shorted,0
23260,shorten,0
23261,shortened,0
23262,shortens,0
23263,shorter,0
23264,shortest,0
23265,shortfall,0
23266,shorthand,0
23267,shorting,0
23268,shortlist,0
23269,shortly,0
23270,shortness,0
23271,shorts,0
23272,shortstop,0
23273,shortwave,0
23274,shorty,0
23275,shot,0
23276,shotgun,0
23277,shotguns,0
23278,shots,0
23279,should,0
23280,shoulder,0
23281,shoulders,0
23282,shout,0
23283,shouted,0
23284,shouting,0
23285,shouts,0
23286,shove,0
23287,shoved,0
23288,shovel,0
23289,shoveling,0
23290,shovels,0
23291,shoves,0
23292,shoving,0
23293,show,0
23294,showbiz,0
23295,showcase,0
23296,showcased,0
23297,showcases,0
23298,showdown,0
23299,showed,0
23300,shower,0
23301,showered,0
23302,showering,0
23303,showers,0
23304,showing,0
23305,showings,0
23306,showman,0
23307,shown,0
23308,showroom,0
23309,showrooms,0
23310,shows,0
23311,showtime,0
23312,showy,0
23313,shrank,0
23314,shrapnel,0
23315,shred,0
23316,shredded,0
23317,shredder,0
23318,shredding,0
23319,shreds,0
23320,shrew,0
23321,shrewd,0
23322,shri,0
23323,shriek,0
23324,shrieking,0
23325,shrieks,0
23326,shrill,0
23327,shrimp,0
23328,shrimps,0
23329,shrine,0
23330,shrines,0
23331,shrink,0
23332,shrinkage,0
23333,shrinking,0
23334,shrinks,0
23335,shriver,0
23336,shrooms,0
23337,shroud,0
23338,shrouded,0
23339,shrub,0
23340,shrubbery,0
23341,shrubs,0
23342,shrug,0
23343,shrugged,0
23344,shrugging,0
23345,shrugs,0
23346,shrunk,0
23347,shrunken,0
23348,shtick,0
23349,shucks,0
23350,shudder,0
23351,shudders,0
23352,shuffle,0
23353,shuffled,0
23354,shuffling,0
23355,shun,0
23356,shunned,0
23357,shunning,0
23358,shunt,0
23359,shura,0
23360,shush,0
23361,shut,0
23362,shutdown,0
23363,shutdowns,0
23364,shutout,0
23365,shuts,0
23366,shutter,0
23367,shuttered,0
23368,shutters,0
23369,shutting,0
23370,shuttle,0
23371,shuttles,0
23372,shy,0
23373,shyness,0
23374,siamese,0
23375,sibling,0
23376,siblings,0
23377,sic,0
23378,sich,0
23379,sick,0
23380,sickened,0
23381,sickening,0
23382,sickens,0
23383,sicker,0
23384,sickest,0
23385,sickle,0
23386,sickly,0
23387,sickness,0
23388,sicko,0
23389,side,0
23390,sidebar,0
23391,sideboard,0
23392,sideburns,0
23393,sidecar,0
23394,sided,0
23395,sidekick,0
23396,sidekicks,0
23397,sideline,0
23398,sidelined,0
23399,sidelines,0
23400,sides,0
23401,sideshow,0
23402,sidestep,0
23403,sidewalk,0
23404,sidewalks,0
23405,sideways,0
23406,siding,0
23407,sidings,0
23408,siege,0
23409,sieges,0
23410,siemens,0
23411,sienna,0
23412,sierra,0
23413,siesta,0
23414,sieve,0
23415,sif,0
23416,sift,0
23417,sifted,0
23418,sifting,0
23419,sigh,0
23420,sighed,0
23421,sighing,0
23422,sighs,0
23423,sight,0
23424,sighted,0
23425,sighting,0
23426,sightings,0
23427,sights,0
23428,sigma,0
23429,sign,0
23430,signage,0
23431,signal,0
23432,signaled,0
23433,signaling,0
23434,signalled,0
23435,signals,0
23436,signatory,0
23437,signature,0
23438,signed,0
23439,signer,0
23440,signers,0
23441,signet,0
23442,signified,0
23443,signifies,0
23444,signify,0
23445,signing,0
23446,signings,0
23447,signor,0
23448,signs,0
23449,sik,0
23450,silence,0
23451,silenced,0
23452,silencer,0
23453,silences,0
23454,silencing,0
23455,silent,0
23456,silently,0
23457,silesia,0
23458,silica,0
23459,silicate,0
23460,silicon,0
23461,silicone,0
23462,silk,0
23463,silken,0
23464,silks,0
23465,silky,0
23466,sill,0
23467,silliness,0
23468,sills,0
23469,silly,0
23470,silo,0
23471,silos,0
23472,silt,0
23473,silurian,0
23474,silva,0
23475,silver,0
23476,silvers,0
23477,silvery,0
23478,sim,0
23479,sima,0
23480,simba,0
23481,simi,0
23482,simian,0
23483,similar,0
23484,similarly,0
23485,simmer,0
23486,simmering,0
23487,simple,0
23488,simpler,0
23489,simplest,0
23490,simpleton,0
23491,simplex,0
23492,simplify,0
23493,simply,0
23494,sims,0
23495,simulate,0
23496,simulated,0
23497,simulates,0
23498,simulator,0
23499,simulcast,0
23500,sin,0
23501,since,0
23502,sincere,0
23503,sincerely,0
23504,sincerest,0
23505,sincerity,0
23506,sind,0
23507,sine,0
23508,sinful,0
23509,sing,0
23510,singed,0
23511,singer,0
23512,singers,0
23513,singing,0
23514,single,0
23515,singled,0
23516,singles,0
23517,singlet,0
23518,singleton,0
23519,singling,0
23520,singly,0
23521,sings,0
23522,singular,0
23523,sinister,0
23524,sink,0
23525,sinker,0
23526,sinkhole,0
23527,sinking,0
23528,sinks,0
23529,sinned,0
23530,sinner,0
23531,sinners,0
23532,sinning,0
23533,sins,0
23534,sinuous,0
23535,sinus,0
23536,sinuses,0
23537,sip,0
23538,siphon,0
23539,sipped,0
23540,sipping,0
23541,sips,0
23542,sir,0
23543,sire,0
23544,sired,0
23545,siren,0
23546,sirens,0
23547,sires,0
23548,siri,0
23549,sirloin,0
23550,sirs,0
23551,sis,0
23552,sissy,1
23553,sister,0
23554,sisters,0
23555,sit,0
23556,sitcom,0
23557,sitcoms,0
23558,site,0
23559,sited,0
23560,sites,0
23561,sith,0
23562,siting,0
23563,sitka,0
23564,sits,0
23565,sitter,0
23566,sitters,0
23567,sitting,0
23568,sittings,0
23569,situated,0
23570,situation,0
23571,six,0
23572,sixers,0
23573,sixes,0
23574,sixpence,0
23575,sixteen,0
23576,sixteenth,0
23577,sixth,0
23578,sixties,0
23579,sixty,0
23580,sizable,0
23581,size,0
23582,sizeable,0
23583,sized,0
23584,sizes,0
23585,sizing,0
23586,sizzle,0
23587,sizzling,0
23588,ska,0
23589,skank,1
23590,skate,0
23591,skated,0
23592,skater,0
23593,skaters,0
23594,skates,0
23595,skating,0
23596,skeet,0
23597,skeeter,0
23598,skeletal,0
23599,skeleton,0
23600,skeletons,0
23601,skelter,0
23602,skeptic,0
23603,skeptical,0
23604,skeptics,0
23605,sketch,0
23606,sketched,0
23607,sketches,0
23608,sketching,0
23609,sketchy,0
23610,skew,0
23611,skewed,0
23612,skewer,0
23613,skewers,0
23614,ski,0
23615,skid,0
23616,skidded,0
23617,skids,0
23618,skier,0
23619,skiers,0
23620,skies,0
23621,skiff,0
23622,skiing,0
23623,skilful,0
23624,skilfully,0
23625,skill,0
23626,skilled,0
23627,skillet,0
23628,skillful,0
23629,skills,0
23630,skim,0
23631,skimmed,0
23632,skimming,0
23633,skimp,0
23634,skimpy,0
23635,skin,0
23636,skincare,0
23637,skinhead,0
23638,skinheads,0
23639,skinned,0
23640,skinner,0
23641,skinnier,0
23642,skinning,0
23643,skinny,0
23644,skins,0
23645,skip,0
23646,skipped,0
23647,skipper,0
23648,skippers,0
23649,skipping,0
23650,skippy,0
23651,skips,0
23652,skirmish,0
23653,skirt,0
23654,skirted,0
23655,skirting,0
23656,skirts,0
23657,skis,0
23658,skit,0
23659,skits,0
23660,skittish,0
23661,skittles,0
23662,skull,0
23663,skulls,0
23664,skunk,0
23665,skunks,0
23666,sky,0
23667,skydive,0
23668,skydiving,0
23669,skylight,0
23670,skylights,0
23671,skyline,0
23672,skyrocket,0
23673,skyward,0
23674,slab,0
23675,slabs,0
23676,slack,0
23677,slacker,0
23678,slacking,0
23679,slacks,0
23680,slade,0
23681,slag,0
23682,slain,0
23683,slalom,0
23684,slam,0
23685,slammed,0
23686,slamming,0
23687,slams,0
23688,slander,0
23689,slandered,0
23690,slang,0
23691,slant,0
23692,slanted,0
23693,slap,0
23694,slapped,0
23695,slapping,0
23696,slaps,0
23697,slapstick,0
23698,slash,0
23699,slashed,0
23700,slasher,0
23701,slashes,0
23702,slashing,0
23703,slate,0
23704,slated,0
23705,slater,0
23706,slates,0
23707,slats,0
23708,slattery,0
23709,slaughter,0
23710,slave,1
23711,slavery,0
23712,slaves,0
23713,slaw,0
23714,slay,0
23715,slayed,0
23716,slayer,0
23717,slayers,0
23718,slaying,0
23719,slays,0
23720,sleaze,1
23721,sleazy,1
23722,sled,0
23723,sledding,0
23724,sledge,0
23725,sleds,0
23726,sleek,0
23727,sleep,0
23728,sleeper,0
23729,sleepers,0
23730,sleeping,0
23731,sleepless,0
23732,sleepover,0
23733,sleeps,0
23734,sleepy,0
23735,sleet,0
23736,sleeve,0
23737,sleeved,0
23738,sleeves,0
23739,sleigh,0
23740,sleight,0
23741,slender,0
23742,slept,0
23743,sleuth,0
23744,slew,0
23745,slice,0
23746,sliced,0
23747,slicer,0
23748,slices,0
23749,slicing,0
23750,slick,0
23751,slid,0
23752,slide,0
23753,slider,0
23754,sliders,0
23755,slides,0
23756,sliding,0
23757,slight,0
23758,slighted,0
23759,slightest,0
23760,slightly,0
23761,slim,0
23762,slime,0
23763,slimmer,0
23764,slimming,0
23765,slimy,0
23766,sling,0
23767,slinging,0
23768,slings,0
23769,slingshot,0
23770,slinky,0
23771,slip,0
23772,slipknot,0
23773,slippage,0
23774,slipped,0
23775,slipper,0
23776,slippers,0
23777,slippery,0
23778,slipping,0
23779,slips,0
23780,slit,0
23781,slither,0
23782,slits,0
23783,sliver,0
23784,sloan,0
23785,slob,0
23786,slog,0
23787,slogan,0
23788,slogans,0
23789,sloop,0
23790,slop,0
23791,slope,1
23792,sloped,0
23793,slopes,0
23794,sloping,0
23795,sloppy,0
23796,slot,0
23797,sloth,0
23798,sloths,0
23799,slots,0
23800,slotted,0
23801,slouch,0
23802,slough,0
23803,slow,0
23804,slowdown,0
23805,slowed,0
23806,slower,0
23807,slowest,0
23808,slowing,0
23809,slowly,0
23810,slowness,0
23811,slows,0
23812,sludge,0
23813,slug,0
23814,slugger,0
23815,slugging,0
23816,sluggish,0
23817,slugs,0
23818,sluice,0
23819,slum,0
23820,slumber,0
23821,slump,0
23822,slumped,0
23823,slumping,0
23824,slumps,0
23825,slums,0
23826,slung,0
23827,slur,0
23828,slurp,0
23829,slurred,0
23830,slurry,0
23831,slurs,0
23832,slush,0
23833,slut,1
23834,sluts,1
23835,slutty,0
23836,sly,0
23837,sma,0
23838,smack,0
23839,smackdown,0
23840,smacked,0
23841,smacking,0
23842,smacks,0
23843,small,0
23844,smaller,0
23845,smallest,0
23846,smalling,0
23847,smallish,0
23848,smallpox,0
23849,smalls,0
23850,smart,0
23851,smartass,0
23852,smarter,0
23853,smartest,0
23854,smartly,0
23855,smarts,0
23856,smash,0
23857,smashed,0
23858,smashes,0
23859,smashing,0
23860,smear,0
23861,smeared,0
23862,smearing,0
23863,smears,0
23864,smell,0
23865,smelled,0
23866,smelling,0
23867,smells,0
23868,smelly,0
23869,smelt,0
23870,smelter,0
23871,smelting,0
23872,smile,0
23873,smiled,0
23874,smiles,0
23875,smiley,0
23876,smiling,0
23877,smirk,0
23878,smirked,0
23879,smirking,0
23880,smit,0
23881,smite,0
23882,smith,0
23883,smithers,0
23884,smiths,0
23885,smithy,0
23886,smitten,0
23887,smock,0
23888,smog,0
23889,smoke,0
23890,smoked,0
23891,smokeless,0
23892,smoker,0
23893,smokers,0
23894,smokes,0
23895,smokey,0
23896,smoking,0
23897,smoky,0
23898,smooth,0
23899,smoothed,0
23900,smoother,0
23901,smoothest,0
23902,smoothie,0
23903,smoothies,0
23904,smoothing,0
23905,smoothly,0
23906,smother,0
23907,smothered,0
23908,smudge,0
23909,smudged,0
23910,smug,0
23911,smuggle,0
23912,smuggled,0
23913,smuggler,0
23914,smugglers,0
23915,smuggling,0
23916,smut,1
23917,snack,0
23918,snacking,0
23919,snacks,0
23920,snafu,0
23921,snag,0
23922,snagged,0
23923,snags,0
23924,snail,0
23925,snails,0
23926,snake,0
23927,snakes,0
23928,snap,0
23929,snapped,0
23930,snapper,0
23931,snapping,0
23932,snappy,0
23933,snaps,0
23934,snapshot,0
23935,snapshots,0
23936,snare,0
23937,snares,0
23938,snark,0
23939,snarky,0
23940,snarl,0
23941,snarled,0
23942,snarling,0
23943,snatch,1
23944,snatched,0
23945,snatches,0
23946,snatching,0
23947,snazzy,0
23948,sneak,0
23949,sneaked,0
23950,sneaker,0
23951,sneakers,0
23952,sneaking,0
23953,sneaks,0
23954,sneaky,0
23955,sneer,0
23956,sneering,0
23957,sneeze,0
23958,sneezed,0
23959,sneezes,0
23960,sneezing,0
23961,snell,0
23962,snickers,0
23963,snide,0
23964,snider,0
23965,sniff,0
23966,sniffed,0
23967,sniffer,0
23968,sniffing,0
23969,sniffs,0
23970,snip,0
23971,snipe,0
23972,sniper,1
23973,snipers,0
23974,snipes,0
23975,sniping,0
23976,snippet,0
23977,snippets,0
23978,snitch,0
23979,snob,0
23980,snobbery,0
23981,snobbish,0
23982,snobby,0
23983,snobs,0
23984,snooker,0
23985,snoop,0
23986,snooping,0
23987,snoopy,0
23988,snooty,0
23989,snooze,0
23990,snore,0
23991,snoring,0
23992,snorkel,0
23993,snort,0
23994,snorted,0
23995,snorting,0
23996,snorts,0
23997,snot,0
23998,snotty,0
23999,snout,0
24000,snow,0
24001,snowball,0
24002,snowballs,0
24003,snowboard,0
24004,snowed,0
24005,snowfall,0
24006,snowflake,0
24007,snowing,0
24008,snowman,0
24009,snows,0
24010,snowstorm,0
24011,snowy,0
24012,snub,0
24013,snubbed,0
24014,snuck,0
24015,snuff,1
24016,snuffed,0
24017,snug,0
24018,snuggle,0
24019,snuggled,0
24020,snuggles,0
24021,snuggling,0
24022,snugly,0
24023,soak,0
24024,soaked,0
24025,soaking,0
24026,soaks,0
24027,soap,0
24028,soapbox,0
24029,soaps,0
24030,soapy,0
24031,soar,0
24032,soared,0
24033,soaring,0
24034,soars,0
24035,sob,0
24036,sobbed,0
24037,sobbing,0
24038,sober,0
24039,sobering,0
24040,sobriety,0
24041,sobs,0
24042,soc,0
24043,soca,0
24044,soccer,0
24045,sociable,0
24046,social,0
24047,socialise,0
24048,socialism,0
24049,socialist,0
24050,socialite,0
24051,socialize,0
24052,socially,0
24053,societal,0
24054,societies,0
24055,society,0
24056,sociology,0
24057,sociopath,0
24058,sock,0
24059,socket,0
24060,sockets,0
24061,socks,0
24062,sod,0
24063,soda,0
24064,sodas,0
24065,sodium,0
24066,sodom,1
24067,sodomy,0
24068,sofa,0
24069,sofas,0
24070,soft,0
24071,softball,0
24072,soften,0
24073,softened,0
24074,softener,0
24075,softening,0
24076,softens,0
24077,softer,0
24078,softest,0
24079,softly,0
24080,softness,0
24081,software,0
24082,soggy,0
24083,soho,0
24084,soil,0
24085,soiled,0
24086,soils,0
24087,sojourn,0
24088,sol,0
24089,sola,0
24090,solace,0
24091,solano,0
24092,solar,0
24093,sold,0
24094,solder,0
24095,soldered,0
24096,soldering,0
24097,soldier,0
24098,soldiers,0
24099,sole,0
24100,solely,0
24101,solemn,0
24102,solemnity,0
24103,solemnly,0
24104,solenoid,0
24105,soles,0
24106,solicit,0
24107,solicited,0
24108,solicitor,0
24109,solid,0
24110,solider,0
24111,solidify,0
24112,solidity,0
24113,solidly,0
24114,solids,0
24115,solitaire,0
24116,solitary,0
24117,solitude,0
24118,solo,0
24119,soloist,0
24120,soloists,0
24121,solon,0
24122,solos,0
24123,solstice,0
24124,soluble,0
24125,solute,0
24126,solution,0
24127,solutions,0
24128,solvable,0
24129,solve,0
24130,solved,0
24131,solvency,0
24132,solvent,0
24133,solvents,0
24134,solver,0
24135,solvers,0
24136,solves,0
24137,solving,0
24138,som,0
24139,soma,0
24140,somatic,0
24141,somber,0
24142,sombre,0
24143,sombrero,0
24144,some,0
24145,somebody,0
24146,someday,0
24147,somehow,0
24148,someone,0
24149,someones,0
24150,someplace,0
24151,somerset,0
24152,something,0
24153,sometime,0
24154,sometimes,0
24155,somewhat,0
24156,somewhere,0
24157,son,0
24158,sonar,0
24159,sonata,0
24160,sonatas,0
24161,sone,0
24162,song,0
24163,songbird,0
24164,songbook,0
24165,songs,0
24166,sonic,0
24167,sonics,0
24168,sonnet,0
24169,sonnets,0
24170,sonny,0
24171,sons,0
24172,sook,0
24173,soon,0
24174,sooner,0
24175,sooners,0
24176,soot,0
24177,soothe,0
24178,soothes,0
24179,soothing,0
24180,sooty,0
24181,sop,0
24182,sophomore,0
24183,soprano,0
24184,sopranos,0
24185,sora,0
24186,sorbet,0
24187,sorcerer,0
24188,sorcerers,0
24189,sorceress,0
24190,sorcery,0
24191,sordid,0
24192,sore,0
24193,sorely,0
24194,soreness,0
24195,sores,0
24196,sorghum,0
24197,sorority,0
24198,sorrel,0
24199,sorrow,0
24200,sorrowful,0
24201,sorrows,0
24202,sorry,0
24203,sort,0
24204,sorta,0
24205,sorted,0
24206,sortie,0
24207,sorties,0
24208,sorting,0
24209,sorts,0
24210,sos,0
24211,sot,0
24212,sou,0
24213,sought,0
24214,soul,0
24215,soulful,0
24216,soulless,0
24217,soulmate,0
24218,souls,0
24219,sound,0
24220,sounded,0
24221,sounders,0
24222,sounding,0
24223,soundly,0
24224,soundness,0
24225,sounds,0
24226,soup,0
24227,soups,0
24228,sour,0
24229,source,0
24230,sourced,0
24231,sources,0
24232,sourcing,0
24233,sourdough,0
24234,soured,0
24235,sous,0
24236,south,0
24237,southeast,0
24238,southerly,0
24239,southern,0
24240,southland,0
24241,southpaw,0
24242,southward,0
24243,southwest,0
24244,souvenir,0
24245,souvenirs,0
24246,sov,0
24247,sovereign,0
24248,soviet,0
24249,soviets,0
24250,sow,0
24251,sowed,0
24252,sowing,0
24253,sown,0
24254,sows,0
24255,sox,0
24256,soy,0
24257,soya,0
24258,soybean,0
24259,soybeans,0
24260,soyuz,0
24261,spa,0
24262,space,0
24263,spaced,0
24264,spaceport,0
24265,spacer,0
24266,spacers,0
24267,spaces,0
24268,spaceship,0
24269,spacey,0
24270,spacing,0
24271,spacious,0
24272,spade,0
24273,spades,0
24274,spaghetti,0
24275,spain,0
24276,spake,0
24277,spam,0
24278,spammed,0
24279,spammers,0
24280,spamming,0
24281,span,0
24282,spandex,0
24283,spangled,0
24284,spaniel,0
24285,spank,0
24286,spanked,0
24287,spanking,0
24288,spanned,0
24289,spanner,0
24290,spanning,0
24291,spans,0
24292,spar,0
24293,spare,0
24294,spared,0
24295,spares,0
24296,sparing,0
24297,sparingly,0
24298,spark,0
24299,sparked,0
24300,sparking,0
24301,sparkle,0
24302,sparkles,0
24303,sparkling,0
24304,sparkly,0
24305,sparks,0
24306,sparky,0
24307,sparring,0
24308,sparrow,0
24309,sparrows,0
24310,sparse,0
24311,sparsely,0
24312,spartan,0
24313,spartans,0
24314,spas,0
24315,spasm,0
24316,spasms,0
24317,spastic,0
24318,spat,0
24319,spate,0
24320,spatial,0
24321,spatially,0
24322,spatula,0
24323,spawn,0
24324,spawned,0
24325,spawning,0
24326,spawns,0
24327,spayed,0
24328,speak,0
24329,speakeasy,0
24330,speaker,0
24331,speakers,0
24332,speaking,0
24333,speaks,0
24334,spear,0
24335,spearhead,0
24336,spears,0
24337,spec,0
24338,special,0
24339,specially,0
24340,specials,0
24341,specialty,0
24342,species,0
24343,specific,0
24344,specifics,0
24345,specified,0
24346,specifies,0
24347,specify,0
24348,specimen,0
24349,specimens,0
24350,speck,0
24351,speckled,0
24352,specks,0
24353,specs,0
24354,spectacle,0
24355,spectator,0
24356,specter,0
24357,spectra,0
24358,spectral,0
24359,spectre,0
24360,spectrum,0
24361,speculate,0
24362,sped,0
24363,speech,0
24364,speeches,0
24365,speed,0
24366,speedboat,0
24367,speedily,0
24368,speeding,0
24369,speedo,0
24370,speeds,0
24371,speedster,0
24372,speedway,0
24373,speedy,0
24374,speer,0
24375,spell,0
24376,spelled,0
24377,spelling,0
24378,spellings,0
24379,spells,0
24380,spelt,0
24381,spence,0
24382,spencer,0
24383,spend,0
24384,spender,0
24385,spending,0
24386,spends,0
24387,spent,0
24388,sperm,1
24389,spew,0
24390,spewed,0
24391,spewing,0
24392,sphere,0
24393,spheres,0
24394,spherical,0
24395,sphincter,0
24396,sphinx,0
24397,spice,0
24398,spiced,0
24399,spicer,0
24400,spices,0
24401,spicy,0
24402,spider,0
24403,spiderman,0
24404,spiders,0
24405,spied,0
24406,spiegel,0
24407,spiel,0
24408,spies,0
24409,spike,0
24410,spiked,0
24411,spikes,0
24412,spiking,0
24413,spiky,0
24414,spill,0
24415,spilled,0
24416,spiller,0
24417,spilling,0
24418,spillover,0
24419,spills,0
24420,spillway,0
24421,spilt,0
24422,spin,0
24423,spina,0
24424,spinach,0
24425,spinal,0
24426,spindle,0
24427,spindles,0
24428,spine,0
24429,spineless,0
24430,spines,0
24431,spinner,0
24432,spinners,0
24433,spinning,0
24434,spinoff,0
24435,spins,0
24436,spinster,0
24437,spiny,0
24438,spiral,0
24439,spiraling,0
24440,spirals,0
24441,spire,0
24442,spires,0
24443,spirit,0
24444,spirited,0
24445,spirits,0
24446,spiritual,0
24447,spit,0
24448,spite,0
24449,spiteful,0
24450,spitfire,0
24451,spits,0
24452,spitting,0
24453,spitz,0
24454,splash,0
24455,splashed,0
24456,splashes,0
24457,splashing,0
24458,splat,0
24459,splatter,0
24460,spleen,0
24461,splendid,0
24462,splendor,0
24463,splendour,0
24464,splice,0
24465,spliced,0
24466,splicing,0
24467,splint,0
24468,splinter,0
24469,splinters,0
24470,splints,0
24471,split,0
24472,splits,0
24473,splitter,0
24474,splitting,0
24475,splurge,0
24476,spoil,0
24477,spoiled,0
24478,spoiler,0
24479,spoilers,0
24480,spoiling,0
24481,spoils,0
24482,spoilt,0
24483,spoke,0
24484,spoken,0
24485,spokes,0
24486,spokesman,0
24487,spokesmen,0
24488,sponge,0
24489,sponges,0
24490,spongy,0
24491,sponsor,0
24492,sponsored,0
24493,sponsors,0
24494,spoof,0
24495,spoofing,0
24496,spook,0
24497,spooked,0
24498,spooks,0
24499,spooky,0
24500,spool,0
24501,spoon,0
24502,spoonful,0
24503,spooning,0
24504,spoons,0
24505,sporadic,0
24506,spore,0
24507,spores,0
24508,sport,0
24509,sported,0
24510,sporting,0
24511,sports,0
24512,sportsman,0
24513,sportsmen,0
24514,sporty,0
24515,spot,0
24516,spotless,0
24517,spotlight,0
24518,spots,0
24519,spotted,0
24520,spotter,0
24521,spotters,0
24522,spotting,0
24523,spotty,0
24524,spousal,0
24525,spouse,0
24526,spouses,0
24527,spout,0
24528,spouting,0
24529,spouts,0
24530,sprain,0
24531,sprained,0
24532,sprang,0
24533,sprawl,0
24534,sprawled,0
24535,sprawling,0
24536,spray,0
24537,sprayed,0
24538,sprayer,0
24539,spraying,0
24540,sprays,0
24541,spread,0
24542,spreader,0
24543,spreading,0
24544,spreads,0
24545,spree,0
24546,sprees,0
24547,spring,0
24548,springbok,0
24549,springer,0
24550,springing,0
24551,springs,0
24552,sprinkle,0
24553,sprinkled,0
24554,sprinkler,0
24555,sprinkles,0
24556,sprint,0
24557,sprinted,0
24558,sprinter,0
24559,sprinters,0
24560,sprinting,0
24561,sprints,0
24562,sprite,0
24563,sprites,0
24564,sprocket,0
24565,sprout,0
24566,sprouted,0
24567,sprouting,0
24568,sprouts,0
24569,spruce,0
24570,sprung,0
24571,spry,0
24572,spud,0
24573,spun,0
24574,spunk,1
24575,spunky,0
24576,spur,0
24577,spurious,0
24578,spurned,0
24579,spurred,0
24580,spurring,0
24581,spurs,0
24582,spurt,0
24583,spurts,0
24584,sputnik,0
24585,spy,0
24586,spying,0
24587,spyware,0
24588,squabble,0
24589,squabbles,0
24590,squad,0
24591,squadron,0
24592,squadrons,0
24593,squads,0
24594,squalid,0
24595,squall,0
24596,squalor,0
24597,squamous,0
24598,squander,0
24599,square,0
24600,squared,0
24601,squarely,0
24602,squares,0
24603,squaring,0
24604,squash,0
24605,squashed,0
24606,squat,0
24607,squats,0
24608,squatted,0
24609,squatter,0
24610,squatters,0
24611,squatting,0
24612,squaw,0
24613,squeak,0
24614,squeaking,0
24615,squeaks,0
24616,squeaky,0
24617,squeal,0
24618,squealed,0
24619,squealing,0
24620,squeals,0
24621,squeamish,0
24622,squeeze,0
24623,squeezed,0
24624,squeezes,0
24625,squeezing,0
24626,squid,0
24627,squint,0
24628,squinting,0
24629,squire,0
24630,squires,0
24631,squirm,0
24632,squirming,0
24633,squirrel,0
24634,squirrels,0
24635,squirt,0
24636,squirting,0
24637,squirts,0
24638,squish,0
24639,squished,0
24640,squishy,0
24641,sri,0
24642,stab,0
24643,stabbed,0
24644,stabbing,0
24645,stabbings,0
24646,stabilise,0
24647,stability,0
24648,stabilize,0
24649,stable,0
24650,stables,0
24651,stabs,0
24652,staccato,0
24653,stack,0
24654,stacked,0
24655,stacking,0
24656,stacks,0
24657,stade,0
24658,stadia,0
24659,stadium,0
24660,stadiums,0
24661,staff,0
24662,staffed,0
24663,staffer,0
24664,staffers,0
24665,staffing,0
24666,staffs,0
24667,stag,0
24668,stage,0
24669,staged,0
24670,stages,0
24671,stagger,0
24672,staggered,0
24673,staging,0
24674,stagnant,0
24675,stagnated,0
24676,stags,0
24677,staid,0
24678,stain,0
24679,stained,0
24680,staining,0
24681,stainless,0
24682,stains,0
24683,stair,0
24684,staircase,0
24685,stairs,0
24686,stairway,0
24687,stairwell,0
24688,stake,0
24689,staked,0
24690,stakes,0
24691,staking,0
24692,stale,0
24693,stalemate,0
24694,stalk,0
24695,stalked,0
24696,stalker,0
24697,stalkers,0
24698,stalking,0
24699,stalks,0
24700,stall,0
24701,stalled,0
24702,stalling,0
24703,stallion,0
24704,stallions,0
24705,stalls,0
24706,stalwart,0
24707,stalwarts,0
24708,stamens,0
24709,stamina,0
24710,stamp,0
24711,stamped,0
24712,stampede,0
24713,stamping,0
24714,stamps,0
24715,stance,0
24716,stances,0
24717,stand,0
24718,standard,0
24719,standards,0
24720,standby,0
24721,standing,0
24722,standings,0
24723,standish,0
24724,standoff,0
24725,standout,0
24726,stands,0
24727,standup,0
24728,stanhope,0
24729,stank,0
24730,stanza,0
24731,stanzas,0
24732,staph,0
24733,staple,0
24734,stapled,0
24735,stapler,0
24736,staples,0
24737,star,0
24738,starboard,0
24739,starburst,0
24740,starch,0
24741,starches,0
24742,starchy,0
24743,stardom,0
24744,stardust,0
24745,stare,0
24746,stared,0
24747,stares,0
24748,starfish,0
24749,staring,0
24750,stark,0
24751,starkly,0
24752,starks,0
24753,starlet,0
24754,starlight,0
24755,starling,0
24756,starlings,0
24757,starr,0
24758,starred,0
24759,starring,0
24760,starry,0
24761,stars,0
24762,starship,0
24763,starships,0
24764,start,0
24765,started,0
24766,starter,0
24767,starters,0
24768,starting,0
24769,startle,0
24770,startled,0
24771,startling,0
24772,starts,0
24773,startup,0
24774,startups,0
24775,starve,0
24776,starved,0
24777,starving,0
24778,stash,0
24779,stashed,0
24780,stasis,0
24781,stat,0
24782,state,0
24783,stated,0
24784,statehood,0
24785,stateless,0
24786,stately,0
24787,statement,0
24788,states,0
24789,stateside,0
24790,statesman,0
24791,statesmen,0
24792,statewide,0
24793,static,0
24794,statin,0
24795,stating,0
24796,statins,0
24797,station,0
24798,stationed,0
24799,stations,0
24800,statist,0
24801,statistic,0
24802,stator,0
24803,stats,0
24804,statuary,0
24805,statue,0
24806,statues,0
24807,statuette,0
24808,stature,0
24809,status,0
24810,statuses,0
24811,statute,0
24812,statutes,0
24813,statutory,0
24814,staunch,0
24815,staunchly,0
24816,stave,0
24817,staves,0
24818,stay,0
24819,stayed,0
24820,staying,0
24821,stays,0
24822,stead,0
24823,steadfast,0
24824,steadily,0
24825,steady,0
24826,steak,0
24827,steaks,0
24828,steal,0
24829,stealer,0
24830,stealing,0
24831,steals,0
24832,stealth,0
24833,stealthy,0
24834,steam,0
24835,steamboat,0
24836,steamed,0
24837,steamer,0
24838,steamers,0
24839,steaming,0
24840,steamship,0
24841,steamy,1
24842,steed,0
24843,steel,0
24844,steelhead,0
24845,steels,0
24846,steely,0
24847,steen,0
24848,steep,0
24849,steeped,0
24850,steeper,0
24851,steepest,0
24852,steeple,0
24853,steeply,0
24854,steer,0
24855,steered,0
24856,steering,0
24857,steers,0
24858,stein,0
24859,stella,0
24860,stellar,0
24861,stem,0
24862,stemmed,0
24863,stemming,0
24864,stems,0
24865,stench,0
24866,stencil,0
24867,stenosis,0
24868,stent,0
24869,step,0
24870,stephane,0
24871,steppe,0
24872,stepped,0
24873,steppes,0
24874,stepping,0
24875,steps,0
24876,stepson,0
24877,stereo,0
24878,sterile,0
24879,sterility,0
24880,sterilize,0
24881,sterling,0
24882,stern,0
24883,sternly,0
24884,sternum,0
24885,steroid,0
24886,steroids,0
24887,stetson,0
24888,steven,0
24889,stevens,0
24890,stevia,0
24891,stew,0
24892,steward,0
24893,stewards,0
24894,stewed,0
24895,stews,0
24896,stick,0
24897,sticker,0
24898,stickers,0
24899,sticking,0
24900,stickler,0
24901,sticks,0
24902,sticky,0
24903,stiff,0
24904,stiffened,0
24905,stiffer,0
24906,stiffness,0
24907,stifle,0
24908,stifled,0
24909,stifling,0
24910,stigma,0
24911,stiles,0
24912,stiletto,0
24913,stilettos,0
24914,still,0
24915,stillborn,0
24916,stiller,0
24917,stillman,0
24918,stillness,0
24919,stills,0
24920,stilted,0
24921,stilts,0
24922,stimulant,0
24923,stimulate,0
24924,stimuli,0
24925,stimulus,0
24926,sting,0
24927,stinger,0
24928,stinging,0
24929,stingray,0
24930,stingrays,0
24931,stings,0
24932,stingy,0
24933,stink,0
24934,stinking,0
24935,stinks,0
24936,stinky,0
24937,stint,0
24938,stints,0
24939,stipe,0
24940,stipend,0
24941,stipulate,0
24942,stir,0
24943,stirred,0
24944,stirring,0
24945,stirs,0
24946,stitch,0
24947,stitched,0
24948,stitches,0
24949,stitching,0
24950,stock,0
24951,stockade,0
24952,stocked,0
24953,stocking,0
24954,stockings,0
24955,stockman,0
24956,stockpile,0
24957,stocks,0
24958,stocky,0
24959,stoic,0
24960,stoicism,0
24961,stoke,0
24962,stoked,0
24963,stoker,0
24964,stokes,0
24965,stoking,0
24966,stole,0
24967,stolen,0
24968,stomach,0
24969,stomachs,0
24970,stomp,0
24971,stomped,0
24972,stomping,0
24973,stone,0
24974,stoned,1
24975,stoner,0
24976,stoners,0
24977,stones,0
24978,stonewall,0
24979,stoneware,0
24980,stonework,0
24981,stoney,0
24982,stoning,0
24983,stony,0
24984,stood,0
24985,stooge,0
24986,stooges,0
24987,stool,0
24988,stools,0
24989,stoop,0
24990,stooped,0
24991,stoops,0
24992,stop,0
24993,stopover,0
24994,stoppage,0
24995,stoppages,0
24996,stopped,0
24997,stopper,0
24998,stoppers,0
24999,stopping,0
25000,stops,0
25001,stopwatch,0
25002,storage,0
25003,store,0
25004,stored,0
25005,storeroom,0
25006,stores,0
25007,storey,0
25008,storeys,0
25009,storied,0
25010,stories,0
25011,storing,0
25012,stork,0
25013,storks,0
25014,storm,0
25015,stormed,0
25016,storming,0
25017,storms,0
25018,stormy,0
25019,story,0
25020,storybook,0
25021,storyline,0
25022,stott,0
25023,stout,0
25024,stove,0
25025,stover,0
25026,stoves,0
25027,stow,0
25028,stowaway,0
25029,stowed,0
25030,straddle,0
25031,straddles,0
25032,straight,0
25033,straights,0
25034,strain,0
25035,strained,0
25036,strainer,0
25037,straining,0
25038,strains,0
25039,strait,0
25040,straits,0
25041,strand,0
25042,stranded,0
25043,stranding,0
25044,strands,0
25045,strang,0
25046,strange,0
25047,strangely,0
25048,stranger,0
25049,strangers,0
25050,strangest,0
25051,strangle,0
25052,strangled,0
25053,strap,0
25054,strapless,0
25055,strapped,0
25056,strapping,0
25057,straps,0
25058,strata,0
25059,strategic,0
25060,strategy,0
25061,stratum,0
25062,straw,0
25063,straws,0
25064,stray,0
25065,strayed,0
25066,straying,0
25067,strays,0
25068,streak,0
25069,streaked,0
25070,streaking,0
25071,streaks,0
25072,stream,0
25073,streamed,0
25074,streamer,0
25075,streamers,0
25076,streaming,0
25077,streams,0
25078,street,0
25079,streetcar,0
25080,streets,0
25081,strength,0
25082,strengths,0
25083,strenuous,0
25084,strep,0
25085,stress,0
25086,stressed,0
25087,stresses,0
25088,stressful,0
25089,stressing,0
25090,stressors,0
25091,stretch,0
25092,stretched,0
25093,stretcher,0
25094,stretches,0
25095,stretchy,0
25096,strewn,0
25097,stricken,0
25098,strict,0
25099,stricter,0
25100,strictest,0
25101,strictly,0
25102,stride,0
25103,strident,0
25104,strider,0
25105,strides,0
25106,striding,0
25107,strife,0
25108,strike,0
25109,strikeout,0
25110,striker,0
25111,strikers,0
25112,strikes,0
25113,striking,0
25114,string,0
25115,stringed,0
25116,stringent,0
25117,stringer,0
25118,stringing,0
25119,strings,0
25120,stringy,0
25121,strip,1
25122,stripe,0
25123,striped,0
25124,stripes,0
25125,stripped,0
25126,stripper,0
25127,strippers,0
25128,stripping,0
25129,strips,0
25130,strive,0
25131,strives,0
25132,striving,0
25133,strobe,0
25134,strode,0
25135,stroke,1
25136,stroked,0
25137,strokes,0
25138,stroking,0
25139,stroll,0
25140,strolled,0
25141,stroller,0
25142,strollers,0
25143,strolling,0
25144,strolls,0
25145,strong,0
25146,stronger,0
25147,strongest,0
25148,strongly,0
25149,strongman,0
25150,strontium,0
25151,stroud,0
25152,strove,0
25153,struck,0
25154,structure,0
25155,struggle,0
25156,struggled,0
25157,struggles,0
25158,strumming,0
25159,strung,0
25160,strut,0
25161,struts,0
25162,strutting,0
25163,stub,0
25164,stubble,0
25165,stubborn,0
25166,stubby,0
25167,stubs,0
25168,stucco,0
25169,stuck,0
25170,stud,0
25171,studded,0
25172,student,0
25173,students,0
25174,studied,0
25175,studies,0
25176,studio,0
25177,studios,0
25178,studious,0
25179,studs,0
25180,study,0
25181,studying,0
25182,stuff,0
25183,stuffed,0
25184,stuffing,0
25185,stuffs,0
25186,stuffy,0
25187,stumble,0
25188,stumbled,0
25189,stumbles,0
25190,stumbling,0
25191,stump,0
25192,stumped,0
25193,stumps,0
25194,stun,0
25195,stung,0
25196,stunned,0
25197,stunner,0
25198,stunning,0
25199,stuns,0
25200,stunt,0
25201,stunted,0
25202,stunting,0
25203,stuntman,0
25204,stunts,0
25205,stupid,1
25206,stupidest,0
25207,stupidity,0
25208,stupidly,0
25209,stupor,0
25210,sturdy,0
25211,sturgeon,0
25212,sturt,0
25213,stutter,0
25214,stutters,0
25215,style,0
25216,styled,0
25217,styles,0
25218,styling,0
25219,stylised,0
25220,stylish,0
25221,stylist,0
25222,stylistic,0
25223,stylists,0
25224,stylized,0
25225,stylus,0
25226,stymied,0
25227,styrene,0
25228,styrofoam,0
25229,suave,0
25230,sub,0
25231,subatomic,0
25232,subbed,0
25233,subbing,0
25234,subclass,0
25235,subdue,0
25236,subdued,0
25237,subfamily,0
25238,subgroup,0
25239,subgroups,0
25240,subject,0
25241,subjected,0
25242,subjects,0
25243,sublime,0
25244,submarine,0
25245,submerge,0
25246,submerged,0
25247,submit,0
25248,submits,0
25249,submitted,0
25250,subpar,0
25251,subplot,0
25252,subpoena,0
25253,subpoenas,0
25254,subprime,0
25255,subs,0
25256,subscribe,0
25257,subsea,0
25258,subset,0
25259,subsets,0
25260,subside,0
25261,subsided,0
25262,subsides,0
25263,subsidies,0
25264,subsidize,0
25265,subsidy,0
25266,subsist,0
25267,subsonic,0
25268,subspace,0
25269,substance,0
25270,substrate,0
25271,subsumed,0
25272,subsystem,0
25273,subtext,0
25274,subtitle,0
25275,subtitled,0
25276,subtitles,0
25277,subtle,0
25278,subtlety,0
25279,subtly,0
25280,subtract,0
25281,subtype,0
25282,subtypes,0
25283,subunit,0
25284,subunits,0
25285,suburb,0
25286,suburban,0
25287,suburbia,0
25288,suburbs,0
25289,subvert,0
25290,subverted,0
25291,subway,0
25292,subways,0
25293,succeed,0
25294,succeeded,0
25295,succeeds,0
25296,success,0
25297,successes,0
25298,successor,0
25299,succinct,0
25300,succubus,0
25301,succulent,0
25302,succumb,0
25303,succumbed,0
25304,such,0
25305,suck,1
25306,sucked,1
25307,sucker,0
25308,suckers,0
25309,sucking,1
25310,suckling,0
25311,sucks,0
25312,sucky,0
25313,sucrose,0
25314,suction,0
25315,sud,0
25316,sudden,0
25317,suddenly,0
25318,suds,0
25319,sue,0
25320,sued,0
25321,suede,0
25322,sues,0
25323,suffer,0
25324,suffered,0
25325,sufferer,0
25326,sufferers,0
25327,suffering,0
25328,suffers,0
25329,suffice,0
25330,suffix,0
25331,suffixes,0
25332,suffocate,0
25333,suffrage,0
25334,suffused,0
25335,sugar,0
25336,sugarcane,0
25337,sugars,0
25338,sugary,0
25339,suggest,0
25340,suggested,0
25341,suggests,0
25342,sui,0
25343,suicidal,0
25344,suicide,0
25345,suicides,0
25346,suing,0
25347,suit,0
25348,suitable,0
25349,suitably,0
25350,suitcase,0
25351,suitcases,0
25352,suite,0
25353,suited,0
25354,suites,0
25355,suiting,0
25356,suitor,0
25357,suitors,0
25358,suits,0
25359,suk,0
25360,sulfate,0
25361,sulfide,0
25362,sulfur,0
25363,sulfuric,0
25364,sulk,0
25365,sulking,0
25366,sullen,0
25367,sully,0
25368,sulphate,0
25369,sulphur,0
25370,sultan,0
25371,sultry,0
25372,sulu,0
25373,sum,0
25374,sumatra,0
25375,summa,0
25376,summaries,0
25377,summarily,0
25378,summarise,0
25379,summarize,0
25380,summary,0
25381,summation,0
25382,summed,0
25383,summer,0
25384,summers,0
25385,summery,0
25386,summing,0
25387,summit,0
25388,summits,0
25389,summon,0
25390,summoned,0
25391,summoning,0
25392,summons,0
25393,sumo,0
25394,sump,0
25395,sumptuous,0
25396,sums,0
25397,sun,0
25398,sunbeam,0
25399,sunburn,0
25400,sunburst,0
25401,sundae,0
25402,sundown,0
25403,sundry,0
25404,sunflower,0
25405,sung,0
25406,sunk,0
25407,sunken,0
25408,sunlight,0
25409,sunnah,0
25410,sunny,0
25411,sunrise,0
25412,sunroof,0
25413,suns,0
25414,sunscreen,0
25415,sunset,0
25416,sunsets,0
25417,sunshine,0
25418,sunspot,0
25419,sup,0
25420,super,0
25421,superb,0
25422,superbly,0
25423,supercar,0
25424,supercars,0
25425,superfast,0
25426,superfund,0
25427,superhero,0
25428,superior,0
25429,superiors,0
25430,superman,0
25431,supernova,0
25432,supersede,0
25433,superstar,0
25434,supervise,0
25435,suplex,0
25436,supper,0
25437,supplant,0
25438,supple,0
25439,supplied,0
25440,supplier,0
25441,suppliers,0
25442,supplies,0
25443,supply,0
25444,supplying,0
25445,support,0
25446,supported,0
25447,supporter,0
25448,supports,0
25449,suppose,0
25450,supposed,0
25451,supposing,0
25452,suppress,0
25453,supra,0
25454,supremacy,0
25455,supreme,0
25456,supremely,0
25457,sur,0
25458,sura,0
25459,surah,0
25460,surat,0
25461,surcharge,0
25462,sure,0
25463,surefire,0
25464,surely,0
25465,surest,0
25466,surety,0
25467,surf,0
25468,surface,0
25469,surfaced,0
25470,surfaces,0
25471,surfacing,0
25472,surfboard,0
25473,surfer,0
25474,surfers,0
25475,surfing,0
25476,surge,0
25477,surged,0
25478,surgeon,0
25479,surgeons,0
25480,surgeries,0
25481,surgery,0
25482,surges,0
25483,surgical,0
25484,surging,0
25485,surly,0
25486,surmise,0
25487,surmised,0
25488,surname,0
25489,surnames,0
25490,surpass,0
25491,surpassed,0
25492,surpasses,0
25493,surplus,0
25494,surpluses,0
25495,surprise,0
25496,surprised,0
25497,surprises,0
25498,surreal,0
25499,surrender,0
25500,surrey,0
25501,surrogacy,0
25502,surrogate,0
25503,surround,0
25504,surrounds,0
25505,survey,0
25506,surveyed,0
25507,surveying,0
25508,surveyor,0
25509,surveyors,0
25510,surveys,0
25511,survival,0
25512,survive,0
25513,survived,0
25514,survives,0
25515,surviving,0
25516,survivor,0
25517,survivors,0
25518,sus,0
25519,sushi,0
25520,suspect,0
25521,suspected,0
25522,suspects,0
25523,suspend,0
25524,suspended,0
25525,suspends,0
25526,suspense,0
25527,suspicion,0
25528,sustain,0
25529,sustained,0
25530,sustains,0
25531,sutra,0
25532,suture,0
25533,sutures,0
25534,swab,0
25535,swabs,0
25536,swag,0
25537,swagger,0
25538,swain,0
25539,swallow,0
25540,swallowed,0
25541,swallows,0
25542,swam,0
25543,swami,0
25544,swamp,0
25545,swamped,0
25546,swamps,0
25547,swampy,0
25548,swamy,0
25549,swan,0
25550,swank,0
25551,swanky,0
25552,swans,0
25553,swap,0
25554,swapped,0
25555,swapping,0
25556,swaps,0
25557,swaraj,0
25558,swarm,0
25559,swarmed,0
25560,swarming,0
25561,swarms,0
25562,swastika,0
25563,swat,0
25564,swatch,0
25565,swatches,0
25566,swath,0
25567,swathes,0
25568,swaths,0
25569,sway,0
25570,swayed,0
25571,swaying,0
25572,swear,0
25573,swearing,0
25574,swears,0
25575,sweat,0
25576,sweated,0
25577,sweater,0
25578,sweaters,0
25579,sweating,0
25580,sweats,0
25581,sweatshop,0
25582,sweaty,0
25583,swede,0
25584,swedes,0
25585,sweeney,0
25586,sweep,0
25587,sweeper,0
25588,sweepers,0
25589,sweeping,0
25590,sweeps,0
25591,sweet,0
25592,sweeten,0
25593,sweetened,0
25594,sweetener,0
25595,sweeter,0
25596,sweetest,0
25597,sweetie,0
25598,sweetly,0
25599,sweetness,0
25600,sweets,0
25601,sweety,0
25602,swell,0
25603,swelled,0
25604,swelling,0
25605,swells,0
25606,swept,0
25607,swerve,0
25608,swerved,0
25609,swerving,0
25610,swift,0
25611,swiftly,0
25612,swifts,0
25613,swig,0
25614,swim,0
25615,swimmer,0
25616,swimmers,0
25617,swimming,0
25618,swims,0
25619,swimsuit,0
25620,swimsuits,0
25621,swimwear,0
25622,swindle,0
25623,swine,0
25624,swing,0
25625,swinger,0
25626,swingers,0
25627,swinging,0
25628,swings,0
25629,swipe,0
25630,swiped,0
25631,swipes,0
25632,swiping,0
25633,swirl,0
25634,swirled,0
25635,swirling,0
25636,swirls,0
25637,swish,0
25638,swiss,0
25639,switch,0
25640,switched,0
25641,switcher,0
25642,switches,0
25643,switching,0
25644,swivel,0
25645,swollen,0
25646,swoon,0
25647,swoop,0
25648,swooped,0
25649,swooping,0
25650,sword,0
25651,swordfish,0
25652,swords,0
25653,swordsman,0
25654,swore,0
25655,sworn,0
25656,swot,0
25657,swung,0
25658,sybil,0
25659,sycamore,0
25660,syed,0
25661,sykes,0
25662,syllable,0
25663,syllables,0
25664,syllabus,0
25665,sylvan,0
25666,sylvia,0
25667,symbiosis,0
25668,symbiote,0
25669,symbiotic,0
25670,symbol,0
25671,symbolic,0
25672,symbolism,0
25673,symbolize,0
25674,symbols,0
25675,symmetric,0
25676,symmetry,0
25677,sympathy,0
25678,symphonic,0
25679,symphony,0
25680,symposia,0
25681,symposium,0
25682,symptom,0
25683,symptoms,0
25684,syn,0
25685,synagogue,0
25686,synapse,0
25687,synapses,0
25688,synaptic,0
25689,sync,0
25690,synced,0
25691,synch,0
25692,synchro,0
25693,syncing,0
25694,syndicate,0
25695,syndrome,0
25696,syndromes,0
25697,synergies,0
25698,synergy,0
25699,synod,0
25700,synonym,0
25701,synonyms,0
25702,synopsis,0
25703,syntactic,0
25704,syntax,0
25705,synth,0
25706,synthase,0
25707,synthesis,0
25708,synthetic,0
25709,synths,0
25710,syphilis,0
25711,syringe,0
25712,syringes,0
25713,syrup,0
25714,syrups,0
25715,system,0
25716,systemic,0
25717,systems,0
25718,systolic,0
25719,tab,0
25720,tabby,0
25721,table,0
25722,tableau,0
25723,tabled,0
25724,tables,0
25725,tablet,0
25726,tabletop,0
25727,tablets,0
25728,tableware,0
25729,tabloid,0
25730,tabloids,0
25731,taboo,0
25732,taboos,0
25733,tabor,0
25734,tabs,0
25735,tabulated,0
25736,tacit,0
25737,tacitly,0
25738,tack,0
25739,tacked,0
25740,tacking,0
25741,tackle,0
25742,tackled,0
25743,tackles,0
25744,tackling,0
25745,tacks,0
25746,tacky,0
25747,taco,0
25748,tacos,0
25749,tact,0
25750,tactful,0
25751,tactic,0
25752,tactical,0
25753,tactician,0
25754,tactics,0
25755,tactile,0
25756,tad,0
25757,tadpole,0
25758,tadpoles,0
25759,tae,0
25760,taekwondo,0
25761,taffy,0
25762,tag,0
25763,tagged,0
25764,tagging,0
25765,tagline,0
25766,tags,0
25767,tai,0
25768,taiga,0
25769,tail,0
25770,tailed,0
25771,tailgate,0
25772,tailing,0
25773,tailings,0
25774,tailor,0
25775,tailored,0
25776,tailoring,0
25777,tailors,0
25778,tails,0
25779,taint,0
25780,tainted,0
25781,tait,0
25782,taj,0
25783,tak,0
25784,taka,0
25785,take,0
25786,takeaway,0
25787,takeaways,0
25788,takedown,0
25789,taken,0
25790,takeoff,0
25791,takeout,0
25792,takeover,0
25793,takeovers,0
25794,taker,0
25795,takers,0
25796,takes,0
25797,taki,0
25798,takin,0
25799,taking,0
25800,takings,0
25801,talbot,0
25802,talc,0
25803,tale,0
25804,talent,0
25805,talented,0
25806,talents,0
25807,tales,0
25808,tali,0
25809,talisman,0
25810,talk,0
25811,talkative,0
25812,talked,0
25813,talker,0
25814,talkers,0
25815,talkie,0
25816,talkies,0
25817,talking,0
25818,talks,0
25819,tall,0
25820,taller,0
25821,tallest,0
25822,tallied,0
25823,tallies,0
25824,tallis,0
25825,tally,0
25826,tallying,0
25827,talmud,0
25828,talon,0
25829,talons,0
25830,tam,0
25831,tamales,0
25832,tamara,0
25833,tamarind,0
25834,tame,0
25835,tamed,0
25836,tamer,0
25837,taming,0
25838,tammy,0
25839,tamper,0
25840,tampered,0
25841,tampering,0
25842,tampon,1
25843,tampons,0
25844,tamworth,0
25845,tan,0
25846,tana,0
25847,tandem,0
25848,tang,0
25849,tangent,0
25850,tangerine,0
25851,tangible,0
25852,tangier,0
25853,tangle,0
25854,tangled,0
25855,tangles,0
25856,tango,0
25857,tangy,0
25858,tank,0
25859,tanked,0
25860,tanker,0
25861,tankers,0
25862,tanking,0
25863,tanks,0
25864,tanned,0
25865,tanner,0
25866,tanning,0
25867,tannins,0
25868,tans,0
25869,tanto,0
25870,tantra,0
25871,tantric,0
25872,tantrum,0
25873,tantrums,0
25874,tao,0
25875,taos,0
25876,tap,0
25877,tapas,0
25878,tape,0
25879,taped,0
25880,taper,0
25881,tapered,0
25882,tapering,0
25883,tapers,0
25884,tapes,0
25885,tapestry,0
25886,tapeworm,0
25887,taping,0
25888,tapioca,0
25889,tapped,0
25890,tapper,0
25891,tapping,0
25892,taps,0
25893,tar,0
25894,tara,0
25895,tarantula,0
25896,tardy,0
25897,target,0
25898,targeted,0
25899,targeting,0
25900,targets,0
25901,tariff,0
25902,tariffs,0
25903,tarmac,0
25904,tarn,0
25905,tarnish,0
25906,tarnished,0
25907,taro,0
25908,tarot,0
25909,tarp,0
25910,tarred,0
25911,tarsus,0
25912,tart,0
25913,tartan,0
25914,tartar,0
25915,tarts,0
25916,tarzan,0
25917,tas,0
25918,taser,0
25919,tasers,0
25920,tash,0
25921,task,0
25922,tasked,0
25923,tasker,0
25924,tasking,0
25925,tasks,0
25926,tass,0
25927,tassel,0
25928,tassels,0
25929,taste,0
25930,tasted,0
25931,tasteful,0
25932,tasteless,0
25933,taster,0
25934,tastes,0
25935,tasting,0
25936,tastings,0
25937,tasty,0
25938,tat,0
25939,tatar,0
25940,tatars,0
25941,tate,0
25942,tater,0
25943,tats,0
25944,tattered,0
25945,tatters,0
25946,tattoo,0
25947,tattooed,0
25948,tattooing,0
25949,tattoos,0
25950,tau,0
25951,taught,0
25952,taunt,0
25953,taunted,0
25954,taunting,0
25955,taunts,0
25956,taupe,0
25957,taut,0
25958,tavern,0
25959,taverns,0
25960,tawny,0
25961,tax,0
25962,taxa,0
25963,taxable,0
25964,taxation,0
25965,taxed,0
25966,taxes,0
25967,taxi,0
25968,taxicab,0
25969,taxidermy,0
25970,taxing,0
25971,taxis,0
25972,taxon,0
25973,taxonomic,0
25974,taxonomy,0
25975,taxpayer,0
25976,taxpayers,0
25977,tay,0
25978,tea,0
25979,teach,0
25980,teachable,0
25981,teacher,0
25982,teachers,0
25983,teaches,0
25984,teaching,0
25985,teachings,0
25986,teacup,0
25987,teak,0
25988,teal,0
25989,team,0
25990,teamed,0
25991,teaming,0
25992,teammate,0
25993,teammates,0
25994,teams,0
25995,teamsters,0
25996,teamwork,0
25997,teapot,0
25998,tear,0
25999,teardrop,0
26000,teared,0
26001,tearful,0
26002,tearing,0
26003,tears,0
26004,teary,0
26005,teas,0
26006,tease,0
26007,teased,0
26008,teaser,0
26009,teasers,0
26010,teases,0
26011,teasing,0
26012,teaspoon,0
26013,teaspoons,0
26014,teat,1
26015,tec,0
26016,tech,0
26017,techie,0
26018,techies,0
26019,technical,0
26020,technique,0
26021,techno,0
26022,techs,0
26023,tectonic,0
26024,tectonics,0
26025,ted,0
26026,teddy,0
26027,tedious,0
26028,tedium,0
26029,tee,0
26030,teeming,0
26031,teen,0
26032,teenage,0
26033,teenaged,0
26034,teenager,0
26035,teenagers,0
26036,teens,0
26037,teeny,0
26038,tees,0
26039,teetering,0
26040,teeth,0
26041,teething,0
26042,teflon,0
26043,tel,0
26044,telco,0
26045,tele,0
26046,telecast,0
26047,telecom,0
26048,telecoms,0
26049,telegram,0
26050,telegrams,0
26051,telegraph,0
26052,telemetry,0
26053,telepathy,0
26054,telephone,0
26055,telephony,0
26056,telephoto,0
26057,teleport,0
26058,telescope,0
26059,televised,0
26060,telford,0
26061,tell,0
26062,teller,0
26063,tellers,0
26064,tellin,0
26065,telling,0
26066,tells,0
26067,telltale,0
26068,telluride,0
26069,telly,0
26070,telnet,0
26071,temp,0
26072,temper,0
26073,temperate,0
26074,tempered,0
26075,tempering,0
26076,tempers,0
26077,tempest,0
26078,templar,0
26079,templars,0
26080,template,0
26081,templates,0
26082,temple,0
26083,temples,0
26084,tempo,0
26085,temporal,0
26086,temporary,0
26087,tempore,0
26088,temps,0
26089,tempt,0
26090,tempted,0
26091,tempting,0
26092,ten,0
26093,tenacious,0
26094,tenacity,0
26095,tenancy,0
26096,tenant,0
26097,tenants,0
26098,tend,0
26099,tended,0
26100,tendency,0
26101,tender,0
26102,tendered,0
26103,tendering,0
26104,tenderly,0
26105,tenders,0
26106,tending,0
26107,tendon,0
26108,tendons,0
26109,tendrils,0
26110,tends,0
26111,tenement,0
26112,tenements,0
26113,tenet,0
26114,tenets,0
26115,tenfold,0
26116,tenner,0
26117,tennis,0
26118,tenor,0
26119,tens,0
26120,tense,0
26121,tensed,0
26122,tenses,0
26123,tensile,0
26124,tension,0
26125,tensions,0
26126,tensor,0
26127,tent,0
26128,tentacle,0
26129,tentacles,0
26130,tentative,0
26131,tenth,0
26132,tenths,0
26133,tents,0
26134,tenuous,0
26135,tenure,0
26136,tenured,0
26137,tepid,0
26138,tequila,0
26139,teriyaki,0
26140,term,0
26141,termed,0
26142,terminal,0
26143,terminals,0
26144,terminate,0
26145,terminus,0
26146,termite,0
26147,termites,0
26148,terms,0
26149,tern,0
26150,ternary,0
26151,terns,0
26152,terra,0
26153,terrace,0
26154,terraced,0
26155,terraces,0
26156,terrain,0
26157,terrible,0
26158,terribly,0
26159,terrier,0
26160,terriers,0
26161,terrific,0
26162,terrified,0
26163,terrifies,0
26164,terrify,0
26165,territory,0
26166,terror,0
26167,terrorism,0
26168,terrorist,0
26169,terrorize,0
26170,terrors,0
26171,terry,0
26172,terse,0
26173,tertiary,0
26174,tes,0
26175,tesla,0
26176,test,0
26177,testa,0
26178,testament,0
26179,tested,0
26180,tester,0
26181,testers,0
26182,testes,1
26183,testicle,1
26184,testicles,0
26185,testified,0
26186,testifies,0
26187,testify,0
26188,testimony,0
26189,testing,0
26190,tests,0
26191,testy,0
26192,tet,0
26193,tetanus,0
26194,tete,0
26195,tether,0
26196,tethered,0
26197,tetra,0
26198,tetris,0
26199,tex,0
26200,texas,0
26201,text,0
26202,textbook,0
26203,textbooks,0
26204,texted,0
26205,textile,0
26206,textiles,0
26207,texting,0
26208,texts,0
26209,textual,0
26210,textural,0
26211,texture,0
26212,textured,0
26213,textures,0
26214,than,0
26215,thane,0
26216,thang,0
26217,thank,0
26218,thanked,0
26219,thankful,0
26220,thanking,0
26221,thankless,0
26222,thanks,0
26223,thankyou,0
26224,thar,0
26225,that,0
26226,thatch,0
26227,thatched,0
26228,thatcher,0
26229,thaw,0
26230,thawed,0
26231,thawing,0
26232,the,0
26233,theater,0
26234,theaters,0
26235,theatre,0
26236,theatres,0
26237,theatrics,0
26238,thebes,0
26239,thee,0
26240,theft,0
26241,thefts,0
26242,their,0
26243,theirs,0
26244,theism,0
26245,theistic,0
26246,them,0
26247,thematic,0
26248,theme,0
26249,themed,0
26250,themes,0
26251,themself,0
26252,then,0
26253,thence,0
26254,theocracy,0
26255,theology,0
26256,theorem,0
26257,theorems,0
26258,theoretic,0
26259,theories,0
26260,theorist,0
26261,theorists,0
26262,theorize,0
26263,theorized,0
26264,theory,0
26265,therapies,0
26266,therapist,0
26267,therapy,0
26268,there,0
26269,thereby,0
26270,therefor,0
26271,therefore,0
26272,therein,0
26273,thereof,0
26274,thereon,0
26275,theres,0
26276,thereto,0
26277,thereupon,0
26278,therewith,0
26279,thermal,0
26280,thermally,0
26281,thermos,0
26282,thesaurus,0
26283,these,0
26284,theses,0
26285,thesis,0
26286,theta,0
26287,they,0
26288,thick,0
26289,thicken,0
26290,thickened,0
26291,thickens,0
26292,thicker,0
26293,thickest,0
26294,thicket,0
26295,thickly,0
26296,thickness,0
26297,thief,0
26298,thievery,0
26299,thieves,0
26300,thieving,0
26301,thigh,0
26302,thighs,0
26303,thimble,0
26304,thin,0
26305,thine,0
26306,thing,0
26307,things,0
26308,thingy,0
26309,think,0
26310,thinker,0
26311,thinkers,0
26312,thinking,0
26313,thinks,0
26314,thinly,0
26315,thinned,0
26316,thinner,0
26317,thinnest,0
26318,thinning,0
26319,thins,0
26320,third,0
26321,thirdly,0
26322,thirds,0
26323,thirst,0
26324,thirsty,0
26325,thirteen,0
26326,thirties,0
26327,thirty,0
26328,this,0
26329,thistle,0
26330,thither,0
26331,tho,0
26332,thon,0
26333,thong,0
26334,thongs,0
26335,thoracic,0
26336,thorax,0
26337,thorium,0
26338,thorn,0
26339,thorns,0
26340,thorny,0
26341,thorough,0
26342,thorp,0
26343,thorpe,0
26344,those,0
26345,thou,0
26346,though,0
26347,thought,0
26348,thoughts,0
26349,thousand,0
26350,thousands,0
26351,thrall,0
26352,thrash,0
26353,thrashed,0
26354,thrasher,0
26355,thrashing,0
26356,thread,0
26357,threaded,0
26358,threading,0
26359,threads,0
26360,threat,0
26361,threaten,0
26362,threatens,0
26363,threats,0
26364,three,0
26365,threefold,0
26366,threes,0
26367,threesome,1
26368,threshold,0
26369,threw,0
26370,thrice,0
26371,thrift,0
26372,thrifty,0
26373,thrill,0
26374,thrilled,0
26375,thriller,0
26376,thrillers,0
26377,thrilling,0
26378,thrills,0
26379,thrive,0
26380,thrived,0
26381,thrives,0
26382,thriving,0
26383,thro,0
26384,throat,0
26385,throated,0
26386,throats,0
26387,throb,0
26388,throbbing,0
26389,throes,0
26390,throne,0
26391,thrones,0
26392,throng,0
26393,throttle,0
26394,through,0
26395,throw,0
26396,throwaway,0
26397,throwback,0
26398,thrower,0
26399,throwers,0
26400,throwing,0
26401,thrown,0
26402,throws,0
26403,thru,0
26404,thrush,0
26405,thrust,1
26406,thruster,0
26407,thrusters,0
26408,thrusting,0
26409,thrusts,0
26410,thud,0
26411,thug,1
26412,thugs,0
26413,thumb,0
26414,thumbnail,0
26415,thumbs,0
26416,thump,0
26417,thumping,0
26418,thunder,0
26419,thunders,0
26420,thunk,0
26421,thus,0
26422,thwart,0
26423,thwarted,0
26424,thwarting,0
26425,thy,0
26426,thyme,0
26427,thymus,0
26428,thyroid,0
26429,thyself,0
26430,tian,0
26431,tiara,0
26432,tibia,0
26433,tic,0
26434,tick,0
26435,ticked,0
26436,ticker,0
26437,ticket,0
26438,ticketed,0
26439,ticketing,0
26440,tickets,0
26441,ticking,0
26442,tickle,0
26443,tickled,0
26444,tickles,0
26445,tickling,0
26446,ticklish,0
26447,ticks,0
26448,tics,0
26449,tid,0
26450,tidal,0
26451,tidbit,0
26452,tidbits,0
26453,tide,0
26454,tides,0
26455,tidewater,0
26456,tidings,0
26457,tidy,0
26458,tidying,0
26459,tie,0
26460,tied,0
26461,tier,0
26462,tiered,0
26463,tiers,0
26464,ties,0
26465,tiff,0
26466,tiffany,0
26467,tiffin,0
26468,tig,0
26469,tiger,0
26470,tigers,0
26471,tight,0
26472,tighten,0
26473,tightened,0
26474,tightens,0
26475,tighter,0
26476,tightest,0
26477,tightly,0
26478,tightness,0
26479,tightrope,0
26480,tights,0
26481,tik,0
26482,tiki,0
26483,tikka,0
26484,til,0
26485,tilapia,0
26486,tilbury,0
26487,tile,0
26488,tiled,0
26489,tiles,0
26490,tiling,0
26491,till,0
26492,tiller,0
26493,tilly,0
26494,tilt,0
26495,tilted,0
26496,tilting,0
26497,tilts,0
26498,timber,0
26499,timbers,0
26500,timbre,0
26501,time,0
26502,timed,0
26503,timeframe,0
26504,timeless,0
26505,timeline,0
26506,timelines,0
26507,timely,0
26508,timeout,0
26509,timeouts,0
26510,timepiece,0
26511,timer,0
26512,timers,0
26513,times,0
26514,timescale,0
26515,timeshare,0
26516,timestamp,0
26517,timetable,0
26518,timid,0
26519,timing,0
26520,timings,0
26521,timon,0
26522,timothy,0
26523,tin,0
26524,tina,0
26525,tincture,0
26526,tinder,0
26527,tine,0
26528,tinfoil,0
26529,ting,0
26530,tinge,0
26531,tinged,0
26532,tingle,0
26533,tingling,0
26534,tiniest,0
26535,tink,0
26536,tinker,0
26537,tinkering,0
26538,tinned,0
26539,tinnitus,0
26540,tins,0
26541,tinsel,0
26542,tint,0
26543,tinted,0
26544,tints,0
26545,tiny,0
26546,tip,0
26547,tipped,0
26548,tipper,0
26549,tipping,0
26550,tips,0
26551,tipsy,0
26552,tiptoe,0
26553,tirade,0
26554,tire,0
26555,tired,0
26556,tiredness,0
26557,tireless,0
26558,tires,0
26559,tiresome,0
26560,tiring,0
26561,tis,0
26562,tissue,0
26563,tissues,0
26564,tit,1
26565,titan,0
26566,titania,0
26567,titanic,0
26568,titanium,0
26569,titans,0
26570,tithe,0
26571,tithes,0
26572,titian,0
26573,title,0
26574,titled,0
26575,titles,0
26576,tits,1
26577,titties,1
26578,tittle,0
26579,titty,1
26580,titular,0
26581,toad,0
26582,toads,0
26583,toast,0
26584,toasted,0
26585,toaster,0
26586,toasting,0
26587,toasts,0
26588,toasty,0
26589,tobacco,0
26590,toby,0
26591,toc,0
26592,tock,0
26593,tod,0
26594,today,0
26595,todays,0
26596,toddler,0
26597,toddlers,0
26598,toddy,0
26599,toe,0
26600,toed,0
26601,toenail,0
26602,toenails,0
26603,toes,0
26604,toffee,0
26605,tofu,0
26606,toga,0
26607,together,0
26608,toggle,0
26609,toil,0
26610,toiled,0
26611,toilet,0
26612,toilets,0
26613,toiling,0
26614,toke,1
26615,token,0
26616,tokens,0
26617,told,0
26618,toledo,0
26619,tolerable,0
26620,tolerance,0
26621,tolerant,0
26622,tolerate,0
26623,tolerated,0
26624,tolerates,0
26625,toll,0
26626,tolling,0
26627,tolls,0
26628,tom,0
26629,tomahawk,0
26630,tomato,0
26631,tomatoes,0
26632,tomb,0
26633,tomboy,0
26634,tombs,0
26635,tombstone,0
26636,tomcat,0
26637,tome,0
26638,tomes,0
26639,tommy,0
26640,tomo,0
26641,tomorrow,0
26642,tomorrows,0
26643,toms,0
26644,ton,0
26645,tonal,0
26646,tone,0
26647,toned,0
26648,toner,0
26649,tones,0
26650,tong,0
26651,tonga,0
26652,tongs,0
26653,tongue,0
26654,tongued,0
26655,tongues,0
26656,tonic,0
26657,tonight,0
26658,toning,0
26659,tonk,0
26660,tonnage,0
26661,tonne,0
26662,tonnes,0
26663,tons,0
26664,tonsils,0
26665,tony,0
26666,too,0
26667,took,0
26668,tool,0
26669,toolbar,0
26670,toolbox,0
26671,tooling,0
26672,toolkit,0
26673,tools,0
26674,toon,0
26675,toons,0
26676,toot,0
26677,tooth,0
26678,toothache,0
26679,toothed,0
26680,toothless,0
26681,toothpick,0
26682,tooting,0
26683,toots,1
26684,tootsie,0
26685,top,0
26686,topaz,0
26687,topic,0
26688,topical,0
26689,topics,0
26690,topless,0
26691,topology,0
26692,topped,0
26693,topper,0
26694,toppers,0
26695,topping,0
26696,toppings,0
26697,topple,0
26698,toppled,0
26699,toppling,0
26700,tops,0
26701,topsoil,0
26702,tor,0
26703,tora,0
26704,torah,0
26705,torch,0
26706,torched,0
26707,torches,0
26708,torchwood,0
26709,tore,0
26710,tori,0
26711,tories,0
26712,torment,0
26713,tormented,0
26714,torments,0
26715,torn,0
26716,tornado,0
26717,tornadoes,0
26718,tornados,0
26719,toro,0
26720,torpedo,0
26721,torpedoed,0
26722,torpedoes,0
26723,torque,0
26724,torrent,0
26725,torrents,0
26726,torrid,0
26727,torsion,0
26728,torso,0
26729,tort,0
26730,tortilla,0
26731,tortillas,0
26732,tortoise,0
26733,tortoises,0
26734,torts,0
26735,tortuous,0
26736,torture,0
26737,tortured,0
26738,tortures,0
26739,torturing,0
26740,torturous,0
26741,torus,0
26742,tory,0
26743,tosh,0
26744,toss,0
26745,tossed,0
26746,tosses,0
26747,tossing,0
26748,tot,0
26749,total,0
26750,totaled,0
26751,totaling,0
26752,totality,0
26753,totalled,0
26754,totalling,0
26755,totally,0
26756,totals,0
26757,tote,0
26758,totem,0
26759,totes,0
26760,toting,0
26761,tots,0
26762,touch,0
26763,touchdown,0
26764,touche,0
26765,touched,0
26766,touches,0
26767,touching,0
26768,touchy,0
26769,tough,0
26770,toughen,0
26771,tougher,0
26772,toughest,0
26773,toughness,0
26774,tour,0
26775,toured,0
26776,touring,0
26777,tourism,0
26778,tourist,0
26779,tourists,0
26780,touristy,0
26781,tourney,0
26782,tours,0
26783,tout,0
26784,touted,0
26785,touting,0
26786,touts,0
26787,tow,0
26788,toward,0
26789,towards,0
26790,towed,0
26791,towel,0
26792,towels,0
26793,tower,0
26794,towering,0
26795,towers,0
26796,towing,0
26797,town,0
26798,townhouse,0
26799,towns,0
26800,townsfolk,0
26801,township,0
26802,townships,0
26803,toxic,0
26804,toxicity,0
26805,toxin,0
26806,toxins,0
26807,toy,0
26808,toyed,0
26809,toying,0
26810,toys,0
26811,trace,0
26812,traceable,0
26813,traced,0
26814,tracer,0
26815,tracers,0
26816,traces,0
26817,trachea,0
26818,tracing,0
26819,track,0
26820,tracked,0
26821,tracker,0
26822,trackers,0
26823,tracking,0
26824,tracks,0
26825,tracksuit,0
26826,tract,0
26827,traction,0
26828,tractor,0
26829,tractors,0
26830,tracts,0
26831,trad,0
26832,trade,0
26833,traded,0
26834,trademark,0
26835,tradeoff,0
26836,tradeoffs,0
26837,trader,0
26838,traders,0
26839,trades,0
26840,tradesman,0
26841,tradesmen,0
26842,trading,0
26843,tradition,0
26844,traffic,0
26845,tragedies,0
26846,tragedy,0
26847,tragic,0
26848,trail,0
26849,trailed,0
26850,trailer,0
26851,trailers,0
26852,trailhead,0
26853,trailing,0
26854,trails,0
26855,train,0
26856,trained,0
26857,trainee,0
26858,trainees,0
26859,trainer,0
26860,trainers,0
26861,training,0
26862,trainings,0
26863,trains,0
26864,trait,0
26865,traitor,0
26866,traitors,0
26867,traits,0
26868,tram,0
26869,tramp,1
26870,trample,0
26871,trampled,0
26872,trampling,0
26873,tramps,0
26874,trams,0
26875,tramway,0
26876,tramways,0
26877,trance,0
26878,tranny,0
26879,tranquil,0
26880,trans,0
26881,transact,0
26882,transcend,0
26883,transfer,0
26884,transfers,0
26885,transform,0
26886,transient,0
26887,transit,0
26888,transits,0
26889,translate,0
26890,transmit,0
26891,transmits,0
26892,transport,0
26893,transpose,0
26894,trap,0
26895,trapeze,0
26896,trapped,0
26897,trapper,0
26898,trappers,0
26899,trapping,0
26900,trappings,0
26901,traps,0
26902,trash,0
26903,trashed,0
26904,trashing,0
26905,trashy,1
26906,trauma,0
26907,traumas,0
26908,traumatic,0
26909,travail,0
26910,travel,0
26911,traveled,0
26912,traveler,0
26913,travelers,0
26914,traveling,0
26915,travelled,0
26916,traveller,0
26917,travels,0
26918,traverse,0
26919,traversed,0
26920,traverses,0
26921,travesty,0
26922,travis,0
26923,trawl,0
26924,trawler,0
26925,trawlers,0
26926,trawling,0
26927,tray,0
26928,trays,0
26929,treachery,0
26930,tread,0
26931,treading,0
26932,treadmill,0
26933,treads,0
26934,treason,0
26935,treasure,0
26936,treasured,0
26937,treasurer,0
26938,treasures,0
26939,treasury,0
26940,treat,0
26941,treatable,0
26942,treated,0
26943,treaties,0
26944,treating,0
26945,treatise,0
26946,treatises,0
26947,treatment,0
26948,treats,0
26949,treaty,0
26950,treble,0
26951,tree,0
26952,treehouse,0
26953,trees,0
26954,trek,0
26955,trekking,0
26956,treks,0
26957,trellis,0
26958,tremble,0
26959,trembled,0
26960,trembling,0
26961,tremor,0
26962,tremors,0
26963,trench,0
26964,trenches,0
26965,trend,0
26966,trended,0
26967,trending,0
26968,trends,0
26969,trendy,0
26970,tres,0
26971,trespass,0
26972,tresses,0
26973,trestle,0
26974,trey,0
26975,triad,0
26976,triads,0
26977,triage,0
26978,trial,0
26979,trials,0
26980,triangle,0
26981,triangles,0
26982,triassic,0
26983,triathlon,0
26984,tribal,0
26985,tribalism,0
26986,tribe,0
26987,tribes,0
26988,tribesmen,0
26989,tribunal,0
26990,tribunals,0
26991,tribune,0
26992,tributary,0
26993,tribute,0
26994,tributes,0
26995,triceps,0
26996,trick,0
26997,tricked,0
26998,trickery,0
26999,trickier,0
27000,tricking,0
27001,trickle,0
27002,trickled,0
27003,trickling,0
27004,tricks,0
27005,trickster,0
27006,tricky,0
27007,tricycle,0
27008,trident,0
27009,tried,0
27010,trier,0
27011,tries,0
27012,trifecta,0
27013,trifle,0
27014,trifling,0
27015,trig,0
27016,trigger,0
27017,triggered,0
27018,triggers,0
27019,trill,0
27020,trillion,0
27021,trillions,0
27022,trilogy,0
27023,trim,0
27024,trimester,0
27025,trimmed,0
27026,trimmer,0
27027,trimming,0
27028,trimmings,0
27029,trims,0
27030,trinity,0
27031,trinket,0
27032,trinkets,0
27033,trio,0
27034,trios,0
27035,trip,0
27036,tripe,0
27037,triple,0
27038,tripled,0
27039,triples,0
27040,triplet,0
27041,triplets,0
27042,tripod,0
27043,tripoli,0
27044,tripped,0
27045,tripping,0
27046,trippy,0
27047,trips,0
27048,triptych,0
27049,trite,0
27050,tritium,0
27051,triton,0
27052,triumph,0
27053,triumphal,0
27054,triumphed,0
27055,triumphs,0
27056,trivia,0
27057,trivial,0
27058,trod,0
27059,trodden,0
27060,troika,0
27061,trois,0
27062,troll,0
27063,trolled,0
27064,trolley,0
27065,trolleys,0
27066,trolling,0
27067,trolls,0
27068,trombone,0
27069,tron,0
27070,troop,0
27071,trooper,0
27072,troopers,0
27073,troops,0
27074,trop,0
27075,trope,0
27076,tropes,0
27077,trophic,0
27078,trophies,0
27079,trophy,0
27080,tropic,0
27081,tropical,0
27082,tropics,0
27083,trot,0
27084,trotted,0
27085,trotter,0
27086,trotting,0
27087,trouble,0
27088,troubled,0
27089,troubles,0
27090,troubling,0
27091,trough,0
27092,troughs,0
27093,troupe,0
27094,trouser,0
27095,trousers,0
27096,trout,0
27097,trove,0
27098,troy,0
27099,truce,0
27100,truck,0
27101,trucker,0
27102,truckers,0
27103,trucking,0
27104,truckload,0
27105,trucks,0
27106,true,0
27107,truer,0
27108,truest,0
27109,truffle,0
27110,truffles,0
27111,truly,0
27112,trump,0
27113,trumped,0
27114,trumpet,0
27115,trumpeter,0
27116,trumpets,0
27117,trumps,0
27118,truncated,0
27119,trundle,0
27120,trunk,0
27121,trunks,0
27122,truss,0
27123,trusses,0
27124,trust,0
27125,trusted,0
27126,trustee,0
27127,trustees,0
27128,trusting,0
27129,trusts,0
27130,trusty,0
27131,truth,0
27132,truthful,0
27133,truths,0
27134,try,0
27135,trying,0
27136,tryout,0
27137,tryouts,0
27138,tryst,0
27139,tsar,0
27140,tsarist,0
27141,tsunami,0
27142,tsunamis,0
27143,tuan,0
27144,tub,0
27145,tuba,0
27146,tubal,0
27147,tubby,0
27148,tube,0
27149,tuber,0
27150,tubers,0
27151,tubes,0
27152,tubing,0
27153,tubs,0
27154,tubular,0
27155,tuck,0
27156,tucked,0
27157,tucker,0
27158,tucking,0
27159,tucks,0
27160,tuff,0
27161,tuft,0
27162,tufted,0
27163,tufts,0
27164,tug,0
27165,tugboat,0
27166,tugged,0
27167,tugging,0
27168,tugs,0
27169,tui,0
27170,tuition,0
27171,tulip,0
27172,tulips,0
27173,tulle,0
27174,tum,0
27175,tumble,0
27176,tumbled,0
27177,tumbler,0
27178,tumbles,0
27179,tumbling,0
27180,tummy,0
27181,tumor,0
27182,tumors,0
27183,tumour,0
27184,tumours,0
27185,tumult,0
27186,tun,0
27187,tuna,0
27188,tundra,0
27189,tune,0
27190,tuned,0
27191,tuner,0
27192,tunes,0
27193,tung,0
27194,tungsten,0
27195,tunic,0
27196,tuning,0
27197,tunnel,0
27198,tunneling,0
27199,tunnels,0
27200,tupelo,0
27201,turban,0
27202,turbine,0
27203,turbines,0
27204,turbo,0
27205,turbulent,0
27206,turd,1
27207,turds,0
27208,turf,0
27209,turk,0
27210,turkey,0
27211,turkeys,0
27212,turks,0
27213,turmeric,0
27214,turmoil,0
27215,turn,0
27216,turned,0
27217,turner,0
27218,turners,0
27219,turning,0
27220,turnip,0
27221,turnips,0
27222,turnkey,0
27223,turnoff,0
27224,turnout,0
27225,turnover,0
27226,turnovers,0
27227,turnpike,0
27228,turns,0
27229,turntable,0
27230,turquoise,0
27231,turret,0
27232,turrets,0
27233,turtle,0
27234,turtles,0
27235,tusk,0
27236,tusks,0
27237,tussle,0
27238,tutelage,0
27239,tutor,0
27240,tutored,0
27241,tutorial,0
27242,tutorials,0
27243,tutoring,0
27244,tutors,0
27245,tutti,0
27246,tutu,0
27247,tux,0
27248,tuxedo,0
27249,twa,0
27250,twain,0
27251,twang,0
27252,twas,0
27253,twat,1
27254,twats,1
27255,tweak,0
27256,tweaked,0
27257,tweaking,0
27258,tweaks,0
27259,twee,0
27260,tweed,0
27261,tween,0
27262,tweet,0
27263,tweeted,0
27264,tweeter,0
27265,tweeters,0
27266,tweeting,0
27267,tweets,0
27268,tweezers,0
27269,twelfth,0
27270,twelve,0
27271,twenties,0
27272,twentieth,0
27273,twenty,0
27274,twerk,0
27275,twerking,0
27276,twice,0
27277,twig,0
27278,twigs,0
27279,twilight,0
27280,twill,0
27281,twin,0
27282,twine,0
27283,twinge,0
27284,twink,0
27285,twinkle,0
27286,twinkling,0
27287,twinks,0
27288,twinning,0
27289,twins,0
27290,twirl,0
27291,twirling,0
27292,twist,0
27293,twisted,0
27294,twister,0
27295,twisting,0
27296,twists,0
27297,twisty,0
27298,twit,0
27299,twitch,0
27300,twitching,0
27301,twitchy,0
27302,twitter,0
27303,two,0
27304,twofold,0
27305,twos,0
27306,twp,0
27307,tycoon,0
27308,tye,0
27309,tying,0
27310,tyler,0
27311,tyne,0
27312,type,0
27313,typed,0
27314,typeface,0
27315,types,0
27316,typhoid,0
27317,typhoon,0
27318,typhoons,0
27319,typhus,0
27320,typical,0
27321,typically,0
27322,typified,0
27323,typing,0
27324,typist,0
27325,typo,0
27326,typology,0
27327,typos,0
27328,tyranny,0
27329,tyrant,0
27330,tyrants,0
27331,tyre,0
27332,tyres,0
27333,tyrosine,0
27334,ubiquity,0
27335,ubuntu,0
27336,ufo,0
27337,ufos,0
27338,ugh,0
27339,uglier,0
27340,ugliest,0
27341,ugliness,0
27342,ugly,1
27343,uhuru,0
27344,uke,0
27345,ukulele,0
27346,ulcer,0
27347,ulcers,0
27348,ulster,0
27349,ulterior,0
27350,ultima,0
27351,ultimate,0
27352,ultimatum,0
27353,ultimo,0
27354,ultra,0
27355,ultras,0
27356,umbilical,0
27357,umbrella,0
27358,umbrellas,0
27359,umm,0
27360,ump,0
27361,umpire,0
27362,umpires,0
27363,unabashed,0
27364,unabated,0
27365,unable,0
27366,unafraid,0
27367,unaided,0
27368,unaltered,0
27369,unanimity,0
27370,unanimous,0
27371,unarmed,0
27372,unaware,0
27373,unbeaten,0
27374,unbelief,0
27375,unbiased,0
27376,unblock,0
27377,unblocked,0
27378,unborn,0
27379,unbound,0
27380,unbounded,0
27381,unbridled,0
27382,unbroken,0
27383,uncalled,0
27384,uncanny,0
27385,uncaring,0
27386,uncertain,0
27387,unchained,0
27388,unchanged,0
27389,uncharted,0
27390,unchecked,0
27391,unclaimed,0
27392,uncle,0
27393,unclean,0
27394,unclear,0
27395,uncles,0
27396,uncommon,0
27397,uncooked,0
27398,uncool,0
27399,uncouth,0
27400,uncover,0
27401,uncovered,0
27402,uncovers,0
27403,uncut,0
27404,undamaged,0
27405,undated,0
27406,undaunted,0
27407,undead,0
27408,undecided,0
27409,undefined,0
27410,under,0
27411,underage,0
27412,undercard,0
27413,undercut,0
27414,underdog,0
27415,underdogs,0
27416,underfoot,0
27417,undergo,0
27418,undergoes,0
27419,undergone,0
27420,undergrad,0
27421,underlie,0
27422,underlies,0
27423,underline,0
27424,undermine,0
27425,underpaid,0
27426,underpass,0
27427,underpin,0
27428,undersea,0
27429,underside,0
27430,undertake,0
27431,undertone,0
27432,undertook,0
27433,underway,0
27434,underwear,0
27435,underwent,0
27436,underwood,0
27437,undesired,0
27438,undid,0
27439,undies,1
27440,undivided,0
27441,undo,0
27442,undoing,0
27443,undone,0
27444,undoubted,0
27445,undress,0
27446,undressed,0
27447,undue,0
27448,unduly,0
27449,undying,0
27450,unearned,0
27451,unearth,0
27452,unearthed,0
27453,unease,0
27454,uneasy,0
27455,unedited,0
27456,unelected,0
27457,unending,0
27458,unequal,0
27459,unethical,0
27460,uneven,0
27461,unevenly,0
27462,unfailing,0
27463,unfair,0
27464,unfairly,0
27465,unfilled,0
27466,unfit,0
27467,unfocused,0
27468,unfold,0
27469,unfolded,0
27470,unfolding,0
27471,unfolds,0
27472,unfounded,0
27473,unfunded,0
27474,unfunny,0
27475,unfurled,0
27476,ungodly,0
27477,unguarded,0
27478,unhappily,0
27479,unhappy,0
27480,unharmed,0
27481,unhealthy,0
27482,unheard,0
27483,unhelpful,0
27484,unhinged,0
27485,unholy,0
27486,unhurt,0
27487,uni,0
27488,unicorn,0
27489,unicorns,0
27490,unified,0
27491,uniform,0
27492,uniformed,0
27493,uniformly,0
27494,uniforms,0
27495,unify,0
27496,unifying,0
27497,unimpeded,0
27498,uninjured,0
27499,uninstall,0
27500,uninsured,0
27501,uninvited,0
27502,union,0
27503,unionism,0
27504,unionist,0
27505,unionists,0
27506,unionized,0
27507,unions,0
27508,unique,0
27509,uniquely,0
27510,unis,0
27511,unisex,0
27512,unison,0
27513,unit,0
27514,unitarian,0
27515,unitary,0
27516,unite,0
27517,united,0
27518,unites,0
27519,uniting,0
27520,units,0
27521,unity,0
27522,universal,0
27523,universe,0
27524,universes,0
27525,unjust,0
27526,unjustly,0
27527,unkempt,0
27528,unkind,0
27529,unknowing,0
27530,unknown,0
27531,unknowns,0
27532,unlawful,0
27533,unleaded,0
27534,unleash,0
27535,unleashed,0
27536,unleashes,0
27537,unless,0
27538,unlike,0
27539,unlikely,0
27540,unlimited,0
27541,unlisted,0
27542,unload,0
27543,unloaded,0
27544,unloading,0
27545,unlock,0
27546,unlocked,0
27547,unlocking,0
27548,unlocks,0
27549,unloved,0
27550,unlucky,0
27551,unmanned,0
27552,unmarked,0
27553,unmarried,0
27554,unmasked,0
27555,unmatched,0
27556,unmet,0
27557,unmoved,0
27558,unnamed,0
27559,unnatural,0
27560,unneeded,0
27561,unnerved,0
27562,unnerving,0
27563,unnoticed,0
27564,unopened,0
27565,unopposed,0
27566,unpack,0
27567,unpacked,0
27568,unpacking,0
27569,unpaid,0
27570,unplanned,0
27571,unplug,0
27572,unplugged,0
27573,unpopular,0
27574,unproven,0
27575,unranked,0
27576,unravel,0
27577,unraveled,0
27578,unread,0
27579,unreal,0
27580,unrelated,0
27581,unrest,0
27582,unrivaled,0
27583,unruly,0
27584,uns,0
27585,unsafe,0
27586,unsaid,0
27587,unsalted,0
27588,unsavory,0
27589,unscathed,0
27590,unsealed,0
27591,unseat,0
27592,unsecured,0
27593,unseemly,0
27594,unseen,0
27595,unselfish,0
27596,unsettled,0
27597,unsightly,0
27598,unsigned,0
27599,unskilled,0
27600,unsold,0
27601,unsolved,0
27602,unsound,0
27603,unspoiled,0
27604,unspoken,0
27605,unstable,0
27606,unsteady,0
27607,unstuck,0
27608,unsuited,0
27609,unsullied,0
27610,unsung,0
27611,unsure,0
27612,untamed,0
27613,untangle,0
27614,untapped,0
27615,untenable,0
27616,untested,0
27617,untidy,0
27618,untie,0
27619,untied,0
27620,until,0
27621,untimely,0
27622,untitled,0
27623,unto,0
27624,untold,0
27625,untouched,0
27626,untoward,0
27627,untrained,0
27628,untreated,0
27629,untrue,0
27630,unturned,0
27631,unusable,0
27632,unused,0
27633,unusual,0
27634,unusually,0
27635,unveil,0
27636,unveiled,0
27637,unveiling,0
27638,unveils,0
27639,unwanted,0
27640,unwashed,0
27641,unwed,1
27642,unwelcome,0
27643,unwell,0
27644,unwieldy,0
27645,unwilling,0
27646,unwind,0
27647,unwinding,0
27648,unwise,0
27649,unwitting,0
27650,unworthy,0
27651,unwrap,0
27652,unwrapped,0
27653,unwritten,0
27654,unzip,0
27655,unzipped,0
27656,upbeat,0
27657,upcoming,0
27658,update,0
27659,updated,0
27660,updates,0
27661,updating,0
27662,upfront,0
27663,upgrade,0
27664,upgraded,0
27665,upgrades,0
27666,upgrading,0
27667,upheaval,0
27668,upheavals,0
27669,upheld,0
27670,uphill,0
27671,uphold,0
27672,upholding,0
27673,upholds,0
27674,upkeep,0
27675,upland,0
27676,uplands,0
27677,uplift,0
27678,uplifted,0
27679,uplifting,0
27680,uplink,0
27681,upload,0
27682,uploaded,0
27683,uploading,0
27684,uploads,0
27685,upmarket,0
27686,upon,0
27687,upped,0
27688,upper,0
27689,uppercut,0
27690,uppermost,0
27691,uppers,0
27692,upping,0
27693,upright,0
27694,uprising,0
27695,uprisings,0
27696,upriver,0
27697,uproar,0
27698,uproot,0
27699,uprooted,0
27700,ups,0
27701,upscale,0
27702,upset,0
27703,upsets,0
27704,upsetting,0
27705,upshot,0
27706,upside,0
27707,upstairs,0
27708,upstart,0
27709,upstate,0
27710,upstream,0
27711,upsurge,0
27712,upswing,0
27713,uptake,0
27714,uptick,0
27715,uptight,0
27716,uptime,0
27717,uptown,0
27718,upturned,0
27719,upward,0
27720,upwardly,0
27721,upwards,0
27722,uranium,0
27723,urban,0
27724,urbanism,0
27725,urbanized,0
27726,urchin,0
27727,urchins,0
27728,ure,0
27729,urea,0
27730,urethra,0
27731,urge,0
27732,urged,0
27733,urgency,0
27734,urgent,0
27735,urgently,0
27736,urges,0
27737,urging,0
27738,uric,0
27739,urinal,1
27740,urinary,0
27741,urinate,0
27742,urinating,0
27743,urination,0
27744,urine,1
27745,urn,0
27746,urns,0
27747,urologist,0
27748,urology,0
27749,ursa,0
27750,usability,0
27751,usable,0
27752,usage,0
27753,usages,0
27754,use,0
27755,useable,0
27756,used,0
27757,useful,0
27758,usefully,0
27759,useless,0
27760,user,0
27761,username,0
27762,usernames,0
27763,users,0
27764,uses,0
27765,usher,0
27766,ushered,0
27767,ushering,0
27768,ushers,0
27769,using,0
27770,usual,0
27771,usually,0
27772,usurp,0
27773,usurped,0
27774,usurper,0
27775,usury,0
27776,uta,0
27777,ute,0
27778,utensil,0
27779,utensils,0
27780,uterine,0
27781,uterus,1
27782,utes,0
27783,utilise,0
27784,utilised,0
27785,utilising,0
27786,utilities,0
27787,utility,0
27788,utilize,0
27789,utilized,0
27790,utilizes,0
27791,utilizing,0
27792,utmost,0
27793,utopia,0
27794,utopian,0
27795,uts,0
27796,utter,0
27797,utterance,0
27798,uttered,0
27799,uttering,0
27800,utterly,0
27801,uva,0
27802,vac,0
27803,vacancies,0
27804,vacancy,0
27805,vacant,0
27806,vacate,0
27807,vacated,0
27808,vacation,0
27809,vacations,0
27810,vaccinate,0
27811,vaccine,0
27812,vaccines,0
27813,vacuous,0
27814,vacuum,0
27815,vacuuming,0
27816,vacuums,0
27817,vag,1
27818,vagabond,0
27819,vagaries,0
27820,vagina,1
27821,vaginal,0
27822,vaginas,0
27823,vagrant,0
27824,vague,0
27825,vaguely,0
27826,vagueness,0
27827,vail,0
27828,vain,0
27829,vale,0
27830,valence,0
27831,valencia,0
27832,valentine,0
27833,valerian,0
27834,valet,0
27835,valiant,0
27836,valiantly,0
27837,valid,0
27838,validate,0
27839,validated,0
27840,validates,0
27841,validity,0
27842,validly,0
27843,valium,1
27844,valkyrie,0
27845,valley,0
27846,valleys,0
27847,valor,0
27848,valour,0
27849,valuable,0
27850,valuables,0
27851,valuation,0
27852,value,0
27853,valued,0
27854,values,0
27855,valuing,0
27856,valve,0
27857,valves,0
27858,vamp,0
27859,vampire,0
27860,vampires,0
27861,vamps,0
27862,van,0
27863,vanadium,0
27864,vandal,0
27865,vandalism,0
27866,vandals,0
27867,vane,0
27868,vanessa,0
27869,vanguard,0
27870,vanilla,0
27871,vanish,0
27872,vanished,0
27873,vanishes,0
27874,vanishing,0
27875,vanities,0
27876,vanity,0
27877,vanquish,0
27878,vans,0
27879,vantage,0
27880,vapid,0
27881,vapor,0
27882,vaporized,0
27883,vaporizer,0
27884,vapors,0
27885,vapour,0
27886,var,0
27887,vardy,0
27888,variable,0
27889,variables,0
27890,variance,0
27891,variances,0
27892,variant,0
27893,variants,0
27894,variation,0
27895,varicose,0
27896,varied,0
27897,varies,0
27898,varieties,0
27899,variety,0
27900,various,0
27901,variously,0
27902,varna,0
27903,varnish,0
27904,varsity,0
27905,vary,0
27906,varying,0
27907,vas,0
27908,vascular,0
27909,vase,0
27910,vasectomy,0
27911,vaseline,0
27912,vases,0
27913,vassal,0
27914,vassals,0
27915,vast,0
27916,vastly,0
27917,vastness,0
27918,vat,0
27919,vats,0
27920,vault,0
27921,vaulted,0
27922,vaulting,0
27923,vaults,0
27924,vaunted,0
27925,veal,0
27926,vector,0
27927,vectors,0
27928,vee,0
27929,veep,0
27930,veer,0
27931,veered,0
27932,veering,0
27933,veers,0
27934,veg,0
27935,vega,0
27936,vegan,0
27937,veganism,0
27938,vegans,0
27939,vegas,0
27940,vegetable,0
27941,veggie,0
27942,veggies,0
27943,vehement,0
27944,vehicle,0
27945,vehicles,0
27946,vehicular,0
27947,veil,0
27948,veiled,0
27949,veils,0
27950,vein,0
27951,veins,0
27952,vela,0
27953,velcro,0
27954,vellum,0
27955,velocity,0
27956,velodrome,0
27957,velvet,0
27958,velvety,0
27959,vendetta,0
27960,vending,0
27961,vendor,0
27962,vendors,0
27963,veneer,0
27964,veneers,0
27965,venerable,0
27966,venerated,0
27967,venereal,0
27968,venetian,0
27969,venetians,0
27970,vengeance,0
27971,vengeful,0
27972,venison,0
27973,venom,0
27974,venomous,0
27975,venous,0
27976,vent,0
27977,vented,0
27978,venter,0
27979,venting,0
27980,ventral,0
27981,ventricle,0
27982,vents,0
27983,venture,0
27984,ventured,0
27985,ventures,0
27986,venturi,0
27987,venturing,0
27988,venue,0
27989,venues,0
27990,venus,0
27991,vera,0
27992,veracity,0
27993,veranda,0
27994,verandah,0
27995,verb,0
27996,verbal,0
27997,verbally,0
27998,verbatim,0
27999,verbs,0
28000,verdant,0
28001,verdict,0
28002,verdicts,0
28003,verge,0
28004,verified,0
28005,verifies,0
28006,verify,0
28007,verifying,0
28008,verily,0
28009,veritable,0
28010,veritas,0
28011,verity,0
28012,vermilion,0
28013,vermin,0
28014,vermouth,0
28015,vernal,0
28016,veronica,0
28017,vers,0
28018,versatile,0
28019,verse,0
28020,versed,0
28021,verses,0
28022,version,0
28023,versions,0
28024,verso,0
28025,versus,0
28026,vert,0
28027,vertebra,0
28028,vertebrae,0
28029,vertebral,0
28030,vertex,0
28031,vertical,0
28032,vertices,0
28033,vertigo,0
28034,verve,0
28035,very,0
28036,vesicles,0
28037,vespa,0
28038,vessel,0
28039,vessels,0
28040,vest,0
28041,vesta,0
28042,vested,0
28043,vestibule,0
28044,vestige,0
28045,vestiges,0
28046,vesting,0
28047,vestments,0
28048,vestry,0
28049,vests,0
28050,vet,0
28051,veteran,0
28052,veterans,0
28053,veto,0
28054,vetoed,0
28055,vetoes,0
28056,vets,0
28057,vetted,0
28058,vetting,0
28059,vex,0
28060,vexed,0
28061,vexing,0
28062,via,0
28063,viability,0
28064,viable,0
28065,viaduct,0
28066,vial,0
28067,vials,0
28068,vibe,0
28069,vibes,0
28070,vibrancy,0
28071,vibrant,0
28072,vibrate,0
28073,vibrates,0
28074,vibrating,0
28075,vibration,0
28076,vibrato,0
28077,vibrator,0
28078,vibrators,0
28079,vicar,0
28080,vicarage,0
28081,vicarious,0
28082,vice,0
28083,viceroy,0
28084,vices,0
28085,vichy,0
28086,vicinity,0
28087,vicious,0
28088,viciously,0
28089,victim,0
28090,victims,0
28091,victor,0
28092,victoria,0
28093,victories,0
28094,victors,0
28095,victory,0
28096,vid,0
28097,vide,0
28098,video,0
28099,videos,0
28100,videotape,0
28101,vids,0
28102,vie,0
28103,vienna,0
28104,view,0
28105,viewable,0
28106,viewed,0
28107,viewer,0
28108,viewers,0
28109,viewing,0
28110,viewings,0
28111,viewpoint,0
28112,views,0
28113,vigil,0
28114,vigilance,0
28115,vigilant,0
28116,vigilante,0
28117,vignette,0
28118,vignettes,0
28119,vigor,0
28120,vigorous,0
28121,vigour,0
28122,viking,0
28123,vikings,0
28124,vile,0
28125,vilified,0
28126,villa,0
28127,village,0
28128,villager,0
28129,villagers,0
28130,villages,0
28131,villain,0
28132,villains,0
28133,villainy,0
28134,villas,0
28135,vim,0
28136,vin,0
28137,vindicate,0
28138,vine,0
28139,vinegar,0
28140,vines,0
28141,vineyard,0
28142,vineyards,0
28143,vino,0
28144,vintage,0
28145,vinyl,0
28146,viola,0
28147,violate,0
28148,violated,0
28149,violates,0
28150,violating,0
28151,violation,0
28152,violators,0
28153,violence,0
28154,violent,0
28155,violently,0
28156,violet,0
28157,violets,0
28158,violin,0
28159,violinist,0
28160,violins,0
28161,viper,0
28162,vipers,0
28163,viral,0
28164,virgin,1
28165,virginia,0
28166,virginity,0
28167,virgins,0
28168,virile,0
28169,virology,0
28170,virtual,0
28171,virtually,0
28172,virtue,0
28173,virtues,0
28174,virtuoso,0
28175,virtuous,0
28176,virulence,0
28177,virulent,0
28178,virus,0
28179,viruses,0
28180,vis,0
28181,visa,0
28182,visage,0
28183,visas,0
28184,visceral,0
28185,viscosity,0
28186,viscount,0
28187,viscous,0
28188,vise,0
28189,visible,0
28190,visibly,0
28191,vision,0
28192,visionary,0
28193,visions,0
28194,visit,0
28195,visited,0
28196,visiting,0
28197,visitor,0
28198,visitors,0
28199,visits,0
28200,visor,0
28201,vista,0
28202,vistas,0
28203,visual,0
28204,visualise,0
28205,visualize,0
28206,visually,0
28207,visuals,0
28208,vita,0
28209,vitae,0
28210,vital,0
28211,vitality,0
28212,vitally,0
28213,vitals,0
28214,vitamin,0
28215,vitamins,0
28216,vitriol,0
28217,vitriolic,0
28218,viva,0
28219,vivacious,0
28220,vive,0
28221,vivid,0
28222,vividly,0
28223,vivo,0
28224,vixen,1
28225,vizier,0
28226,vlog,0
28227,vlogs,0
28228,vocab,0
28229,vocal,0
28230,vocalist,0
28231,vocalists,0
28232,vocally,0
28233,vocals,0
28234,vocation,0
28235,vocations,0
28236,vodka,1
28237,vogue,0
28238,voice,0
28239,voiced,0
28240,voiceless,0
28241,voicemail,0
28242,voiceover,0
28243,voices,0
28244,voicing,0
28245,void,0
28246,voided,0
28247,voids,0
28248,voila,0
28249,voip,0
28250,vol,0
28251,volatile,0
28252,volcanic,0
28253,volcano,0
28254,volcanoes,0
28255,vole,0
28256,volition,0
28257,volk,0
28258,volley,0
28259,volleys,0
28260,vols,0
28261,volt,0
28262,volta,0
28263,voltage,0
28264,voltages,0
28265,volts,0
28266,volume,0
28267,volumes,0
28268,voluntary,0
28269,volunteer,0
28270,vomit,1
28271,vomited,0
28272,vomiting,0
28273,voodoo,0
28274,vor,0
28275,voracious,0
28276,vortex,0
28277,vote,0
28278,voted,0
28279,voter,0
28280,voters,0
28281,votes,0
28282,voting,0
28283,votive,0
28284,vouch,0
28285,voucher,0
28286,vouchers,0
28287,vow,0
28288,vowed,0
28289,vowel,0
28290,vowels,0
28291,vowing,0
28292,vows,0
28293,vox,0
28294,voyage,0
28295,voyager,0
28296,voyages,0
28297,voyeur,1
28298,vroom,0
28299,vulcan,0
28300,vulgar,1
28301,vulgarity,0
28302,vulture,0
28303,vultures,0
28304,vulva,1
28305,vying,0
28306,wack,0
28307,wacky,0
28308,wad,1
28309,waddle,0
28310,wade,0
28311,waded,0
28312,wadi,0
28313,wading,0
28314,wafer,0
28315,wafers,0
28316,waffle,0
28317,waffles,0
28318,wag,0
28319,wage,0
28320,waged,0
28321,wager,0
28322,wagering,0
28323,wagers,0
28324,wages,0
28325,wagga,0
28326,wagging,0
28327,waging,0
28328,wagon,0
28329,wagons,0
28330,wags,0
28331,wahoo,0
28332,wai,0
28333,wail,0
28334,wailing,0
28335,waist,0
28336,waistband,0
28337,waistcoat,0
28338,waisted,0
28339,waistline,0
28340,wait,0
28341,waite,0
28342,waited,0
28343,waiter,0
28344,waiters,0
28345,waiting,0
28346,waitress,0
28347,waits,0
28348,waive,0
28349,waived,0
28350,waiver,0
28351,waivers,0
28352,waiving,0
28353,waka,0
28354,wakanda,0
28355,wake,0
28356,wakes,0
28357,waking,0
28358,wald,0
28359,waldo,0
28360,wale,0
28361,wales,0
28362,wali,0
28363,walk,0
28364,walkable,0
28365,walkabout,0
28366,walked,0
28367,walker,0
28368,walkers,0
28369,walking,0
28370,walkout,0
28371,walks,0
28372,walkway,0
28373,walkways,0
28374,wall,0
28375,walla,0
28376,wallabies,0
28377,wallaby,0
28378,walled,0
28379,waller,0
28380,wallet,0
28381,wallets,0
28382,walleye,0
28383,walling,0
28384,wallop,0
28385,wallow,0
28386,wallowing,0
28387,wallpaper,0
28388,walls,0
28389,wally,0
28390,walnut,0
28391,walnuts,0
28392,walrus,0
28393,waltz,0
28394,wan,0
28395,wand,0
28396,wander,0
28397,wandered,0
28398,wanderer,0
28399,wanderers,0
28400,wandering,0
28401,wanders,0
28402,wands,0
28403,wane,0
28404,waned,0
28405,wang,1
28406,waning,0
28407,wank,1
28408,wanker,1
28409,wankers,0
28410,wanking,0
28411,wanna,0
28412,wannabe,0
28413,wannabes,0
28414,want,0
28415,wanted,0
28416,wanting,0
28417,wanton,0
28418,wants,0
28419,wap,0
28420,war,0
28421,warbler,0
28422,warcraft,0
28423,ward,0
28424,warden,0
28425,wardens,0
28426,wardrobe,0
28427,wardrobes,0
28428,wards,0
28429,ware,0
28430,warehouse,0
28431,wares,0
28432,warfare,0
28433,warfarin,0
28434,warhead,0
28435,warheads,0
28436,waring,0
28437,warlike,0
28438,warlock,0
28439,warlord,0
28440,warlords,0
28441,warm,0
28442,warmed,0
28443,warmer,0
28444,warmers,0
28445,warmest,0
28446,warming,0
28447,warmly,0
28448,warms,0
28449,warmth,0
28450,warmup,0
28451,warn,0
28452,warned,0
28453,warner,0
28454,warning,0
28455,warnings,0
28456,warns,0
28457,warp,0
28458,warped,0
28459,warping,0
28460,warplanes,0
28461,warrant,0
28462,warranted,0
28463,warrants,0
28464,warranty,0
28465,warren,0
28466,warring,0
28467,warrior,0
28468,warriors,0
28469,wars,0
28470,warsaw,0
28471,warship,0
28472,warships,0
28473,wart,0
28474,wartime,0
28475,warts,0
28476,wary,0
28477,warzone,0
28478,was,0
28479,wasabi,0
28480,wash,0
28481,washable,0
28482,washed,0
28483,washer,0
28484,washers,0
28485,washes,0
28486,washing,0
28487,washout,0
28488,washroom,0
28489,washy,0
28490,wasp,0
28491,wasps,0
28492,wasserman,0
28493,wastage,0
28494,waste,0
28495,wasted,0
28496,wasteful,0
28497,wasteland,0
28498,wastes,0
28499,wasting,0
28500,wat,0
28501,watch,0
28502,watchable,0
28503,watchdog,0
28504,watchdogs,0
28505,watched,0
28506,watcher,0
28507,watchers,0
28508,watches,0
28509,watchful,0
28510,watching,0
28511,watchlist,0
28512,watchman,0
28513,watchmen,0
28514,water,0
28515,watered,0
28516,waterfall,0
28517,waterfowl,0
28518,watering,0
28519,waterline,0
28520,waterloo,0
28521,waterman,0
28522,watermark,0
28523,waters,0
28524,watershed,0
28525,waterside,0
28526,waterway,0
28527,waterways,0
28528,watery,0
28529,watt,0
28530,wattage,0
28531,wattle,0
28532,watts,0
28533,waugh,0
28534,wave,0
28535,waved,0
28536,waveform,0
28537,waveforms,0
28538,waveguide,0
28539,waver,0
28540,wavered,0
28541,wavering,0
28542,waves,0
28543,waving,0
28544,wavy,0
28545,wawa,0
28546,wax,0
28547,waxed,0
28548,waxes,0
28549,waxing,0
28550,waxy,0
28551,way,0
28552,ways,0
28553,wayside,0
28554,wayward,0
28555,weak,0
28556,weaken,0
28557,weakened,0
28558,weakening,0
28559,weakens,0
28560,weaker,0
28561,weakest,0
28562,weakly,0
28563,weakness,0
28564,wealth,0
28565,wealthier,0
28566,wealthy,0
28567,wean,0
28568,weaned,0
28569,weaning,0
28570,weapon,0
28571,weaponry,0
28572,weapons,0
28573,wear,0
28574,wearable,0
28575,wearables,0
28576,wearer,0
28577,wearers,0
28578,weariness,0
28579,wearing,0
28580,wears,0
28581,weary,0
28582,weasel,0
28583,weasels,0
28584,weather,0
28585,weathered,0
28586,weathers,0
28587,weave,0
28588,weaved,0
28589,weaver,0
28590,weavers,0
28591,weaves,0
28592,weaving,0
28593,web,0
28594,webbed,0
28595,webbing,0
28596,webcam,0
28597,webcams,0
28598,webcast,0
28599,weber,0
28600,webinar,0
28601,webinars,0
28602,weblog,0
28603,webpage,0
28604,webs,0
28605,website,0
28606,websites,0
28607,webster,0
28608,wed,0
28609,wedded,0
28610,wedding,0
28611,weddings,0
28612,wedge,0
28613,wedged,0
28614,wedges,0
28615,wedlock,0
28616,weds,0
28617,wee,0
28618,weed,1
28619,weeding,0
28620,weeds,0
28621,week,0
28622,weekday,0
28623,weekdays,0
28624,weekend,0
28625,weekends,0
28626,weekly,0
28627,weeknight,0
28628,weeks,0
28629,ween,0
28630,weenie,1
28631,weep,0
28632,weeping,0
28633,weeps,0
28634,weevil,0
28635,weigh,0
28636,weighed,0
28637,weighing,0
28638,weighs,0
28639,weight,0
28640,weighted,0
28641,weighting,0
28642,weights,0
28643,weighty,0
28644,weil,0
28645,weiner,1
28646,weir,0
28647,weird,0
28648,weirder,0
28649,weirdest,0
28650,weirdly,0
28651,weirdness,0
28652,weirdo,1
28653,weirdos,0
28654,welch,0
28655,welcome,0
28656,welcomed,0
28657,welcomes,0
28658,welcoming,0
28659,weld,0
28660,welded,0
28661,welder,0
28662,welders,0
28663,welding,0
28664,welds,0
28665,welfare,0
28666,well,0
28667,wellbeing,0
28668,welling,0
28669,wellness,0
28670,wells,0
28671,welsh,0
28672,welt,0
28673,wen,0
28674,wench,1
28675,went,0
28676,wept,0
28677,were,0
28678,werewolf,0
28679,west,0
28680,westbound,0
28681,westerly,0
28682,western,0
28683,westerner,0
28684,westerns,0
28685,wests,0
28686,westward,0
28687,westwards,0
28688,wet,0
28689,wether,0
28690,wetland,0
28691,wetlands,0
28692,wetness,0
28693,wetsuit,0
28694,wetter,0
28695,wettest,0
28696,wetting,0
28697,wha,0
28698,whack,0
28699,whacked,0
28700,whacking,0
28701,whale,0
28702,whalers,0
28703,whales,0
28704,whaling,0
28705,wham,0
28706,whammy,0
28707,wharf,0
28708,wharves,0
28709,what,0
28710,whatever,0
28711,whatnot,0
28712,whats,0
28713,wheat,0
28714,wheel,0
28715,wheelbase,0
28716,wheeled,0
28717,wheeler,0
28718,wheelers,0
28719,wheelie,0
28720,wheeling,0
28721,wheels,0
28722,wheezing,0
28723,when,0
28724,whence,0
28725,whenever,0
28726,where,0
28727,whereas,0
28728,whereby,0
28729,wherefore,0
28730,wherein,0
28731,wheres,0
28732,whereupon,0
28733,wherever,0
28734,whet,0
28735,whether,0
28736,whew,0
28737,whey,0
28738,which,0
28739,whichever,0
28740,whiff,0
28741,whig,0
28742,whigs,0
28743,while,0
28744,whilst,0
28745,whim,0
28746,whimper,0
28747,whims,0
28748,whimsical,0
28749,whimsy,0
28750,whine,0
28751,whined,0
28752,whines,0
28753,whining,0
28754,whiny,0
28755,whip,0
28756,whiplash,0
28757,whipped,0
28758,whipping,0
28759,whips,0
28760,whirl,0
28761,whirling,0
28762,whirlpool,0
28763,whirlwind,0
28764,whisk,0
28765,whisked,0
28766,whisker,0
28767,whiskers,0
28768,whiskey,0
28769,whiskies,0
28770,whisky,0
28771,whisper,0
28772,whispered,0
28773,whisperer,0
28774,whispers,0
28775,whistle,0
28776,whistled,0
28777,whistler,0
28778,whistles,0
28779,whistling,0
28780,whit,0
28781,white,0
28782,whitefish,0
28783,whitehead,0
28784,whiteness,0
28785,whitening,0
28786,whiter,0
28787,whites,0
28788,whitest,0
28789,whitewash,0
28790,whitey,1
28791,whither,0
28792,whiting,0
28793,whitish,0
28794,whittle,0
28795,whiz,1
28796,who,0
28797,whoa,0
28798,whoever,0
28799,whole,0
28800,wholeness,0
28801,wholesale,0
28802,wholesome,0
28803,wholly,0
28804,whom,0
28805,whomever,0
28806,whoop,0
28807,whooped,0
28808,whooping,0
28809,whoops,0
28810,whoosh,0
28811,whopper,0
28812,whopping,0
28813,whore,1
28814,whores,1
28815,whoring,1
28816,whorl,0
28817,whorls,0
28818,whose,0
28819,whosoever,0
28820,why,0
28821,whys,0
28822,wicca,0
28823,wiccan,0
28824,wich,0
28825,wick,0
28826,wicked,0
28827,wickedly,0
28828,wicker,0
28829,wicket,0
28830,wickets,0
28831,wicks,0
28832,wide,0
28833,widely,0
28834,widen,0
28835,widened,0
28836,widening,0
28837,widens,0
28838,wider,0
28839,widest,0
28840,widget,0
28841,widgets,0
28842,widow,0
28843,widowed,0
28844,widower,0
28845,widows,0
28846,width,0
28847,widths,0
28848,wield,0
28849,wielded,0
28850,wielding,0
28851,wields,0
28852,wiener,0
28853,wife,0
28854,wifes,0
28855,wifey,0
28856,wig,0
28857,wigan,0
28858,wiggle,0
28859,wiggles,0
28860,wiggling,0
28861,wight,0
28862,wigs,0
28863,wiki,0
28864,wilco,0
28865,wild,0
28866,wildcard,0
28867,wildcat,0
28868,wildcats,0
28869,wilder,0
28870,wilders,0
28871,wildest,0
28872,wildfire,0
28873,wildfires,0
28874,wilding,0
28875,wildlife,0
28876,wildly,0
28877,wilds,0
28878,wildwood,0
28879,wile,0
28880,wiles,0
28881,wilful,0
28882,wilfully,0
28883,will,0
28884,willed,0
28885,willey,0
28886,willful,0
28887,willfully,0
28888,william,0
28889,williams,0
28890,willie,0
28891,willing,0
28892,willingly,0
28893,willow,0
28894,willows,0
28895,willpower,0
28896,wills,0
28897,willy,1
28898,wilt,0
28899,wilted,0
28900,wily,0
28901,wimp,0
28902,wimpy,0
28903,win,0
28904,wince,0
28905,winch,0
28906,wind,0
28907,winded,0
28908,winder,0
28909,windfall,0
28910,winding,0
28911,windmill,0
28912,windmills,0
28913,window,0
28914,windows,0
28915,winds,0
28916,windward,0
28917,windy,0
28918,wine,0
28919,winemaker,0
28920,wineries,0
28921,winery,0
28922,wines,0
28923,wing,0
28924,winged,0
28925,winger,0
28926,wingers,0
28927,winging,0
28928,wingman,0
28929,wings,0
28930,wingspan,0
28931,wining,0
28932,wink,0
28933,winked,0
28934,winking,0
28935,winkle,0
28936,winkler,0
28937,winks,0
28938,winless,0
28939,winn,0
28940,winnable,0
28941,winner,0
28942,winners,0
28943,winning,0
28944,winnings,0
28945,wins,0
28946,winter,0
28947,wintering,0
28948,winters,0
28949,wintry,0
28950,wipe,0
28951,wiped,0
28952,wipeout,0
28953,wiper,0
28954,wipers,0
28955,wipes,0
28956,wiping,0
28957,wire,0
28958,wired,0
28959,wireless,0
28960,wires,0
28961,wiretap,0
28962,wiretaps,0
28963,wiring,0
28964,wiry,0
28965,wis,0
28966,wisdom,0
28967,wise,0
28968,wisely,0
28969,wiser,0
28970,wisest,0
28971,wish,0
28972,wishbone,0
28973,wished,0
28974,wishers,0
28975,wishes,0
28976,wishful,0
28977,wishing,0
28978,wisp,0
28979,wisteria,0
28980,wistful,0
28981,wistfully,0
28982,wit,0
28983,witch,0
28984,witches,0
28985,with,0
28986,withdraw,0
28987,withdrawn,0
28988,withdraws,0
28989,withdrew,0
28990,wither,0
28991,withered,0
28992,withering,0
28993,withers,0
28994,withheld,0
28995,withhold,0
28996,within,0
28997,without,0
28998,withstand,0
28999,withstood,0
29000,witness,0
29001,witnessed,0
29002,witnesses,0
29003,wits,0
29004,witted,0
29005,witty,0
29006,wives,0
29007,wiz,0
29008,wizard,0
29009,wizardry,0
29010,wizards,0
29011,wobble,0
29012,wobbles,0
29013,wobbling,0
29014,wobbly,0
29015,woe,0
29016,woeful,0
29017,woefully,0
29018,woes,0
29019,wok,0
29020,woke,0
29021,woken,0
29022,wold,0
29023,wolf,0
29024,wolfram,0
29025,wolverine,0
29026,wolves,0
29027,woman,0
29028,womanhood,0
29029,womanizer,0
29030,womanly,0
29031,womans,0
29032,womb,1
29033,wombat,0
29034,women,0
29035,won,0
29036,wonder,0
29037,wondered,0
29038,wonderful,0
29039,wondering,0
29040,wonders,0
29041,wondrous,0
29042,wonky,0
29043,wont,0
29044,woo,0
29045,wood,0
29046,woodbine,0
29047,woodcock,0
29048,woodcut,0
29049,wooded,0
29050,wooden,0
29051,woodhouse,0
29052,woodland,0
29053,woodlands,0
29054,woodman,0
29055,woodruff,0
29056,woods,0
29057,woodward,0
29058,woodwork,0
29059,woody,1
29060,wooed,0
29061,woof,0
29062,woohoo,0
29063,wooing,0
29064,wool,0
29065,woolen,0
29066,woollen,0
29067,woolly,0
29068,woolsey,0
29069,woot,0
29070,wop,1
29071,worcester,0
29072,word,0
29073,worded,0
29074,wording,0
29075,wordless,0
29076,wordplay,0
29077,words,0
29078,wordy,0
29079,wore,0
29080,work,0
29081,workable,0
29082,workbench,0
29083,workbook,0
29084,workday,0
29085,worked,0
29086,worker,0
29087,workers,0
29088,workflow,0
29089,workforce,0
29090,workhorse,0
29091,workhouse,0
29092,working,0
29093,workings,0
29094,workload,0
29095,workloads,0
29096,workman,0
29097,workmen,0
29098,workout,0
29099,workouts,0
29100,workpiece,0
29101,workplace,0
29102,works,0
29103,worksheet,0
29104,workshop,0
29105,workshops,0
29106,workspace,0
29107,workweek,0
29108,world,0
29109,worldly,0
29110,worlds,0
29111,worldview,0
29112,worldwide,0
29113,worm,0
29114,wormhole,0
29115,worms,0
29116,wormwood,0
29117,worn,0
29118,worried,0
29119,worries,0
29120,worrisome,0
29121,worry,0
29122,worrying,0
29123,worse,0
29124,worsen,0
29125,worsened,0
29126,worsening,0
29127,worsens,0
29128,worship,0
29129,worshiped,0
29130,worships,0
29131,worst,0
29132,wort,0
29133,worth,0
29134,worthing,0
29135,worthless,0
29136,worthy,0
29137,wot,0
29138,would,0
29139,wound,0
29140,wounded,0
29141,wounding,0
29142,wounds,0
29143,wove,0
29144,woven,0
29145,wow,0
29146,wowed,0
29147,wows,0
29148,wracking,0
29149,wraith,0
29150,wrangle,0
29151,wrangler,0
29152,wrangling,0
29153,wrap,0
29154,wrapped,0
29155,wrapper,0
29156,wrappers,0
29157,wrapping,0
29158,wraps,0
29159,wrath,0
29160,wreak,0
29161,wreaking,0
29162,wreath,0
29163,wreaths,0
29164,wreck,0
29165,wreckage,0
29166,wrecked,0
29167,wrecker,0
29168,wrecking,0
29169,wrecks,0
29170,wren,0
29171,wrench,0
29172,wrenches,0
29173,wrenching,0
29174,wrest,0
29175,wrestle,0
29176,wrestled,0
29177,wrestler,0
29178,wrestlers,0
29179,wrestles,0
29180,wrestling,0
29181,wretch,0
29182,wretched,0
29183,wriggle,0
29184,wright,0
29185,wring,0
29186,wringing,0
29187,wrinkle,0
29188,wrinkled,0
29189,wrinkles,0
29190,wrinkly,0
29191,wrist,0
29192,wristband,0
29193,wrists,0
29194,writ,0
29195,write,0
29196,writer,0
29197,writers,0
29198,writes,0
29199,writhing,0
29200,writing,0
29201,writings,0
29202,writs,0
29203,written,0
29204,wrong,0
29205,wronged,0
29206,wrongful,0
29207,wrongly,0
29208,wrongs,0
29209,wrote,0
29210,wrought,0
29211,wry,0
29212,wuthering,0
29213,wye,0
29214,wyn,0
29215,wynn,0
29216,xenon,0
29217,xerox,0
29218,yacht,0
29219,yachting,0
29220,yachts,0
29221,yah,0
29222,yahoo,0
29223,yak,0
29224,yakuza,0
29225,yale,0
29226,yam,0
29227,yams,0
29228,yang,0
29229,yank,0
29230,yanked,0
29231,yankee,0
29232,yankees,0
29233,yanking,0
29234,yanks,0
29235,yap,0
29236,yar,0
29237,yard,0
29238,yardage,0
29239,yards,0
29240,yardstick,0
29241,yarn,0
29242,yarns,0
29243,yarrow,0
29244,yates,0
29245,yaw,0
29246,yawn,0
29247,yawning,0
29248,yawns,0
29249,yay,0
29250,yea,0
29251,yeah,0
29252,year,0
29253,yearbook,0
29254,yearbooks,0
29255,yearling,0
29256,yearly,0
29257,yearn,0
29258,yearned,0
29259,yearning,0
29260,yearns,0
29261,years,0
29262,yeast,0
29263,yeasts,0
29264,yeh,0
29265,yell,0
29266,yelled,0
29267,yelling,0
29268,yellow,0
29269,yellowish,0
29270,yellows,0
29271,yells,0
29272,yelp,0
29273,yen,0
29274,yeoman,0
29275,yep,0
29276,yes,0
29277,yeshiva,0
29278,yesterday,0
29279,yet,0
29280,yeti,0
29281,yew,0
29282,yield,0
29283,yielded,0
29284,yielding,0
29285,yields,0
29286,yikes,0
29287,yin,0
29288,yip,0
29289,yoga,0
29290,yoghurt,0
29291,yogi,0
29292,yogurt,0
29293,yoke,0
29294,yolk,0
29295,yolks,0
29296,yom,0
29297,yon,0
29298,yonder,0
29299,yonkers,0
29300,yore,0
29301,york,0
29302,yorker,0
29303,yorkers,0
29304,you,0
29305,young,0
29306,younger,0
29307,youngest,0
29308,youngs,0
29309,youngster,0
29310,your,0
29311,yours,0
29312,yourself,0
29313,yous,0
29314,youth,0
29315,youthful,0
29316,youths,0
29317,yow,0
29318,yoyo,0
29319,yuan,0
29320,yucca,0
29321,yuck,0
29322,yuk,0
29323,yule,0
29324,yum,0
29325,yummy,0
29326,yup,0
29327,zack,0
29328,zag,0
29329,zaire,0
29330,zaman,0
29331,zander,0
29332,zany,0
29333,zap,0
29334,zapata,0
29335,zeal,0
29336,zealot,0
29337,zealots,0
29338,zealous,0
29339,zebra,0
29340,zebras,0
29341,zed,0
29342,zee,0
29343,zeitgeist,0
29344,zenith,0
29345,zephyr,0
29346,zeppelin,0
29347,zero,0
29348,zeroes,0
29349,zeros,0
29350,zest,0
29351,zeta,0
29352,zig,0
29353,zigzag,0
29354,zillion,0
29355,zinc,0
29356,zine,0
29357,zing,0
29358,zip,0
29359,zipped,0
29360,zipper,0
29361,zippers,0
29362,zipping,0
29363,zippy,0
29364,zips,0
29365,zircon,0
29366,zirconia,0
29367,zodiac,0
29368,zombie,0
29369,zombies,0
29370,zona,0
29371,zonal,0
29372,zone,0
29373,zoned,0
29374,zones,0
29375,zoning,0
29376,zoo,0
29377,zooey,0
29378,zoologist,0
29379,zoology,0
29380,zoom,0
29381,zoomed,0
29382,zooming,0
29383,zooms,0
29384,zoos,0
29385,zorro,0
29386,zucchini,0
29387,zulu,0
